chapter_id,book_id,book,chapter_index,section_number,section_label,start_line,end_line,paragraphs,words,summary
B01C001,B01,Adi Parva,1,1,I,267,1040,46,7508,"The frame story opens. The bard Sauti arrives at the forest of Naimisha, where sages are gathered at a long sacrifice, and is asked to tell them the Mahabharata as Vaishampayana first recited it at King Janamejaya's snake sacrifice. He praises its source, tells how Vyasa composed it and how Ganesha wrote it down, and lists what it contains. He then retells, through Dhritarashtra's lament to Sanjaya, the whole course of the war, and Sanjaya consoles the blind king that fate is the work of Time. The chapter ends with the merit of hearing the epic and why it is called the Great Bharata."
B01C002,B01,Adi Parva,2,2,II,1042,1879,33,8650,"The sages ask about the place called Samanta-panchaka and the word Akshauhini. Sauti explains how Parashurama's slaughter of the warrior class created five blood-lakes there, which later became the Kurukshetra battlefield, and he defines an Akshauhini as a vast army unit. He then gives a contents list (Parva-sangraha) of all eighteen books of the epic, with the number of sections and verses in each, and ends by praising the merit of hearing the Bharata."
B01C003,B01,Adi Parva,3,3,III,1881,2539,50,6141,"Sauti begins the Paushya section. King Janamejaya's brothers beat a dog, the son of the divine bitch Sarama, and she curses the family. To cleanse the curse Janamejaya appoints a priest. Then comes a chain of teacher-and-pupil stories about Ayoda-Dhaumya's disciples Aruni, Upamanyu and Veda, and Veda's pupil Utanka. Utanka fetches Queen Paushya's earrings as a gift for his teacher's wife, fights the serpent king Takshaka who steals them, and wins them back. He then urges Janamejaya to avenge his father Parikshit's death by a snake sacrifice, which plants the seed of the whole frame story."
B01C004,B01,Adi Parva,4,4,IV,2541,2581,3,342,"Back in the Naimisha forest, Sauti offers to tell more tales. The sages ask him to wait until their leader Saunaka finishes his rites. Saunaka arrives and sits down to question him."
B01C005,B01,Adi Parva,5,5,V,2583,2693,11,884,"Saunaka asks Sauti to tell the history of the Bhrigu family. Sauti traces Bhrigu's descendants down to Sunaka and begins the story of why Bhrigu's son was named Chyavana. A demon named Puloma finds Bhrigu's pregnant wife Puloma alone, and the fire god Agni, forced to speak truthfully, confirms that she is Bhrigu's lawful wife."
B01C006,B01,Adi Parva,6,6,VI,2695,2745,5,406,"The Rakshasa turns into a boar and carries Puloma off, but her unborn child drops from the womb with such fiery power that the demon is burnt to ashes. The child is named Chyavana (the one who fell). Her tears become the river Vadhusara. When Bhrigu learns that Agni identified her, he curses Agni to eat everything."
B01C007,B01,Adi Parva,7,7,VII,2747,2840,6,900,"Agni protests the curse, saying he only told the truth and that he carries offerings to gods and ancestors. He withdraws from the world, stopping all rites. The gods and sages go to Brahma, who softens the curse: only the flame in Agni's lowest parts will devour everything, and whatever Agni burns becomes pure. Agni agrees and rites resume."
B01C008,B01,Adi Parva,8,8,VIII,2842,2913,5,646,"The line of Bhrigu continues: Chyavana's son Pramati has a son, Ruru. The Apsara Menaka leaves her baby daughter by the river, and the sage Sthulakesa raises her as Pramadvara. Ruru falls in love and is betrothed to her, but days before the wedding she steps on a snake and dies. The sages gather around her and weep, and Ruru withdraws in grief."
B01C009,B01,Adi Parva,9,9,IX,2915,2999,9,647,"Ruru weeps in the forest and offers his own merit to bring Pramadvara back. A heavenly messenger says she can live if Ruru gives her half his lifespan. Dharma, the judge of the dead, agrees, and she revives. They marry, but Ruru, bitter about the snakebite, vows to kill every snake. One day he lifts his staff to kill an old Dundubha snake, which asks why."
B01C010,B01,Adi Parva,10,10,X,3001,3038,5,245,Ruru says his wife died of a snakebite so he has sworn to kill all snakes. The Dundubha answers that harmless Dundubhas are snakes only in name and should not be killed. Ruru spares it and asks who it is. The snake says it was once a sage named Sahasrapat and was cursed into this shape.
B01C011,B01,Adi Parva,11,11,XI,3040,3089,4,441,"Sahasrapat explains: as a joke he scared his friend, the ascetic Khagama, with a toy snake made of grass, and Khagama cursed him to become a harmless snake until he met Ruru. Seeing Ruru frees him and he regains his human form. He tells Ruru that sparing life is the highest duty of a Brahmana, that a Brahmana should not take life, and promises the story of the snake sacrifice and Astika."
B01C012,B01,Adi Parva,12,12,XII,3091,3121,5,148,"Ruru asks why Janamejaya wanted to destroy the serpents and how Astika saved them. The sage says Brahmanas will tell him this, then vanishes. Ruru searches for him in vain, faints, recovers and asks his father, who tells him the story."
B01C013,B01,Adi Parva,13,13,XIII,3123,3229,13,746,"The Astika section opens. Saunaka asks why Janamejaya wanted to kill snakes and how Astika saved them. Sauti begins with Astika's father, the ascetic Jaratkaru, who finds his ancestors hanging head down over a pit because he has no children. They tell him to marry and have a son. Jaratkaru agrees on the condition that the bride share his name and be offered freely."
B01C014,B01,Adi Parva,14,14,XIV,3231,3261,4,186,"Jaratkaru searches for a wife and finds none. In the forest he prays aloud for a bride, and the serpent king Vasuki offers his sister, whose name is also Jaratkaru. The sage accepts and marries her."
B01C015,B01,Adi Parva,15,15,XV,3263,3307,5,301,"The serpents' mother had cursed them to be burnt in Janamejaya's sacrifice, and Vasuki married off his sister to prevent that. Their son Astika grew up wise and later saved the serpents at the sacrifice. Jaratkaru paid his debts to the gods, sages and ancestors, his ancestors went to heaven, and he later died. Sauti asks what to tell next."
B01C016,B01,Adi Parva,16,16,XVI,3309,3374,6,531,"Saunaka asks Sauti to retell the Astika story from the beginning. Sauti starts with Kasyapa's two wives, the sisters Kadru and Vinata. Kadru is granted a thousand snake sons and Vinata two stronger sons. After five hundred years, Vinata impatiently breaks one egg and the half-formed son Aruna curses her to become a slave, with the other son Garuda as her eventual rescuer. Aruna becomes the sun's charioteer, and Garuda hatches and flies off in search of food."
B01C017,B01,Adi Parva,17,17,XVII,3376,3420,5,295,"The two sisters see the splendid horse Uchchaihsravas, born when the gods churned the ocean. Saunaka asks why the ocean was churned. Sauti begins describing the golden Mount Meru, where the gods met, anxious for the nectar of immortality, and Narayana told Brahma that the gods and Asuras should churn the ocean."
B01C018,B01,Adi Parva,18,18,XVIII,3422,3537,11,967,"The gods prepare to churn the ocean. Ananta uproots Mount Mandara, a tortoise carries it on his back, and the serpent Vasuki serves as the rope, with Asuras at his head and gods at his tail. Destruction and fire follow, put out by Indra's rain. Tired, the gods ask Narayana for strength. The moon, Lakshmi, Soma, the white horse, the Kaustubha jewel, Dhanwantari with the nectar, and the elephant Airavata rise, then the deadly poison Kalakuta, which Siva swallows and so gets a blue throat. Narayana then takes the form of an enchanting woman and gets the nectar from the Asuras."
B01C019,B01,Adi Parva,19,19,XIX,3539,3636,8,829,"The Asuras attack, but Vishnu as the enchantress takes the nectar, and the gods drink it. The demon Rahu drinks among them in disguise, and Vishnu cuts off his head, which is why Rahu's head still swallows the sun and moon in eclipses. A huge battle follows on the sea shore; Vishnu's discus Sudarsana kills thousands, Nara breaks the hurled mountains with arrows, and the Asuras flee into the earth and sea. The gods put Mandara back and give the nectar to Narayana to keep."
B01C020,B01,Adi Parva,20,20,XX,3638,3689,4,427,"Sauti finishes the churning story and returns to the sisters. Kadru and Vinata bet on the colour of the horse Uchchaihsravas: Vinata says it is white, Kadru says its tail is black, and the loser will be a slave. Kadru orders her snake sons to turn into black hairs on the tail, but they refuse, so she curses them to burn in Janamejaya's sacrifice. Brahma approves the curse, since the snakes are poisonous and harm creatures, and tells Kasyapa not to grieve, giving him the knowledge to neutralise poison."
B01C021,B01,Adi Parva,21,21,XXI,3691,3748,4,503,"The next morning the sisters set out to see the horse and pass over the ocean. The chapter is a long poetic description of the sea: its depth, creatures, gems, rivers pouring in, its use as Vishnu's bed, and the place where the Asuras hide."
B01C022,B01,Adi Parva,22,22,XXII,3750,3801,5,313,"The snakes decide to obey their mother so as not to lose her favour and become hairs on the horse's tail. The sisters fly over the ocean to see the horse, with another description of the sea."
B01C023,B01,Adi Parva,23,23,XXIII,3803,3906,7,962,"Kadru and Vinata reach the horse. It is white except for black hairs in the tail, so Vinata loses and becomes Kadru's slave. Garuda hatches by himself, blazing so brightly that the gods fear him to be fire. Agni explains he is Vinata's son Garuda. The gods approach and praise Garuda at length as the supreme one, asking him to reduce his brilliance, and he does so."
B01C024,B01,Adi Parva,24,24,XXIV,3908,3982,9,560,"Garuda shrinks his body, carries his brother Aruna to the east and sets him in front of the sun. Sauti explains why: Surya had been angry at Rahu's enmity after he exposed Rahu, and resolved to burn the world. Brahma arranged for Aruna to be Surya's charioteer and shield the world from his heat."
B01C025,B01,Adi Parva,25,25,XXV,3984,4038,3,540,"Garuda goes to his mother Vinata, who is Kadru's slave. Kadru orders Vinata to carry her to a snake island, and Garuda carries the snakes. As he flies up toward the sun, the heat scorches the snakes. Kadru prays to Indra with a long hymn, asking him to save them with rain."
B01C026,B01,Adi Parva,26,26,XXVI,4040,4074,4,221,"Indra answers Kadru's prayer and sends storm clouds that pour rain, shielding the snakes and cooling the earth. They reach the island of Ramaniyaka safely."
B01C027,B01,Adi Parva,27,27,XXVII,4076,4136,6,463,"The snakes enjoy the beautiful forested island, then order Garuda to take them to another island. Garuda asks his mother why he must serve the snakes, and Vinata tells him of her wager and enslavement. Garuda asks the snakes what price will free them. They say: bring the nectar of immortality by force."
B01C028,B01,Adi Parva,28,28,XXVIII,4138,4203,4,620,"Garuda tells his mother he will fetch the nectar and asks what to eat on the way. Vinata sends him to the Nishadas (fisher tribe) living by the sea, but warns him never to kill a Brahmana, whom she says is like fire, and gives him signs to recognise one: a Brahmana will burn his throat and not be digested. She blesses him. Garuda attacks the Nishadas, stirring up dust, and swallows thousands of them."
B01C029,B01,Adi Parva,29,29,XXIX,4205,4336,10,1180,"A Brahmana and his Nishada wife are swallowed in Garuda's throat and burn it. Garuda lets them out. He tells his father Kasyapa he is still hungry. Kasyapa shows him a lake where an elephant and a tortoise, who were once brothers named Supritika and Vibhavasu, fight each other because they cursed each other over a quarrel about inheritance. He tells Garuda to eat them and bless him for the fight with the gods. Garuda seizes them and lands on a huge banyan tree, whose branch breaks."
B01C030,B01,Adi Parva,30,30,XXX,4338,4482,10,1324,"The broken branch holds the Valakhilya sages hanging head down. Garuda catches it in his beak to save them, gets his name for carrying such a load, and flies to Kasyapa on Mount Gandhamadana. Kasyapa persuades the sages to leave the branch and they go to the Himalayas. Garuda drops the branch on a deserted snowy peak and eats the elephant and tortoise. Meanwhile bad omens appear in heaven. Indra's teacher Vrihaspati explains that Garuda is coming for the nectar, and the gods arm and guard it."
B01C031,B01,Adi Parva,31,31,XXXI,4484,4597,11,946,"Saunaka asks how Garuda came to be born. Sauti tells how Indra, carrying logs for Kasyapa's sacrifice, laughed at the tiny Valakhilya sages struggling with a leaf-stalk. Angered, they performed a rite to create a rival Indra. Indra begged Kasyapa for help, and Kasyapa persuaded the sages to let the new Indra be a lord of birds, Kasyapa's own son. Vinata then bore Aruna and Garuda, and Indra was warned never to insult Brahmanas again."
B01C032,B01,Adi Parva,32,32,XXXII,4599,4671,6,638,"Garuda fights the gods who guard the nectar. He defeats the craftsman god Viswakarma, blinds the gods with dust, and fights off Indra's attacks with talons and wings, causing them to flee in four directions. He kills several Yaksha guards, drinks rivers with many mouths to put out the fire ringing the nectar, and shrinks to enter."
B01C033,B01,Adi Parva,33,33,XXXIII,4673,4748,6,678,"Garuda passes through a razor-sharp spinning wheel, blinds and kills two fiery guardian snakes, and seizes the nectar without tasting it. Vishnu is pleased by his restraint and grants him the boons of immortality and a seat above him; Garuda becomes Vishnu's mount and emblem on his flag. Indra hurls his thunderbolt, but Garuda is unhurt and sheds a feather in respect, earning the name Suparna. Indra, impressed, asks for friendship and to know his strength."
B01C034,B01,Adi Parva,34,34,XXXIV,4750,4835,8,724,"Garuda and Indra become friends. Garuda boasts that he can carry the earth and all the worlds on a single feather. Indra asks for the nectar back, and Garuda says he will set it down so Indra can take it. As a favour Garuda asks that snakes become his food, which Indra grants. Garuda gives the snakes the nectar on kusa grass and tells them to bathe first; Indra takes it away. The snakes lick the grass and their tongues split. Garuda eats snakes, and Sauti closes with the blessing for hearing this tale."
B01C035,B01,Adi Parva,35,35,XXXV,4837,4913,18,296,"Saunaka asks for the names of the snakes. Sauti gives a list of the chief ones, starting with Sesha and Vasuki and naming dozens more, and says the rest are too many to name."
B01C036,B01,Adi Parva,36,36,XXXVI,4915,5020,13,742,"Saunaka asks what the snakes did after the curse. Sesha, the eldest, leaves his wicked brothers and performs severe penances. Brahma appears and offers a boon. Sesha asks only for a heart devoted to virtue. Brahma tells him to hold up the earth steady, and Sesha goes under the earth and bears it on his head. Brahma gives him Garuda as a helper."
B01C037,B01,Adi Parva,37,37,XXXVII,5022,5104,5,786,"Vasuki calls a council of snakes to find a way to cancel their mother's curse. Many plans are put forward: disguising themselves as Brahmana advisers, killing the priests, becoming rain clouds to put out the fire, stealing the sacrificial vessels, fouling the food, demanding fees, kidnapping or biting the king. The kinder snakes object that killing Brahmanas is wrong. Vasuki rejects all of them and says only the help of their father Kasyapa can save them."
B01C038,B01,Adi Parva,38,38,XXXVIII,5106,5155,3,485,"The snake Elapatra tells the council that the sacrifice cannot be stopped, but he overheard the gods asking Brahma why he allowed the curse. Brahma said only the wicked snakes would die and foretold that a sage named Jaratkaru would have a son Astika by Vasuki's sister, of the same name, and that Astika would stop the sacrifice. Elapatra advises Vasuki to give his sister to that sage when he comes asking."
B01C039,B01,Adi Parva,39,39,XXXIX,5157,5204,5,347,"The snakes cheer Elapatra's advice, and Vasuki raises his sister carefully. After the gods and Asuras churn the ocean using Vasuki as the rope, the gods ask Brahma to relieve his fear. Brahma confirms Elapatra's plan. Vasuki orders the snakes to watch Jaratkaru and report when he asks for a wife."
B01C040,B01,Adi Parva,40,40,XL,5206,5310,11,828,"Saunaka asks the meaning of the name Jaratkaru, and Sauti explains it: the sage wore down his large body by penance. Saunaka then asks how Astika was born. Sauti tells how King Parikshit, hunting a wounded deer, found a silent sage and, angered at his silence, hung a dead snake on his shoulder. The sage Samika did not curse him, but his young son Sringin hears of it from a companion, Krisa, and flares up in anger."
B01C041,B01,Adi Parva,41,41,XLI,5312,5394,7,701,"Sringin learns from Krisa what the king did. In rage he curses Parikshit to die within seven nights by Takshaka's bite. He tells his father, the sage Samika, who rebukes him: a king must be forgiven, as kings protect hermits and keep dharma. The king acted from hunger and ignorance of the vow of silence, so the curse was wrong."
B01C042,B01,Adi Parva,42,42,XLII,5396,5519,10,1087,"Sringin insists the curse cannot be unsaid. Samika advises peace and sends his pupil Gaurmukha to warn the king. Parikshit is sorry and builds a guarded tower on one pillar. On the seventh day, the physician Kasyapa heads to cure him if bitten. Takshaka, disguised as a Brahmana, meets him and says he will bite the king."
B01C043,B01,Adi Parva,43,43,XLIII,5521,5630,10,910,"Takshaka challenges Kasyapa to revive a banyan tree he burns with a bite. Kasyapa revives it from ashes. Takshaka then asks what Kasyapa wants from the king, offers more wealth, and warns that his skills may fail on a king cursed by a Brahmana. Kasyapa sees that the king's life has run out and takes the payment. Takshaka then sends snakes disguised as ascetics with gifts to the king. The king eats a fruit and finds a small worm in it, jokes that it should be Takshaka and puts it on his neck. It turns into Takshaka and bites him."
B01C044,B01,Adi Parva,44,44,XLIV,5632,5679,4,387,"The ministers flee as the palace blazes with poison and the king dies. His minor son is crowned Janamejaya. His ministers arrange his marriage to Vapushtama, daughter of the king of Kasi, and the young king lives happily with her."
B01C045,B01,Adi Parva,45,45,XLV,5681,5761,3,880,"The wandering sage Jaratkaru sees his ancestors hanging head down in a pit, held only by a thread of roots that a rat gnaws. He offers his merit to save them. They explain: they hang because they have no descendants; the thread is Jaratkaru himself, who practises only penance, and the rat is Time. They ask the stranger to tell Jaratkaru to marry and have a son, and ask who he is."
B01C046,B01,Adi Parva,46,46,XLVI,5763,5837,9,589,"Jaratkaru identifies himself as their son and asks what to do. He explains he had vowed to remain celibate but, after seeing them, will marry if he finds a bride of his own name who is offered freely and does not need support. He searches in vain, then calls out in the forest. The snakes watching him tell Vasuki, who brings his sister. Jaratkaru hesitates and asks her name and states he will not support her."
B01C047,B01,Adi Parva,47,47,XLVII,5839,5965,11,1124,"Vasuki says his sister bears the same name and he will maintain her. Jaratkaru marries her on the condition that he will leave if she ever does anything he dislikes. She conceives. One evening he sleeps with his head in her lap and sunset nears. Fearing the loss of his evening prayers, she wakes him. He is furious at the insult, says he will leave, and ignores her pleas, but tells her the child in her womb will be a great sage. He departs for more penance."
B01C048,B01,Adi Parva,48,48,XLVIII,5967,6035,6,586,"Jaratkaru's wife tells Vasuki what happened. He asks about the child because the snakes' hopes rest on it. She says her husband told her that a son would be born. Vasuki is relieved and honours her. The boy is born, studies the Vedas with Chyavana, and is named Astika (""there is"") for his father's words before leaving."
B01C049,B01,Adi Parva,49,49,XLIX,6037,6131,8,793,"Saunaka asks to hear again what Janamejaya asked his ministers about his father. Janamejaya asks how his father died. The ministers praise Parikshit as a just king who protected all classes and ruled for sixty years. They then tell how, hunting as an old man, he put a dead snake on a silent sage's shoulders."
B01C050,B01,Adi Parva,50,50,L,6133,6270,9,1321,"The ministers report how the sage Utanka was insulted by King Janamejaya's father, and how the sage's son Sringin cursed the king to die by Takshaka's poison. Takshaka kills the king in his mansion after Kasyapa, sent to save him, is paid off and turns back. Janamejaya hears the whole story from his ministers and resolves to avenge his father, which sets up the snake-sacrifice."
B01C051,B01,Adi Parva,51,51,LI,6272,6323,4,420,"Janamejaya, having heard that Takshaka killed his father, asks his priests for a way to burn the snake and his kin. The chief priest names the snake-sacrifice, a rite said to be known from the Puranas and possible only for the king to perform. Preparations begin with the sacrificial platform, but a builder warns that a Brahmana will obstruct the rite, so the king orders his gatekeepers to admit no one."
B01C052,B01,Adi Parva,52,52,LII,6325,6355,2,246,"The snake-sacrifice begins with priests in black garments pouring butter into the fire while calling out the names of the snakes. Snakes of every kind, young and old, fall into the flames by the hundreds of thousands. The scene shows the terrible effect of the rite on the snake race."
B01C053,B01,Adi Parva,53,53,LIII,6357,6429,6,616,"Saunaka asks who served as priests and assembly members at the snake-sacrifice, and Sauti lists the famous sages. As the rite goes on, snakes keep falling into the fire, and Takshaka flees to Indra, who promises to protect him. Vasuki, seeing his family dwindling, sends for his sister so that her son Astika can stop the sacrifice."
B01C054,B01,Adi Parva,54,54,LIV,6431,6533,11,777,"Jaratkaru tells her son Astika why she was given to his father: Kadru cursed her sons to burn in Janamejaya's sacrifice, and Brahman foretold that a Brahmana born of Jaratkaru would free the snakes. Astika promises Vasuki he will stop the sacrifice. He then enters the sacrificial compound and praises the king and the priests."
B01C055,B01,Adi Parva,55,55,LV,6535,6598,3,630,"Astika praises Janamejaya's sacrifice by comparing it with the great sacrifices of gods, sages and kings, and he praises the priests and Vyasa. The praise is the opening of his plea to stop the sacrifice. Janamejaya, noticing omens around him, turns to speak to the assembly."
B01C056,B01,Adi Parva,56,56,LVI,6600,6725,17,783,"Janamejaya offers Astika a boon, but the priests say Takshaka has not yet come into the sacrifice. The Ritwiks report that Takshaka is hiding with Indra, and when Indra is forced to release him, Takshaka is drawn toward the fire. At that moment Astika asks that the sacrifice end, and the king, unwilling at first, is urged by the assembly to grant the request."
B01C057,B01,Adi Parva,57,57,LVII,6727,6792,6,486,"Saunaka asks for the names of the snakes burned in the sacrifice, and Sauti says the number is too great to count. He names the chief snakes of several families, including the lines of Vasuki, Takshaka, Airavata, Kauravya and Dhritarashtra. He adds that their sons and grandsons were burned too, which shows how vast the destruction was."
B01C058,B01,Adi Parva,58,58,LVIII,6794,6904,12,822,"Janamejaya is puzzled that Takshaka still hangs in the air, though Astika had told him to stay. The king grants Astika's boon, ends the sacrifice, rewards the priests and Lohitaksha, and sends Astika home. The grateful snakes promise protection to anyone who recalls Astika's deed, and Astika later goes to heaven. Sauti closes by saying the recital banishes fear of snakes."
B01C059,B01,Adi Parva,59,59,LIX,6906,6946,5,252,"Saunaka asks Sauti to recite the history composed by Vyasa, which Vyasa had recited at Janamejaya's sacrifice. Sauti says the Brahmanas spoke on many Vedic subjects in the intervals, but Vyasa recited the great Bharata. Sauti agrees to tell the Mahabharata from its beginning. This short chapter is the frame that opens the main epic."
B01C060,B01,Adi Parva,60,60,LX,6948,7018,6,566,"Vyasa, the grandfather of the Pandavas, arrives at Janamejaya's sacrifice and is welcomed with honour. Janamejaya asks him why the Kurus and Pandavas fought their great war. Vyasa tells his disciple Vaisampayana to recite the whole history to the king and the assembly."
B01C061,B01,Adi Parva,61,61,LXI,7020,7171,9,1453,"Vaisampayana begins the history by explaining the quarrel, which started when Duryodhana plotted against the Pandavas after their father's death, using poison, drowning and a lac house. The Pandavas escape, win Draupadi, and settle Khandavaprastha, but a dice game with Duryodhana sends them into exile. The chapter ends with the great war, in which the Kauravas lose their kingdom and Duryodhana is slain."
B01C062,B01,Adi Parva,62,62,LXII,7173,7300,5,1332,"Janamejaya asks for the full story rather than a summary, and wants to know why the Pandavas endured the Kurus' wrongs without fighting back. Vaisampayana agrees, and before starting he praises the Bharata at length: its size, the merit it brings to those who recite or hear it, and Vyasa's purpose in composing it. He says the work also covers gods, sages and kings, so it is the place to learn about every subject worth knowing."
B01C063,B01,Adi Parva,63,63,LXIII,7302,7637,21,3286,"Vaisampayana traces the origins of the great families, starting with King Vasu, whose seed, carried by a hawk, is swallowed by a fish and produces the twins Matsya and Satyavati. Satyavati later bears Vyasa to the sage Parasara, and Vyasa arranges the Vedas and teaches this history to his disciples. The chapter then lists the births of the heroes of both sides, including Bhishma, Vidura, the Pandavas, the Kauravas and their allies, who meet in the great battle."
B01C064,B01,Adi Parva,64,64,LXIV,7639,7781,7,1448,"Janamejaya asks why these great warriors were born on earth. Vaisampayana explains that after Parasurama cleared the earth of Kshatriyas, a golden age returned, but then Asuras reborn as proud kings oppressed the world. The earth appealed to Brahman, who sent the gods down to be born on earth, and Narayana agreed to descend as well."
B01C065,B01,Adi Parva,65,65,LXV,7783,7923,9,1173,"Vaisampayana describes the births of gods and other beings, starting with Brahman's sons, Kasyapa, and the daughters of Daksha who became the mothers of most creatures. He names the Adityas, the sons of Diti and Danu who became Asuras, the children of Sinhika, Krodha, Kala, Vinata and Kadru, including Garuda and the Nagas, and the Gandharvas and Apsaras. He ends by saying that reading this account brings long life, progeny and fame."
B01C066,B01,Adi Parva,66,66,LXVI,7925,8112,9,1897,"Vaisampayana continues the genealogy of creation, naming Brahman's sons, the Rudras, the Vasus, Dharma's sons, and Daksha's daughters, who were married to Dharma, Soma and Kasyapa. He traces the Bhrigu line through Sukra, Chyavana, Aurva and Parasurama, and lists the animals and beings born of Tamra, Krodha, Surabhi and others. The chapter closes by saying that hearing this genealogy cleanses sins and brings knowledge."
B01C067,B01,Adi Parva,67,67,LXVII,8114,8461,10,3868,"Vaisampayana lists the earthly rebirths of gods, Asuras and other beings, naming kings such as Jarasandha, Sisupala and Salya, and the heroes of the story, including Bhishma, Drona, Kripa, Sakuni, Dhritarashtra, Pandu and Vidura. He then names the hundred sons of Dhritarashtra and their sister, and describes the Pandavas and Draupadi as portions of gods and goddesses, with Soma's prophecy about Abhimanyu. The chapter closes with the birth of Karna to Kunti and Surya and the births of the Yadu family, so the cast of the story is set."
B01C068,B01,Adi Parva,68,68,LXVIII,8463,8512,4,430,"Janamejaya asks Vaisampayana to tell the Kuru dynasty from its beginning. Vaisampayana starts with King Dushmanta, founder of the Paurava line, who rules the four quarters of the earth. His reign is described as prosperous and virtuous, with no fear of theft, famine or disease."
B01C069,B01,Adi Parva,69,69,LXIX,8514,8598,5,811,"Janamejaya asks for the story of Bharata's birth, Sakuntala's origin, and how Dushmanta won her. Vaisampayana describes Dushmanta setting out for the forest with a great army, cheered by the women of the city. His hunt there drives away the animals, and the forest is left empty."
B01C070,B01,Adi Parva,70,70,LXX,8600,8743,6,1448,"After his hunt, Dushmanta crosses a barren plain and reaches a lovely forest beside the river Malini. He finds a hermitage of the sage Kanwa, of the race of Kasyapa, filled with Vedic chanting and learned Brahmanas. He leaves his army at the forest edge and enters with only his minister and priest, which sets up his meeting with Sakuntala."
B01C071,B01,Adi Parva,71,71,LXXI,8745,8864,7,1191,"Dushmanta finds Kanwa's hermitage empty, and a maiden appears who says she is Kanwa's daughter and that her father has gone to fetch fruit. Dushmanta is struck by her beauty, but doubts that a sage who has kept his vows could have a child. Sakuntala replies that she will explain, and begins with the story of her birth, which starts with Indra's fear of the sage Viswamitra and his sending of Menaka."
B01C072,B01,Adi Parva,72,72,LXXII,8866,8919,3,518,"Sakuntala reports the rest of Kanwa's account. Menaka tempts Viswamitra, and their union produces a daughter, whom Menaka leaves on a river bank. Vultures guard the infant until Kanwa finds her, adopts her, and names her Sakuntala after the birds, and Sakuntala says she regards Kanwa as her father."
B01C073,B01,Adi Parva,73,73,LXXIII,8921,9029,11,875,"Dushmanta proposes marriage to Sakuntala in the Gandharva form, a union by mutual consent, and lists the eight forms of marriage. She agrees on the condition that the son born of their union becomes heir-apparent, and they marry before he returns to his capital. Kanwa, returning, knows all and approves the union, blessing the son to come, and Sakuntala asks for a boon that the Paurava kings stay virtuous and keep their thrones."
B01C074,B01,Adi Parva,74,74,LXXIV,9031,9342,7,3645,"Sakuntala brings her grown son to Dushmanta and asks him to keep his promise and install the boy as heir. Dushmanta denies knowing her and insults her birth, and Sakuntala answers with a long speech on the duties of husbands and fathers and on the power of truth, before threatening to leave. A voice from heaven then declares the boy to be Dushmanta's son, the king names him Bharata and installs him, and the Bharata line begins its glory."
B01C075,B01,Adi Parva,75,75,LXXV,9344,9485,6,1466,"Vaisampayana recites the royal genealogy from Daksha through Manu and Pururavas, whose arrogance toward the Brahmanas brings his destruction by their curse. He then tells of Nahusha and his son Yayati, who asks his sons to take his old age, and only the youngest, Puru, agrees. Yayati enjoys Puru's youth but finds his desires unsatisfied, so he returns the youth and names Puru his heir, then retires to the mount of Bhrigu and dies."
B01C076,B01,Adi Parva,76,76,LXXVI,9487,9721,16,2258,"Janamejaya asks how Yayati won Sukra's daughter, and Vaisampayana turns to the war between gods and Asuras. The gods send Kacha, son of Vrihaspati, to learn the reviving science from Sukra, and Kacha wins Devayani's affection, but the Danavas kill him three times. After the last killing, Kacha escapes from Sukra's stomach, revives Sukra, and Sukra then curses Brahmanas who drink wine."
B01C077,B01,Adi Parva,77,77,LXXVII,9723,9798,6,660,"Kacha's vow ends and he prepares to return to the gods, but Devayani asks him to marry her. He refuses, saying she is his preceptor's daughter and that he regards her as a sister. Devayani curses that his knowledge will not bear fruit, and he answers that no son of a Rishi will marry her, and that his knowledge will bear fruit only in those he teaches. The gods praise his achievement on his return."
B01C078,B01,Adi Parva,78,78,LXXVIII,9800,9930,10,1177,"After Kacha brings back his science, Indra, as wind, mixes up the clothes of bathing maidens, and Sarmishtha takes Devayani's garment by mistake. Their quarrel ends with Sarmishtha throwing Devayani into a well, where King Yayati finds her and raises her out. Devayani sends for her father Sukra, who is told of the insult and calms her with words about his own power."
B01C079,B01,Adi Parva,79,79,LXXIX,9932,9971,2,368,"Sukra counsels Devayani that the man who controls his anger and forgives insults is the true victor. Devayani replies that a disciple's insolence should never be forgiven and that she will not live in a land where bad conduct is tolerated. She says the insults burn her like fire, and that for her death would be better than such shame."
B01C080,B01,Adi Parva,80,80,LXXX,9973,10089,15,759,"Sukra, angered by the mistreatment of his daughter, announces he will leave the Asuras. Vrishaparvan begs him to stay and offers him all the Asura wealth, but Sukra says he cannot bear his daughter's grief. Devayani then demands that Sarmishtha and a thousand maids serve her, and Sarmishtha, though insulted, agrees, so Sukra returns to the Asura capital."
B01C081,B01,Adi Parva,81,81,LXXXI,10091,10214,11,1039,"Devayani and Sarmishtha, with a thousand maids, are in the woods when Yayati comes by, tired and thirsty. After the two women tell him who they are, Devayani chooses Yayati as her husband, though he says a Brahmana must be feared more than a snake or fire. Sukra arrives and gives Devayani to Yayati, absolving him of the sin of a mixed marriage and forbidding him to take Sarmishtha to his bed, and the marriage is performed."
B01C082,B01,Adi Parva,82,82,LXXXII,10216,10306,7,804,"Yayati brings Devayani home and sets up Sarmishtha in a separate mansion. When Devayani bears a son, Sarmishtha, anxious to have a child herself, approaches the king. She argues that a lie is excusable in such matters and that Yayati is her husband too, and he, bound by his vow to grant requests, yields, and she bears a son."
B01C083,B01,Adi Parva,83,83,LXXXIII,10308,10439,11,1148,"Devayani learns that Sarmishtha has a child and is jealous. Sarmishtha claims the father is a Rishi, but Devayani later finds Sarmishtha's three sons playing with Yayati in the woods and learns the truth. Devayani angrily goes to her father Sukra, who curses Yayati with sudden old age, and Yayati begs for relief."
B01C084,B01,Adi Parva,84,84,LXXXIV,10441,10547,9,893,"Yayati, aged by Sukra's curse, asks his eldest son Yadu to exchange youth for his decrepitude. Yadu refuses and is cursed, and Turvasu, Drahyu and Anu do the same. Only Puru agrees to take his old age, and Yayati transfers his decrepitude to him."
B01C085,B01,Adi Parva,85,85,LXXXV,10549,10656,7,1001,"With Puru's youth, Yayati enjoys life for a thousand years, then realises that desire is never satisfied and returns the youth. The four orders object to passing over the elder sons, but Yayati explains that Puru alone obeyed him, and the people agree to crown Puru. Yayati then retires to the forest, and the peoples descended from his sons are named."
B01C086,B01,Adi Parva,86,86,LXXXVI,10658,10715,5,482,"Yayati, having crowned Puru, lives in the forest, ascends to heaven, and is later hurled down by Indra, though he remains in the sky and later returns to the celestials. Janamejaya asks why Yayati fell and how he regained heaven, and Vaisampayana agrees to tell the full story."
B01C087,B01,Adi Parva,87,87,LXXXVII,10717,10775,6,439,"Yayati lives in heaven, honoured by the gods, and visits the region of Brahman. When Indra asks what he told Puru on handing over the kingdom, Yayati recites his counsel: rule the land between the Ganga and Yamuna, be forgiving, avoid harsh speech, and follow the wise."
B01C088,B01,Adi Parva,88,88,LXXXVIII,10777,10828,3,477,"Indra tells Yayati that his virtue has diminished because he disregards his superiors and equals, so he must fall from heaven. Yayati asks to fall among the virtuous, and Indra agrees. As Yayati falls, the royal sage Ashtaka sees him and welcomes him into a gathering of the wise, where he is safe."
B01C089,B01,Adi Parva,89,89,LXXXIX,10830,10922,5,900,"Falling from heaven, Yayati introduces himself to the sages and explains that he did not greet them first because he is older. He reflects that destiny rules all, that the wise should neither exult nor grieve, and that all beings return to the Supreme Soul. When Ashtaka, his grandson through a daughter, asks where he has been, Yayati recounts his long stay in the heavens and the celestial warning that brought his fall."
B01C090,B01,Adi Parva,90,90,XC,10924,11050,11,1052,"Ashtaka questions Yayati about the afterlife. Yayati says that boasters suffer in the earth-hell, that a fallen being is reborn through the womb from a subtle seed of water, and that the dead keep their memories and enter new forms. He ends by listing the seven gates to heaven, all of which vanity destroys, and says that knowledge without humility does not lead to Brahma."
B01C091,B01,Adi Parva,91,91,XCI,11052,11138,7,705,"Ashtaka asks how the four stages of life should be lived, and Yayati outlines the duties of the student, householder, mendicant and forest-dweller. Ashtaka then asks how many kinds of Munis there are, and Yayati explains that a Muni is one who is detached and content, whether he lives in the woods or in a village."
B01C092,B01,Adi Parva,92,92,XCII,11140,11251,13,827,"Ashtaka asks whether the ascetic or the man of knowledge first reaches Brahman, and Yayati says the wise attain it first by knowledge. Yayati then says he is falling into the earth-hell, and Ashtaka offers him the heavenly regions he has earned. Yayati refuses to accept gifts he has not earned, and Pratardana then offers his worlds too."
B01C093,B01,Adi Parva,93,93,XCIII,11253,11400,21,924,"Vasumat and Sivi each offer Yayati the heavenly worlds they have earned, and Yayati refuses to take gifts he has not earned, although Vasumat offers to let him buy them for a straw. Ashtaka and the others then board five golden cars, and the company sets out for heaven, with Sivi ahead as the most generous. Yayati identifies himself and recounts his gifts and truthfulness, and the chapter closes with his ascent, rescued by his descendants."
B01C094,B01,Adi Parva,94,94,XCIV,11402,11550,6,1505,"Janamejaya asks for the histories of the kings descended from Puru, and Vaisampayana traces the line from Puru's sons through Dushmanta and Bharata. The Panchalas defeat the Bharatas and drive Samvarana into exile until the sage Vasishtha restores him. The line then runs through Kuru, Kurukshetra, Pratipa and Santanu."
B01C095,B01,Adi Parva,95,95,XCV,11552,11680,11,1052,"Janamejaya asks for the full genealogy from Manu, and Vaisampayana recites it from Daksha and Aditi through Yayati, Puru and Janamejaya's own line. The line runs through Dushmanta and his son Bharata, who gave the family its name, to Hastinapura, Kuru and Santanu. The chapter gives Janamejaya a full account of his ancestry."
B01C096,B01,Adi Parva,96,96,XCVI,11682,11874,10,1856,"The chapter traces Santanu's line through his son Bhishma and Satyavati's sons, then through Pandu's curse and the birth of the five Pandavas to Kunti and Madri. It lists the Pandavas' troubles with Duryodhana, their marriages and children, and ends with the rebirth of Parikshit. It then turns to King Mahabhisha, cursed by Brahman for staring at Ganga, who asks to be reborn to Pratipa, while Ganga agrees to bear the Vasus as her children."
B01C097,B01,Adi Parva,97,97,XCVII,11876,11964,5,900,"Ganga appears to the ascetic-king Pratipa as a maiden and asks him to take her as his wife. Pratipa refuses on grounds of his vow, but offers her as wife to his future son, and she agrees on condition that Santanu never judge her acts. Pratipa later retires to the woods, and Santanu, out hunting by the Ganges, falls in love with Ganga and asks her to marry him."
B01C098,B01,Adi Parva,98,98,XCVIII,11966,12028,2,670,"Ganga agrees to marry Santanu on condition that he never interfere with her acts or speak to her harshly, and he keeps his promise. She drowns each of their first seven sons at birth, and the king's silence breaks only when the eighth is threatened. Ganga reveals that she bore the eight Vasus and freed them from their curse, then leaves, giving the eighth child to Santanu to rear as Gangadatta."
B01C099,B01,Adi Parva,99,99,XCIX,12030,12152,10,1112,"Santanu asks why the Vasus were cursed to be born among men, and Ganga explains that the sage Vasishtha, also called Apava, cursed them after they stole his wish-granting cow Nandini. Dyu, who took the cow to please his wife, must live on earth for a time and remain childless, and the Vasus were freed when Ganga drowned them at birth. Ganga then takes her son away, and Santanu returns home sorrowful."
B01C100,B01,Adi Parva,100,100,C,12154,12423,13,2828,"Santanu's virtuous reign is praised, and Ganga returns his grown son Devavrata, who becomes heir. Santanu falls in love with a fisherman's daughter, but the fisherman demands that her son be made heir, which Santanu cannot promise. Devavrata renounces the throne and vows lifelong celibacy, earns the name Bhishma, and Santanu grants him the power to choose the time of his death."
B01C101,B01,Adi Parva,101,101,CI,12425,12462,2,328,"Santanu marries Satyavati, and their sons Chitrangada and Vichitravirya are born, after which Santanu dies. Chitrangada is later slain in a battle with a Gandharva of the same name, and Bhishma crowns the young Vichitravirya, who obeys him."
B01C102,B01,Adi Parva,102,102,CII,12464,12627,5,1766,"Bhishma, acting for his half-brother Vichitravirya, carries off the three princesses of Kasi at their swayamvara, defeating the assembled kings and sparing the defeated Salya. He lets the eldest, Amba, go to the king she had loved, and marries Ambika and Ambalika to Vichitravirya, who dies of disease after seven years. Bhishma then arranges his funeral rites."
B01C103,B01,Adi Parva,103,103,CIII,12629,12697,3,675,"Satyavati, grieving for her son, asks Bhishma to raise children on his brother's widows to continue the line. Bhishma refuses, saying he will not give up his vow of truth, and that a Kshatriya must not break truth. He promises to suggest another remedy for the line's extinction."
B01C104,B01,Adi Parva,104,104,CIV,12699,12838,7,1435,"To persuade Satyavati, Bhishma tells how Parashurama emptied the earth of Kshatriyas, and how Kshatriya women then bore children to Brahmanas. He recounts the story of Dirghatamas, born blind after Brihaspati ignored the unborn child's protest, who was later cast into the Ganges, rescued by King Vali, and fathered sons on Vali's wife and her nurse. Bhishma concludes that the Kshatriya line has often been continued by seed from Brahmanas."
B01C105,B01,Adi Parva,105,105,CV,12840,12992,10,1429,"Bhishma proposes that a Brahmana be paid to raise children on Vichitravirya's widows. Satyavati reveals that her son Vyasa, born to the sage Parashara before her marriage, can do it, and Bhishma approves. Vyasa agrees on condition that the women keep a year-long vow, and after Satyavati persuades one of the widows, the princess of Kosala, to accept him, the plan goes ahead."
B01C106,B01,Adi Parva,106,106,CVI,12994,13079,5,832,"The princess of Kosala, Vichitravirya's eldest widow, shuts her eyes in fear of Vyasa and bears a blind son, Dhritarashtra. Ambalika turns pale at his sight and bears Pandu, who is pale in complexion. A third widow sends a maidservant, who bears Vidura, a son who is wise and fortunate."
B01C107,B01,Adi Parva,107,107,CVII,13081,13127,3,418,"Janamejaya asks what the god of justice did to be cursed to be born in the Sudra caste, and by which Brahmana. Vaisampayana tells of the sage Mandavya, who sat silent under a tree while thieves hid their loot in his hermitage. The officers impaled him as a thief, and the sage survived, and other sages came to him in the form of birds to ask what sin he had committed."
B01C108,B01,Adi Parva,108,108,CVIII,13129,13189,4,576,"Mandavya, still alive on the stake, forgives the king and is known from then on as Ani-Mandavya, the sage with the stake in him. He goes to the god of justice and asks what sin he committed, and the god says it was pricking an insect as a child. Mandavya rules that a child's offence is no sin, and curses the god of justice to be born a Sudra, which is how Vidura came to be born."
B01C109,B01,Adi Parva,109,109,CIX,13191,13254,2,652,"After the three sons are born, the Kuru land prospers in a golden age, with good harvests, honest people and a splendid capital. Bhishma raises Dhritarashtra, Pandu and Vidura as his own sons, and each excels in a different art. Pandu becomes king, since Dhritarashtra is blind and Vidura is born of a Sudra woman, and Bhishma then turns to Vidura for counsel on family matters."
B01C110,B01,Adi Parva,110,110,CX,13256,13305,3,438,"Bhishma proposes marriages for the Kuru princes, naming three noble maidens of pure blood, and Vidura defers to him. Bhishma hears that Gandhari, daughter of Suvala, has a boon of a hundred sons from Siva, and arranges her marriage to the blind Dhritarashtra. Gandhari blindfolds herself out of devotion to her husband, and her brother Sakuni brings her to Hastinapura, where she serves the family faithfully."
B01C111,B01,Adi Parva,111,111,CXI,13307,13395,5,847,"Pritha, the daughter of Sura, is given to Kuntibhoja, and Durvasa gives her a mantra to summon any god. Testing it as a maiden, she summons the Sun, who fathers Karna, and she abandons the child in the water. Karna is raised by Radha and her husband, and later gives his natural armour to Indra in disguise, earning the name Karna for cutting it away."
B01C112,B01,Adi Parva,112,112,CXII,13397,13432,2,300,"Pritha, now called Kunti, has no suitors, so her father holds an assembly at which she may choose her husband. She chooses Pandu, the Kuru prince, and they are married with the rites and return to Hastinapura."
B01C113,B01,Adi Parva,113,113,CXIII,13434,13537,3,1158,"Bhishma goes to Madra to seek Madri as a second wife for Pandu. King Salya explains his family custom, and Bhishma, accepting it, offers gifts that persuade Salya to give his sister. Pandu marries Madri, conquers many kingdoms, and returns to Hastinapura in triumph."
B01C114,B01,Adi Parva,114,114,CXIV,13539,13589,5,354,"Pandu shares his conquest wealth with Bhishma, Satyavati and the others, and performs sacrifices with the money. He then retires with Kunti and Madri to the forests of the Himalaya to hunt, and is supplied with comforts at Dhritarashtra's command. Bhishma marries Vidura to Devaka's daughter, who is born of a Sudra wife, and they have many sons."
B01C115,B01,Adi Parva,115,115,CXV,13591,13707,8,1086,"Gandhari, granted a boon of a hundred sons, goes two years without delivering and in grief strikes her womb, producing a lump of flesh. Vyasa divides it into a hundred and one parts, which grow in pots of butter. Duryodhana is born first, with ominous signs, and Dhritarashtra asks whether his son or the eldest Yudhishthira should be king, and Vidura advises casting off the first son, but Dhritarashtra refuses."
B01C116,B01,Adi Parva,116,116,CXVI,13709,13770,5,522,"Janamejaya asks how Gandhari came to have a daughter, Duhsala, when Vyasa had divided the lump into only a hundred parts. Vaisampayana explains that Gandhari secretly wished for a daughter, and Vyasa set aside an extra part in its own pot, which became Duhsala. Vaisampayana then offers to tell more."
B01C117,B01,Adi Parva,117,117,CXVII,13772,13810,3,225,"Janamejaya asks for the names of Dhritarashtra's sons in order of birth. Vaisampayana gives the long list of the hundred sons and names their one sister, Duhsala. He says they were all warriors and scholars, and that Duhsala was given in marriage to Jayadratha, king of Sindhu. This closes the account of the Kaurava side before the story turns to the Pandavas."
B01C118,B01,Adi Parva,118,118,CXVIII,13812,13923,8,1065,"Janamejaya asks to hear about the Pandavas from their birth, now that he has heard the Kaurava names. Vaisampayana tells how Pandu, hunting in the Himavat woods, shoots a deer that is actually a sage, Kindama, while the sage is mating with his mate. The dying sage rebukes Pandu and curses him to die at the moment desire rises in him, with his wife following him to the land of the dead. This curse is the reason for Pandu's later renunciation."
B01C119,B01,Adi Parva,119,119,CXIX,13925,14054,6,1323,"After the curse, Pandu weeps and resolves to give up desire, children and worldly life for forest asceticism. His wives insist on going with him, and he sends word to the court that he has retired to the woods. He gives his wealth to Brahmanas, sends his attendants back to Hastinapura, and travels with his wives through the Himalayas toward Satasringa. The chapter begins the forest life of Pandu and his wives."
B01C120,B01,Adi Parva,120,120,CXX,14056,14185,7,1266,"Pandu's austerities win him the regard of the Siddhas and sages, and when the sages set out for Brahma's gathering he asks to join them, though they warn that the northern heights are too dangerous for his wives. Pandu says a sonless man cannot reach heaven and that his debt to his ancestors remains unpaid. The sages foresee a blessed son, and Pandu urges Kunti to bear children by another man of high standing."
B01C121,B01,Adi Parva,121,121,CXXI,14187,14277,4,965,"Kunti refuses to take any other man and asks Pandu to father children on her himself. To make her case she tells the old story of King Vyushitaswa, whose widow Bhadra, sonless and grieving, was promised offspring by a voice. The dead king's body is said to have fathered seven children on her, and Kunti urges Pandu to use his ascetic power the same way."
B01C122,B01,Adi Parva,122,122,CXXII,14279,14401,7,1216,"Pandu replies that in ancient times women moved freely and were not bound to one husband, and that the present rule of fidelity was set by Swetaketu out of anger. He cites other precedents, such as Madayanti bearing a son to Vasishtha, and says a wife must obey her husband's command to bear children. Kunti then reveals a mantra Durvasa gave her to summon a god, and Pandu tells her to call upon Dharma, the god of justice."
B01C123,B01,Adi Parva,123,123,CXXIII,14403,14594,9,1875,"Kunti calls on Dharma, the god of justice, who fathers Yudhishthira, and then on Vayu, who fathers the strong Bhima. Pandu, wanting a greater son, undertakes a long austerity to win Indra, and Kunti's call to Indra brings forth Arjuna. The gods, sages and celestial singers gather to celebrate, but when Pandu asks for more children Kunti refuses, saying a fourth union is not sanctioned."
B01C124,B01,Adi Parva,124,124,CXXIV,14596,14698,8,895,"Madri asks Pandu for children of her own, and Pandu persuades Kunti to help. Kunti tells Madri to call a god, and Madri bears the twins Nakula and Sahadeva to the Ashvins. The five sons are named and grow up on the mountain, and Kunti later refuses further requests, complaining that Madri has used the mantra to gain twins."
B01C125,B01,Adi Parva,125,125,CXXV,14700,14787,6,817,"Pandu, roaming a flowering grove with Madri, is overcome by desire, forces himself on her, and dies in the act, as the sage's curse had foretold. Kunti and Madri both claim the right to die with him, and Madri argues that she should be the one to follow him and asks Kunti to raise her sons. Madri then climbs onto the funeral pyre."
B01C126,B01,Adi Parva,126,126,CXXVI,14789,14877,5,828,"The sages on the mountain decide that Pandu's sons, left in their trust, must be taken to Hastinapura, and they set out with Kunti, the boys and the two bodies. At the gate, the court and citizens come out to greet them, and the eldest sage tells the Kurus how each son was born and asks for Pandu's rites to be performed. The sages then vanish from sight."
B01C127,B01,Adi Parva,127,127,CXXVII,14879,14957,6,675,"Dhritarashtra orders a royal funeral for Pandu and Madri, with gifts to all who ask and careful wrapping of Madri's body. Vidura and Bhishma prepare the rites, and the bodies are carried in procession to the Ganga, bathed, dressed and burned. After Kausalya collapses in grief, the Kurus perform the water rite, and the city mourns for twelve days with the Pandavas."
B01C128,B01,Adi Parva,128,128,CXXVIII,14959,15119,11,1483,"After Pandu's funeral rites are performed and the people return to Hastinapura, Vyasa warns his mother Satyavati that the age is declining, and she goes to the forest and ascends to heaven. Pandu's sons grow up strong, and Bhima outplays the Kaurava boys, which stirs Duryodhana's jealousy. Duryodhana then plots to drown Bhima, who survives the poisoning and the water and is restored among the serpents."
B01C129,B01,Adi Parva,129,129,CXXIX,15121,15255,17,926,"The Kauravas return to Hastinapura without Bhima, and Kunti, fearing that Duryodhana has killed him, asks for help. Vidura counsels her to protect her other sons, and after eight days Bhima wakes in the Naga realm, strengthened, and returns to his brothers. When Duryodhana tries poison again, Yuyutsu warns the Pandavas, and Dhritarashtra has all the princes taught arms by Kripa."
B01C130,B01,Adi Parva,130,130,CXXX,15257,15318,4,565,"Janamejaya asks how Kripa was born and where he got his weapons. Vaisampayana explains that Gautama's son Saradwat was born skilled in arms, and that after a nymph sent by Indra distracted him, his seed fell on a clump of heath and produced twins. King Santanu adopted the twins, named Kripa and Kripi, and Saradwat later trained Kripa in arms."
B01C131,B01,Adi Parva,131,131,CXXXI,15320,15446,9,1149,"Bhishma chooses Drona, son of Bharadwaja, to teach the princes, and they quickly master the arts of war. Vaisampayana explains Drona's birth from Bharadwaja's seed, which was caught in a vessel after he saw a nymph, and tells of Drona's marriage to Kripi and the birth of Aswatthaman. Drona then goes to Rama, Jamadagni's son, who gives away his wealth and his weapons to him."
B01C132,B01,Adi Parva,132,132,CXXXII,15448,15491,3,379,"Drona goes to his old boyhood friend Drupada, king of the Panchalas, and claims their friendship. Drupada, proud of his wealth, rebukes him and says that friendship cannot last between a rich man and a poor one. Drona, filled with anger, leaves for Hastinapura."
B01C133,B01,Adi Parva,133,133,CXXXIII,15493,15673,10,1759,"Drona lives quietly in Kripa's house, while his son Aswatthaman gives the Kuru princes some lessons. When the princes lose a ball in a well, Drona recovers it with blades of grass and then retrieves a ring with an arrow, and Bhishma recognises him. Drona explains how Drupada, once his boyhood friend, has scorned him, and Bhishma gives him the post of teacher to the princes."
B01C134,B01,Adi Parva,134,134,CXXXIV,15675,15890,13,2097,"Bhishma gives Drona a house and presents, and Drona takes the Kaurava and Pandava princes as pupils, with Arjuna the most devoted. Refused as a pupil, the tribal prince Ekalavya makes a clay image of Drona and becomes a fine archer on his own; when Drona later demands his right thumb as fee, Ekalavya gives it, and Arjuna is relieved. Drona then tests his pupils by having them aim at a mock bird, and each one reports seeing more than the target and is sent aside."
B01C135,B01,Adi Parva,135,135,CXXXV,15892,15951,4,542,"Drona tests the princes again, and only Arjuna, who sees just the vulture's head, hits the mark, which delights Drona. Later a crocodile seizes Drona in the Ganga, and Arjuna kills it with arrows. Drona then gives Arjuna the Brahmasira weapon, with a strict warning never to use it against a human, and promises that no bowman will surpass him."
B01C136,B01,Adi Parva,136,136,CXXXVI,15953,16042,4,851,"Drona asks Dhritarashtra for permission to show the princes' skill in a public tournament, and the king agrees. The arena, stages and galleries are prepared, and on the day the crowd gathers to watch. The princes display archery, horsemanship and swordsmanship, and then Bhima and Duryodhana enter with maces."
B01C137,B01,Adi Parva,137,137,CXXXVII,16044,16136,6,851,"The crowd splits between partisans of Duryodhana and of Bhima, and Drona has Aswatthaman restrain the two maces. Drona then presents Arjuna, whose feats with weapons, including conjured fire, water and mountains, delight the spectators and Dhritarashtra. Just as the show winds down, a thunderous sound comes from the gate, and Duryodhana rises with his brothers."
B01C138,B01,Adi Parva,138,138,CXXXVIII,16138,16246,6,1059,"Karna enters the arena and matches Arjuna's feats, and Duryodhana embraces him as a friend. When Arjuna insults him, Karna challenges him, but Kripa asks Karna to name his lineage, since a prince fights only one of royal birth. Duryodhana then makes Karna king of Anga, and the two swear friendship."
B01C139,B01,Adi Parva,139,139,CXXXIX,16248,16317,4,652,"Karna's foster father, the charioteer Adhiratha, enters the lists, and Karna bows to him as his father. Bhima mocks Karna as a charioteer's son, and Duryodhana rises to defend him by pointing to the obscure origins of heroes. The sun sets and the crowd disperses, with Kunti pleased to see her son honoured and Duryodhana reassured against Arjuna."
B01C140,B01,Adi Parva,140,140,CXL,16319,16522,12,1907,"At Drona's demand, the princes attack Drupada's capital to seize him as the fee. After a fierce fight, Drupada is captured by Arjuna, who also stops Bhima from slaughtering the people, and the princes bring him to Drona. Drona humbles his old friend, grants him half his kingdom and asks for friendship, and Drupada, learning that Brahmanical power outmatches his own, begins searching for a son who can defeat Drona."
B01C141,B01,Adi Parva,141,141,CXLI,16524,16600,4,724,"Dhritarashtra makes Yudhishthira heir apparent for his honesty and patience, and the Pandavas grow strong in their training, with Arjuna excelling in every weapon. Drona reminds Arjuna of the Brahmasira weapon and of his promised fee, and the Pandavas go on to conquer the Sauviras, the Yavanas and kings to the east and south. Dhritarashtra, seeing their power, grows uneasy and cannot sleep."
B01C142,B01,Adi Parva,142,142,CXLII,16602,16893,10,3251,"Dhritarashtra, jealous of the Pandavas' growing might, asks his counsellor Kanika whether he should make peace or war with them. Kanika advises ruthless statecraft: strike foes thoroughly, hide one's own weaknesses, use deceit, gifts and spies, and destroy an enemy's allies as well. He illustrates his advice with a fable of a jackal who tricks his companions out of a deer, and urges the king to act the same way toward the Pandavas."
B01C143,B01,Adi Parva,143,143,CXLIII,16895,17003,6,1022,"Duryodhana, Karna and Sakuni, with Dhritarashtra's consent, plot to burn Kunti and her sons in a house of lac, but Vidura reads their intent and arranges a boat for escape. The Pandavas get away, a Nishada woman and her children burn in the house along with the architect Purochana, and the people are told the Pandavas have died. Back in the capital the citizens favour Yudhishthira as king, and Duryodhana, alarmed, presses his father to act before the kingdom passes to Pandu's line."
B01C144,B01,Adi Parva,144,144,CXLIV,17005,17071,5,581,"Duryodhana urges his father to send the Pandavas away to Varanavata. Dhritarashtra hesitates, since Pandu was virtuous and the elders would never sanction such an exile, but Duryodhana argues that Bhishma will stay neutral and that Drona and Kripa will side with his party. The chapter ends with Duryodhana pressing his father to act that very day."
B01C145,B01,Adi Parva,145,145,CXLV,17073,17124,4,395,"Duryodhana wins the people over with gifts, and Dhritarashtra's councillors lure the Pandavas with tales of a festival of Shiva at Varanavata. Yudhishthira, aware that he is weak and friendless, accepts the king's command, and the elders bless him. The Pandavas then complete their preparations and set out."
B01C146,B01,Adi Parva,146,146,CXLVI,17126,17173,3,426,"Duryodhana, having sent the Pandavas to Varanavata, tells his counsellor Purochana to build a house of lac and inflammable material. Once the Pandavas and Kunti are asleep inside, Purochana is to set it alight so that the deaths look accidental. Purochana obeys and sets off at once."
B01C147,B01,Adi Parva,147,147,CXLVII,17175,17278,7,933,"The Pandavas take leave of Bhishma, Dhritarashtra, Drona, Kripa and Vidura, and citizens lament the injustice of their exile, but Yudhishthira asks them to go home. Vidura warns Yudhishthira in a language only the two of them understand that the house is a trap and that they should keep a way out in mind. Kunti asks what Vidura said, Yudhishthira explains the warning, and the Pandavas reach Varanavata."
B01C148,B01,Adi Parva,148,148,CXLVIII,17280,17364,4,826,"The citizens of Varanavata welcome the Pandavas, and Purochana lodges them in the palace he has built. After a while Purochana shows them the house he calls the Blessed Home, and Yudhishthira realises it is a flammable trap set by Duryodhana, as Vidura had warned. Bhima wants to leave, but Yudhishthira counsels calm, disguise and a secret escape route."
B01C149,B01,Adi Parva,149,149,CXLIX,17366,17413,2,487,"A skilled miner sent by Vidura reveals himself to the Pandavas and warns that Purochana will set their house on fire. Yudhishthira trusts him, and the miner digs a secret passage under the house, covered with planks. The Pandavas keep up a show of contentment, sleeping armed and hunting by day, while preparing to escape."
B01C150,B01,Adi Parva,150,150,CL,17415,17476,4,539,"After a year of apparent calm, Yudhishthira decides the time to escape has come. On a night when Kunti feeds Brahmanas and women, a Nishada woman and her sons sleep drunk inside the house. Bhima sets the house alight where Purochana sleeps, and the Pandavas and Kunti flee through the tunnel, with Bhima carrying them through the darkness."
B01C151,B01,Adi Parva,151,151,CLI,17478,17530,5,429,"Vidura's trusted agent finds the Pandavas and Kunti in the forest by the Ganga and shows them a sturdy boat, proving his loyalty by repeating Vidura's coded words. He ferries the family across the river, blesses their journey and goes home. The Pandavas send word back to Vidura and hurry on in secret."
B01C152,B01,Adi Parva,152,152,CLII,17532,17613,7,667,"At dawn the people of Varanavata find the ashes of the house, with Purochana dead, and blame Duryodhana for the plot. Dhritarashtra, told that the Pandavas have perished, mourns them and orders their funeral rites, while Vidura alone does not weep because he knows the truth. Meanwhile the fugitives cross the Ganga and struggle through a dense forest, until Yudhishthira asks Bhima to carry them on."
B01C153,B01,Adi Parva,153,153,CLIII,17615,17720,3,1144,"Bhima carries his mother and brothers through the forest and rivers until evening, when they reach a wild, waterless place. When Kunti cries out with thirst, Bhima finds a lake and brings water back, then sees his family asleep on the bare ground, laments their fall and rails at Dhritarashtra's sons. He sits up awake to keep watch over them."
B01C154,B01,Adi Parva,154,154,CLIV,17722,17819,6,947,"A man-eating Rakshasa named Hidimva, perched in a sal tree nearby, smells the sleeping Pandavas and sends his sister to fetch them as food. Instead the Rakshasa woman falls in love with Bhima and offers to help him, and Bhima refuses to abandon his sleeping family. She offers to wake them and save them from her brother."
B01C155,B01,Adi Parva,155,155,CLV,17821,17942,8,1169,"Hidimva comes down from his tree, sees his sister disguised as a human and infatuated with Bhima, and in rage rushes at her to kill her. Bhima stops him, defends her, and challenges Hidimva to a single combat. The two wrestle fiercely, and the noise wakes the Pandavas, who see Hidimva before them."
B01C156,B01,Adi Parva,156,156,CLVI,17944,18039,6,900,"Kunti questions Hidimva, who explains that she was sent to kill the family but fell in love with Bhima, and that her brother has now come after them. The brothers wake to see Bhima wrestling the Rakshasa, and Arjuna urges him to finish quickly before dawn. Bhima kills Hidimva, and the family hurries off toward a town, with the Rakshasa woman following them."
B01C157,B01,Adi Parva,157,157,CLVII,18041,18155,6,1137,"Bhima threatens Hidimva's sister, but Yudhishthira forbids him to harm a woman. Hidimva humbly begs Kunti and Yudhishthira to let her marry Bhima, and Yudhishthira agrees on condition that she bring him back each night. After wandering the world with Hidimva, Bhima fathers a son, Ghatotkacha, who is bald and fierce but loyal to the Pandavas, and Hidimva and the boy take their leave."
B01C158,B01,Adi Parva,158,158,CLVIII,18157,18227,6,551,"The Pandavas wander through forests and lands of the Matsyas, Trigartas and Panchalas, living disguised as ascetics and studying the Vedas. They meet their grandfather Vyasa, who tells them their exile is for their good and not to grieve. He leads them to the town of Ekachakra and predicts that Yudhishthira will one day rule the earth, and then he departs."
B01C159,B01,Adi Parva,159,159,CLIX,18229,18336,6,1100,"At Ekachakra the Pandavas live on alms, which Kunti divides among them. One day, when only Bhima is at home with Kunti, they hear a Brahmana family lamenting, and Kunti resolves to help them. The Brahmana laments that he cannot escape the calamity or give up any of his family, and he is ready to die with them."
B01C160,B01,Adi Parva,160,160,CLX,18338,18429,3,996,"The Brahmana's wife tells him not to mourn, since all must die, and offers to go to the Rakshasa in his place. She argues that her husband's life and their children's future matter more, and that he may take another wife. The Brahmana embraces her, and the two weep together in silence."
B01C161,B01,Adi Parva,161,161,CLXI,18431,18494,3,676,"The daughter asks her parents to give her up, arguing that her sacrifice can rescue the family and that she would otherwise be a helpless burden. The little son cheers them with a playful threat to slay the Rakshasa with a blade of grass. Kunti then steps forward, and her words revive the family as nectar revives the dead."
B01C162,B01,Adi Parva,162,162,CLXII,18496,18544,3,474,"Kunti asks the Brahmana the cause of his grief and offers to remove it. He explains that the Rakshasa Vaka rules the region and is fed in turn by each household with a cart of rice, two buffaloes and a man, and that his family's turn has now come. He has no money to buy a substitute and sees no escape, so he plans to go to the Rakshasa with his whole family."
B01C163,B01,Adi Parva,163,163,CLXIII,18546,18609,5,588,"Kunti offers to send one of her five sons to the Rakshasa in the Brahmana's place, since his son and daughter are too young. The Brahmana refuses to let anyone die in his stead, saying he would rather die himself than sacrifice a Brahmana or a guest. Kunti assures him that her son Bhima is mighty enough to deliver the tribute and save himself, and Bhima agrees to go."
B01C164,B01,Adi Parva,164,164,CLXIV,18611,18687,4,749,"Bhima pledges to take on the task, and Yudhishthira, reading the matter from Bhima's face, asks his mother what has been arranged. Kunti explains that Bhima will go to save the Brahmana and the town. Yudhishthira objects that the plan is reckless and against the Vedas, and that the family depends on Bhima's strength, but Kunti answers that the Brahmana deserves repayment and that Bhima's might has already been proved."
B01C165,B01,Adi Parva,165,165,CLXV,18689,18757,4,659,"Yudhishthira accepts that Kunti acted from compassion and trusts Bhima to win. That night Bhima carries the Rakshasa's tribute into the forest and eats it in full view of Vaka, who charges in fury. The two fight with trees and wrestle until Bhima bends Vaka double over his knee, and Vaka begins to vomit blood."
B01C166,B01,Adi Parva,166,166,CLXVI,18759,18814,4,478,"Bhima kills Vaka and makes the Rakshasa's kin promise to stop eating men, then leaves the body at the town gate. When the townspeople find it, the host Brahmana says a Brahmana skilled in mantras had taken the food to the forest and done the deed, which keeps the Pandavas hidden. The town marks the event with a festival honouring Brahmanas."
B01C167,B01,Adi Parva,167,167,CLXVII,18816,18873,7,338,"The Pandavas stay on at Ekachakra, and a visiting Brahmana tells them of distant lands, shrines and the wonders of Drupada's sacrifice, including the birth of Draupadi. The Pandavas ask for the full story of how Dhrishtadyumna and Draupadi were born and how Drona and Drupada became enemies. The Brahmana begins to recount Draupadi's birth."
B01C168,B01,Adi Parva,168,168,CLXVIII,18875,18960,5,839,"The visiting Brahmana tells how Drona was born from Bharadwaja's seed in a pot and grew up as the boyhood friend of Drupada, son of Prishata. After Drona receives Rama's weapons, Drupada scorns his claim to friendship, and Drona later has the Pandavas capture Drupada as his fee. The humbled Drupada accepts Drona's terms and makes peace, but he never forgets the humiliation."
B01C169,B01,Adi Parva,169,169,CLXIX,18962,19115,5,1637,"Drupada, bent on revenge, seeks a sacrifice that will give him a son to kill Drona. After Upayaja refuses, his brother Yaja, promised a large reward, performs the rite, and from the sacrificial fire come a son, Dhrishtadyumna, destined to slay Drona, and a dark, beautiful daughter, Krishna. An unseen voice foretells that Krishna will be the foremost of women and the cause of many Kshatriyas' deaths, and Drona trains Dhrishtadyumna in arms."
B01C170,B01,Adi Parva,170,170,CLXX,19117,19149,3,255,"The Pandavas are deeply troubled by the Brahmana's tale. Kunti proposes that they leave Ekachakra, since they have seen all its sights and alms are harder to get, and suggests going to Panchala, where King Yajnasena is generous to Brahmanas. Yudhishthira agrees that they must obey, but wonders whether his younger brothers will want to go."
B01C171,B01,Adi Parva,171,171,CLXXI,19151,19208,4,495,"The Pandavas agree to Kunti's plan and leave Ekachakra for Panchala. Before they go, Vyasa visits them and tells of a maiden who, in a past life, prayed to Shiva for a husband and was promised five husbands, so that Draupadi, born in Drupada's line, is to be the wife of all five brothers. Vyasa bids them farewell and departs."
B01C172,B01,Adi Parva,172,172,CLXXII,19210,19432,10,2242,"On the way to Panchala the Pandavas reach the Ganga, where the proud Gandharva Angaraparna bars their path, claiming the river at that hour belongs to the Gandharvas and the Rakshasas. Arjuna refuses to yield, and after a fiery weapon burns the Gandharva's chariot, he drags him away, but Yudhishthira spares him at his wife's plea. The grateful Gandharva offers Arjuna a science of illusion and a hundred swift horses, and explains that the Pandavas were rebuked for travelling at night without wives or a priest."
B01C173,B01,Adi Parva,173,173,CLXXIII,19434,19545,7,1023,"Arjuna asks why the Gandharva calls them Tapatyas, and the Gandharva explains through the story of Tapati, the Sun's daughter, whom no one in the three worlds equals in beauty. The Sun chooses King Samvarana, a devout worshipper, as her husband. When Samvarana's horse dies on a hunt in the hills, he sees Tapati and is struck with desire, and he asks who she is."
B01C174,B01,Adi Parva,174,174,CLXXIV,19547,19609,3,662,"Tapati reappears and gently tells the king to rise, and he pours out his passion and begs her to accept him. She replies that she is under her father's control, so he must ask the Sun for her hand with worship and vows. She then names herself as the Sun's daughter and Savitri's younger sister."
B01C175,B01,Adi Parva,175,175,CLXXV,19611,19717,3,1150,"Samvarana, revived by his minister, worships the Sun, and his priest Vasishtha asks the Sun for Tapati's hand on his behalf. The Sun consents, and the couple live together on the mountain for twelve years, until a long drought ravages the kingdom and Vasishtha brings the king home to end it. The Gandharva explains that Arjuna is called Tapatya because Samvarana's son Kuru was born of Tapati."
B01C176,B01,Adi Parva,176,176,CLXXVI,19719,19760,2,362,"Moved by the story, Arjuna asks about Vasishtha. The Gandharva describes Vasishtha as Brahma's mind-born son and the family priest of Arjuna's forebears, whose ascetic power outmatched even Desire and Wrath. He urges the Pandavas to choose a learned Brahmana as their priest, since a Kshatriya needs one to conquer the earth."
B01C177,B01,Adi Parva,177,177,CLXXVII,19762,19909,13,1258,"The Gandharva tells the old feud between Vasishtha and the king Viswamitra, who coveted Vasishtha's wish-granting cow Nandini and offered a kingdom for her. When Viswamitra seized the cow, Nandini produced armies of barbarians from her body and routed his troops. Humbled, Viswamitra renounced his kingdom and set out to win Brahmanhood through austerity."
B01C178,B01,Adi Parva,178,178,CLXXVIII,19911,20034,6,1241,"The Gandharva tells of King Kalmashapada, who strikes the sage Shakti, Vasishtha's eldest son, with a whip when neither will yield on a forest path, and is cursed to become a man-eating Rakshasa. Viswamitra, who had wanted the king as his disciple, secretly has a Rakshasa enter him, and the possessed king serves human flesh to a hungry Brahmana, earning a second curse. The king then kills and devours Shakti and his brothers, and Vasishtha, grief-stricken, tries again and again to end his life."
B01C179,B01,Adi Parva,179,179,CLXXIX,20036,20153,5,1210,"Vasishtha, bereft of his sons, tries to drown himself in rivers, but each current casts him ashore, and the rivers are renamed after his failed attempts. He learns from his daughter-in-law Adrisyanti that she is carrying a child by his son Shakti, and so he gives up his plan to die. He then frees the Rakshasa-possessed King Kalmashapada, who asks for a son to continue his line, and the queen eventually bears Asmaka after twelve years."
B01C180,B01,Adi Parva,180,180,CLXXX,20155,20231,3,763,"Adrisyanti bears a son, Parasara, whom Vasishtha raises as his grandson. When the boy calls Vasishtha father, his mother corrects him, and he resolves to destroy the world. To turn him from this, Vasishtha tells how the Kshatriyas slaughtered the Bhrigus after a hidden treasure was found, and how a Bhrigu woman's unborn son burst from her thigh to avenge them."
B01C181,B01,Adi Parva,181,181,CLXXXI,20233,20297,4,608,"The Bhrigu woman tells the blinded Kshatriyas that her unborn son, held in her thigh for a hundred years, blinded them to avenge his slaughtered race, and that they must propitiate him. The thigh-born child, named Aurva, restores their sight, but he resolves to destroy the whole world in revenge. The Pitris come to beg him to restrain his wrath."
B01C182,B01,Adi Parva,182,182,CLXXXII,20299,20370,5,641,"Aurva refuses to give up his vow, arguing that kings failed to protect the Bhrigus and that his anger must be satisfied. The Pitris advise him to cast the fire of his wrath into the waters, and he throws it into the ocean, where it becomes the horse-headed fire Vadavamukha that still consumes the sea. Vasishtha then urges Parasara to give up his own plan to destroy the world."
B01C183,B01,Adi Parva,183,183,CLXXXIII,20372,20434,4,561,"Parasara, persuaded to restrain his wrath toward the worlds, nevertheless begins a Rakshasa sacrifice to avenge his father Shakti, and Vasishtha does not stop him. The sages Atri, Pulastya, Pulaha and Kratu come to halt the rite, and Pulastya says Shakti brought his death on himself and that the Rakshasas are innocent. Parasara ends the sacrifice and casts its fire into the northern forest."
B01C184,B01,Adi Parva,184,184,CLXXXIV,20436,20504,3,675,"Arjuna asks why King Kalmashapada sent his queen to Vasishtha, and whether Vasishtha sinned in lying with her. The Gandharva explains that the cursed king devoured a Brahmana while his wife wept, and she cursed him to die when he approached his queen and to father a child on her by Vasishtha. Remembering the curse after his queen sent him away, the king repented and asked Vasishtha to beget an heir."
B01C185,B01,Adi Parva,185,185,CLXXXV,20506,20553,4,340,"Arjuna asks the Gandharva which learned Brahmana would make a good priest, and the Gandharva names Dhaumya, who lives in a shrine called Utkochaka. Arjuna hands over his fire weapon, and the Gandharva keeps the horses until they are needed. The Pandavas install Dhaumya as their priest and set out for Drupada's Swayamvara."
B01C186,B01,Adi Parva,186,186,CLXXXVI,20555,20611,3,509,"The Pandavas set out for Panchala and meet Brahmanas bound for Drupada's Swayamvara, a great contest to win Draupadi. The Brahmanas describe the princess and the many kings expected, and invite the Pandavas to come along. Yudhishthira agrees to go with them."
B01C187,B01,Adi Parva,187,187,CLXXXVII,20613,20717,5,999,"The Pandavas meet Vyasa on the road and enter Panchala, lodging as mendicant Brahmanas in a potter's house, unknown to anyone. Drupada, who secretly hopes Arjuna will be his son-in-law, has a very stiff bow made and a mark set up above a machine, and proclaims that whoever strings the bow and shoots the mark will win his daughter. Kings, sages and crowds gather in a splendid amphitheatre, and on the sixteenth day Draupadi enters and her brother Dhrishtadyumna announces the contest."
B01C188,B01,Adi Parva,188,188,CLXXXVIII,20719,20763,2,338,"Dhrishtadyumna names the many princes who have come to win his sister: Duryodhana and his brothers with Karna, Shakuni, Aswatthaman, a long roll of kings from many lands, and the Yadavas Krishna and Balarama, along with Jarasandha and Shishupala. He says these men will shoot the mark, and that Draupadi should choose whoever succeeds."
B01C189,B01,Adi Parva,189,189,CLXXXIX,20765,20858,4,899,"The princes rise in jealous desire for Draupadi, while the gods, sages and Yadavas watch and Krishna points out the Pandavas to Balarama. One by one the princes fail to string the stiff bow, and Karna succeeds in drawing it until Draupadi declares she will not choose a charioteer's son, so he sets the bow down. When Shishupala, Jarasandha and Shalya also fail, Arjuna steps forward to try."
B01C190,B01,Adi Parva,190,190,CLXL,20860,20932,2,775,"When the other kings give up, Arjuna, disguised as a Brahmana, rises amid murmurs from the Brahmanas about a stripling's presumption. He bows to Shiva, strings the bow with ease, and shoots the mark through the machine, to the delight of the gods and the crowd. Krishna greets him with a garland, and Arjuna leaves the hall with Draupadi as his bride."
B01C191,B01,Adi Parva,191,191,CLXLI,20934,21008,3,742,"The rejected kings, angry that Drupada has given his daughter to a Brahmana, resolve to kill him and his son, since the Swayamvara was meant for Kshatriyas. They rush at Drupada, who takes shelter with the Brahmanas, but Bhima and Arjuna step forward to face them. Krishna names the brothers to Balarama and is glad that they escaped the house of lac."
B01C192,B01,Adi Parva,192,192,CLXLII,21010,21128,5,1170,"Arjuna and Bhima stand up to the attacking kings: Arjuna duels Karna to a standstill, and Bhima hurls Shalya aside. Impressed, the kings ask who the Brahmanas are, and Krishna persuades them that the maiden was rightly won, so they withdraw. Meanwhile Kunti, anxious at her sons' delay, fears for their lives until Arjuna walks into the potter's house."
B01C193,B01,Adi Parva,193,193,CLXLIII,21130,21224,6,867,"The brothers present Draupadi to Kunti as their alms, and Kunti, having told them to share everything, is alarmed. Yudhishthira proposes that Arjuna marry her, but Arjuna insists that the eldest should marry first. Seeing that all five desire her, Yudhishthira declares that Draupadi shall be the common wife of all five, and Krishna and Balarama then visit the potter's house."
B01C194,B01,Adi Parva,194,194,CLXLIV,21226,21286,3,596,"Dhrishtadyumna secretly follows the Pandavas and hides in the potter's house. That night he overhears the brothers, while Kunti divides the food and they sleep on kusha grass with Draupadi at their feet. In the morning he reports all this to Drupada, who anxiously asks who has won his daughter."
B01C195,B01,Adi Parva,195,195,CLXLV,21288,21395,5,1099,"Dhrishtadyumna tells his father Drupada how the archer won Krishna, and how the winners took refuge at a potter's house where their mother was waiting. Drupada sends his priest to ask who the strangers are, and Yudhishthira answers that the bride's price was paid fairly, so Drupada has no cause to grieve. A messenger then announces that the wedding feast is ready. The chapter sets up the revelation that the strangers are the Pandavas."
B01C196,B01,Adi Parva,196,196,CLXLVI,21397,21452,3,496,"A messenger invites the group to the wedding feast, and they ride in golden-lotus chariots to Drupada's palace. Drupada lays out goods of many kinds to judge their caste, and the guests are seated and fed with honour. Their royal bearing and interest in the weapons convince Drupada and his son that they are of royal blood."
B01C197,B01,Adi Parva,197,197,CLXLVII,21454,21555,9,844,"Drupada asks who the strangers are, and Yudhishthira reveals that they are Kshatriya sons of Pandu who escaped the lac house. Drupada is overjoyed, vows to help restore Yudhishthira to his throne, and asks Arjuna to take Krishna's hand. Yudhishthira then insists that Krishna be the wife of all five brothers, which Drupada resists, and the family is left to decide the matter when Vyasa arrives."
B01C198,B01,Adi Parva,198,198,CLXLVIII,21557,21641,8,656,"Vyasa arrives and is welcomed by all, then asks each person for their view of one woman marrying several men. Drupada and Dhrishtadyumna object on grounds of custom and the Vedas, while Yudhishthira cites old precedents and his mother's command. Kunti fears her word may be untrue, and Vyasa promises to explain the custom privately to Drupada, which sets up his defence of polyandry."
B01C199,B01,Adi Parva,199,199,CLXLIX,21643,21832,8,1979,"Vyasa tells Drupada a story to explain who the Pandavas really are. Yama stopped killing during a sacrifice, and after Indra is humbled by Mahadeva for his pride, he and four other Indras are sent to be born as men, with the goddess Sri as their common wife. Vyasa then identifies the brothers as those Indras and Draupadi as Sri, and grants Drupada divine sight to see them in their former forms."
B01C200,B01,Adi Parva,200,200,CC,21834,21905,3,703,"Drupada accepts the story, saying fate and Mahadeva's decree have settled the matter, and gives his consent. Vyasa names an auspicious day, and the wedding goes ahead with Dhaumya presiding, Yudhishthira going first and the brothers taking Krishna's hand in turn. Drupada sends the couples off with cars, elephants, servants and wealth, and the Pandavas settle in his capital."
B01C201,B01,Adi Parva,201,201,CCI,21907,21962,3,481,"Drupada is pleased with the alliance and no longer fears even the gods. Kunti blesses Krishna, comparing her to famous wives of gods and heroes, and asks her to bear strong sons and rule as queen. Hari (Krishna) then sends the Pandavas costly gifts, including ornaments, robes, servants, elephants, horses and gold, which Yudhishthira accepts to please Govinda."
B01C202,B01,Adi Parva,202,202,CCII,21964,22058,6,879,"Word reaches the kings that Draupadi has married the Pandavas, that Arjuna won her in disguise, and that the brothers are alive after all. Duhsasana and the others return to Hastinapura dejected, and Dhritarashtra, first thinking his son has won her, then praises the Pandavas and their powerful allies. Vidura leaves, and Duryodhana and Karna urge their father to weaken the Pandavas before they overpower the Kauravas."
B01C203,B01,Adi Parva,203,203,CCIII,22060,22115,3,533,"With Vidura gone, Dhritarashtra asks his son Duryodhana and Karna to speak openly about how to undo the Pandavas. Duryodhana lists a string of schemes: sowing discord among the brothers, buying off Drupada, luring them away from Panchala, turning Krishna against them, and having Bhima killed. He argues that time is short, because once the brothers win Drupada's trust they will be beyond reach."
B01C204,B01,Adi Parva,204,204,CCIV,22117,22187,4,665,"Karna argues that Duryodhana's subtle plans cannot work, because the Pandavas are now grown, allied with Drupada, and bound together by their shared wife, and Krishna will not abandon them. He advises an open attack on Drupada before Krishna's Yadava forces arrive. Dhritarashtra praises his courage but wants the elders' advice, and he calls his ministers together."
B01C205,B01,Adi Parva,205,205,CCV,22189,22237,2,511,"Bhishma, asked for his opinion, says he will never approve of a quarrel with the Pandavas, who are as near to him as the Kauravas are. He argues that a good name is what keeps a man alive, and that the brothers' survival and Purochana's death should ease the king's reputation. He urges Duryodhana to give them half the kingdom."
B01C206,B01,Adi Parva,206,206,CCVI,22239,22321,4,829,"Drona agrees with Bhishma and proposes sending a messenger with gifts to Drupada and the Pandavas, then bringing the brothers back to be installed on the throne. Karna mocks both elders as biased and tells the tale of the Magadha king Amvuvicha, whose minister seized power, to argue that kingship depends on fate. Drona rebukes Karna and warns that the Kurus will be destroyed if the good advice is not followed."
B01C207,B01,Adi Parva,207,207,CCVII,22323,22395,2,794,"Vidura defends Bhishma and Drona as the king's best advisers and calls Karna's counsel malicious. He says the Pandavas are the king's sons as much as Duryodhana is, and argues that they cannot be beaten given their champions and allies. He urges peace with them and an alliance with Drupada, and warns against the counsel of Duryodhana, Karna and Sakuni."
B01C208,B01,Adi Parva,208,208,CCVIII,22397,22466,4,618,"Dhritarashtra accepts the elders' counsel, calls the Pandavas his children by ordinance, and orders them brought home with Kunti and Krishna. Vidura travels to Drupada with gifts, embraces the brothers and greets Vasudeva. He then delivers Dhritarashtra's message that the Kurus are glad of the alliance and ask the Pandavas to return to their ancestral kingdom."
B01C209,B01,Adi Parva,209,209,CCIX,22468,22627,11,1400,"Drupada agrees that the Pandavas may return to their ancestral kingdom if they and Rama and Krishna agree, and the brothers enter Hastinapura to a joyful welcome. Dhritarashtra sends them to Khandavaprastha with half the kingdom, where they build the great city of Indraprastha, which draws Brahmanas, merchants and craftsmen. Krishna then goes back to Dwaravati with Rama."
B01C210,B01,Adi Parva,210,210,CCX,22629,22693,4,559,"Janamejaya asks how the Pandavas governed their new kingdom and how they avoided quarrels while sharing one wife. Vaisampayana says they ruled Indraprastha in harmony until the sage Narada visited, honoured him, and warned them to make a rule about Draupadi. Narada cites the brothers Sunda and Upasunda, who killed each other over a woman, and Yudhishthira asks for the full story."
B01C211,B01,Adi Parva,211,211,CCXI,22695,22785,3,941,"Narada tells the story of the Daitya brothers Sunda and Upasunda, sons of Nikumbha, who were inseparable. Through harsh penance in the Vindhya mountains they resist the gods' temptations and illusions, and Brahma refuses them immortality. He grants them invulnerability except from each other, and the brothers return home to a life of revelry."
B01C212,B01,Adi Parva,212,212,CCXII,22787,22862,2,765,"Sunda and Upasunda set out with a great army to conquer the three worlds. They overrun heaven and the lower worlds, then turn on the Brahmanas and sacrificers, killing them and destroying sacred sites until ritual and life grind to a halt. They finally settle at Kurukshetra, without a rival."
B01C213,B01,Adi Parva,213,213,CCXIII,22864,22941,3,763,"Distressed by the slaughter, the gods and Rishis go to Brahma, who has Viswakarman create a captivating maiden, Tilottama, and send her to make the brothers quarrel over her. As she walks round the assembly, every eye turns to her, and Mahadeva grows extra faces and eyes to watch her. She departs for the Asuras' city, and the great god First Cause dismisses the gathering."
B01C214,B01,Adi Parva,214,214,CCXIV,22943,23030,5,823,"Narada tells how the Asura brothers, having conquered everything, grew idle and indulged in pleasure. On the Vindhya plateau both claim the apsara-like Tilottama, fight, and kill each other with their maces. Narada urges the Pandavas to make a rule about Draupadi, and they agree that whoever finds a brother with her must spend twelve years as a celibate forest-dweller."
B01C215,B01,Adi Parva,215,215,CCXV,23032,23127,6,890,"The Pandavas rule well, and Draupadi delights in her five husbands. When robbers steal a Brahmana's cattle, Arjuna must enter the chamber where Yudhishthira is with Draupadi to fetch his weapons, which breaks the rule the brothers made. Yudhishthira says no fault attaches to a younger brother's entry, but Arjuna insists on keeping his vow and leaves for twelve years in the forest."
B01C216,B01,Adi Parva,216,216,CCXVI,23129,23157,2,149,"Arjuna sets out for the forest, followed for a distance by Brahmanas, ascetics and musicians. He journeys through forests, rivers and seas, admiring the scenery. At the source of the Ganga he decides to settle."
B01C217,B01,Adi Parva,217,217,CCXVII,23159,23318,8,1602,"At the source of the Ganga, the Naga princess Ulupi drags Arjuna into the river and into her palace, and he agrees to yield to her in spite of his vow. She grants him invincibility in water. Arjuna then visits holy sites across the north, east and coast, and at Manipura he marries Chitrangada, daughter of King Chitravahana, whose son is to carry on the royal line."
B01C218,B01,Adi Parva,218,218,CCXVIII,23320,23379,3,575,"Arjuna goes to the sacred waters on the southern ocean, which the ascetics shun because crocodiles lurk there and seize bathers. He bathes in the Saubhadra water, is seized by a crocodile, and drags it ashore. The crocodile turns into the Apsara Varga, who begins to explain that she and her companions were cursed after tempting a Brahmana."
B01C219,B01,Adi Parva,219,219,CCXIX,23381,23457,5,702,"Varga explains that the Brahmana pardoned her and her companions but fixed their punishment at a hundred years, after which a worthy man would free them, and that the waters would be called Nari-tirthas. Narada told them to seek Arjuna at the southern waters, and Arjuna frees all the Apsaras. He then returns to Manipura to see Chitrangada and their son Vabhruvahana, before going on to Gokarna."
B01C220,B01,Adi Parva,220,220,CCXX,23459,23511,2,514,"Arjuna tours the sacred places on the western shore and reaches Prabhasa, where Krishna comes to meet him. The two friends talk, feast and enjoy entertainments on Raivataka mountain, and then ride in a golden car to Dwaraka. The Yadava city turns out to welcome Arjuna, who takes up residence with Krishna."
B01C221,B01,Adi Parva,221,221,CCXXI,23513,23577,4,586,"A grand festival of the Vrishnis and Andhakas begins on Raivataka, with Haladhara (Valarama), Ugrasena, Satyaki and many others in attendance. Arjuna sees Bhadra, Vasudeva's daughter and Krishna's sister, and asks Krishna to help him win her. Krishna's side suggests carrying her off by force, which is praised for brave Kshatriyas, and messengers are sent to Yudhishthira, who consents."
B01C222,B01,Adi Parva,222,222,CCXXII,23579,23658,3,824,"Arjuna, with Krishna's assent, drives off in his golden car with Subhadra, and her attendants flee to Dwaraka to raise the alarm. The Vrishnis and Andhakas arm in anger, and Valadeva, wine-flushed, first tells them to wait for Krishna's word, then rages at Arjuna and vows to make the earth empty of Kauravas. The assembly roars its approval."
B01C223,B01,Adi Parva,223,223,CCXXIII,23660,23861,4,2226,"Vasudeva defends Arjuna's abduction of Subhadra as a proper form of marriage for a warrior, and the Vrishnis are persuaded to bring Arjuna back for a lawful wedding. Krishna and Balarama then come to Indraprastha with rich gifts, and Subhadra bears the son Abhimanyu. Draupadi bears five sons, one to each brother, and all are trained in arms by Arjuna and Dhaumya."
B01C224,B01,Adi Parva,224,224,CCXXIV,23863,23956,5,891,"Yudhishthira rules Indraprastha so justly that his subjects, his brothers and other kings prosper in virtue. Arjuna proposes a summer outing on the Yamuna, and he and Krishna go with friends to a pleasant grove for feasting and revelry. While the two heroes talk apart, a radiant Brahmana approaches, and they rise to receive him."
B01C225,B01,Adi Parva,225,225,CCXXV,23958,24151,6,2110,"Agni, in the guise of a hungry Brahmana, asks Arjuna and Krishna to help him burn the Khandava forest, which Indra protects because it shelters his friend, the Naga Takshaka. Vaisampayana then tells the story of King Swetaki, whose priests grew weary of his endless sacrifices and left him, and who won Rudra's help after a long penance. Agni fell ill from the butter he drank at that sacrifice, and he must now eat the creatures of Khandava to recover, but the forest's inhabitants put out his fire again and again."
B01C226,B01,Adi Parva,226,226,CCXXVI,24153,24193,2,403,"Agni, still ill and frustrated, goes to Brahma, who explains that Arjuna and Vasudeva are the incarnations of the ancient gods Nara and Narayana, and points Agni to them for help. Agni asks them to aid him. Arjuna replies that he needs a worthy bow, inexhaustible quivers and a fitting car to hold back Indra's rain."
B01C227,B01,Adi Parva,227,227,CCXXVII,24195,24288,3,1018,"Agni calls on Varuna, who gives Arjuna the bow Gandiva, two inexhaustible quivers and a car with an ape banner drawn by white steeds. Agni gives Krishna a fiery discus, and Varuna adds a mace called Kaumodaki. Armed, the two heroes promise to help Agni, who then surrounds the forest with his flames."
B01C228,B01,Adi Parva,228,228,CCXXVIII,24290,24349,3,560,"Arjuna and Krishna take positions on opposite sides of the forest and cut down creatures trying to escape, while the fire kills others in agony. The gods go to Indra and ask whether the end of the world has come. Indra covers the sky with clouds, but the heat of the fire dries up the rain until he gathers a heavier downpour."
B01C229,B01,Adi Parva,229,229,CCXXIX,24351,24467,2,1294,"Arjuna blocks Indra's rain with a storm of arrows and his Vayavya weapon while Agni blazes on. When the young Naga Aswasena tries to escape by being swallowed by his mother, Arjuna beheads her, but Indra's wind stuns Arjuna and Aswasena gets away. The gods then join the battle with their weapons, and Arjuna and Krishna repel them, with Arjuna shattering a mountain-peak that Indra hurls at him."
B01C230,B01,Adi Parva,230,230,CCXXX,24469,24583,7,1109,"Krishna's discus and Arjuna's arrows cut down the creatures of Khandava, and the gods retreat after an unseen voice tells Indra that Arjuna and Vasudeva are Nara and Narayana and that the forest's fate is sealed. Krishna and Arjuna spare the Asura Maya when he runs to Arjuna for protection, and Agni burns the forest for many days. Only six creatures survive: Aswasena, Maya and four Sarngaka birds."
B01C231,B01,Adi Parva,231,231,CCXXXI,24585,24687,6,969,"Janamejaya asks why the Sarngaka birds survived the fire, and Vaisampayana tells how the ascetic Mandapala, refused entry to the realm of the Pitris for want of children, took the form of a Sarngaka and fathered four sons. When he saw Agni coming to burn Khandava, he praised the god at length and asked him to spare his unhatched sons. Agni agreed."
B01C232,B01,Adi Parva,232,232,CCXXXII,24689,24760,5,674,"As the fire closes in, the mother bird Jarita weeps, unable to save all of her unfledged chicks. Her young urge her to save herself, since she can have other children, and she suggests hiding them in a mouse's hole until the fire passes. The chicks refuse, arguing that being eaten by the mouse would be more shameful than dying in the fire."
B01C233,B01,Adi Parva,233,233,CCXXXIII,24762,24819,4,556,"Jarita tells her sons that a hawk has carried off the mouse, so the hole is now safe. The chicks doubt her, pointing out that other mice may remain, and urge her to save herself so she can have other children. She insists she saw the hawk take the mouse, but they still refuse, and she leaves them as the fire closes in."
B01C234,B01,Adi Parva,234,234,CCXXXIV,24821,24931,13,796,"The four sons of Mandapala speak their last words before the fire reaches them. Jaritari says the wise remain awake facing death, and the others speak of the eldest's duty to protect them and of the fire's threat. Each then sings a hymn of praise to Agni, asking the god to spare them, and Agni agrees to do so, remembering his promise to their father."
B01C235,B01,Adi Parva,235,235,CCXXXV,24933,25034,8,906,"Mandapala frets about his sons, and his second wife Lapita answers jealously that he cares more for her rival Jarita. Mandapala replies that he sought children for their sake and leaves Lapita to go her own way. When he reaches the sons, they greet him coldly, and Jarita quarrels with him over Lapita, until he cites the story of Arundhati and the sons finally come forward to worship him."
B01C236,B01,Adi Parva,236,236,CCXXXVI,25036,25108,7,456,"Mandapala tells his sons that he delayed out of trust in Agni's promise and in their own strength, and asks them to bear no resentment. Agni, having consumed Khandava with Krishna and Arjuna's help and drunk its fat and marrow, shows himself to Arjuna, and Indra offers the heroes boons. Arjuna asks for Indra's weapons and Krishna asks for eternal friendship, and the three then rest on a riverbank."
B02C001,B02,Sabha Parva,1,1,I,60,138,8,562,"Maya, a Danava craftsman whom Arjuna has just saved from fire and flood, offers to repay him. Arjuna declines and redirects the offer to Krishna, who asks Maya to build a grand assembly hall for Yudhishthira. Maya is welcomed by Yudhishthira, lays out a large site and begins the work, setting up the palace that will house the Pandavas' court."
B02C002,B02,Sabha Parva,2,2,II,140,227,2,871,"Krishna, after staying a while at Khandavaprastha, decides to visit his father in Dwaraka. He takes leave of the Pandavas, Kunti, Subhadra, Draupadi and Dhaumya, and rides out with the brothers and priests following on foot. Krishna reaches Dwaraka, where he is welcomed by his family and the Yadavas, while Yudhishthira returns to his own capital."
B02C003,B02,Sabha Parva,3,3,III,229,320,1,996,"Maya leaves Arjuna, promising to return with treasures he had earlier gathered in the north: a great club, the conch Devadatta and a store of gems. He recovers them at the lake Vindu near Mount Kailasa, a sacred site linked to Bhagiratha, Indra and Shiva. He then builds a magnificent palace with gold columns and a crystal-stepped tank, guarded by Rakshasas, and reports its completion to Yudhishthira within fourteen months."
B02C004,B02,Sabha Parva,4,4,IV,322,404,1,812,"Yudhishthira formally enters the new hall after feeding ten thousand Brahmins and giving them cows, and the day is celebrated with music and entertainments. A long list of sages, Kshatriya kings and Vrishni princes take their seats there and wait on him, and Gandharvas and Kinnaras sing for the assembly. The chapter sets the scene for the court that gathers in the new hall."
B02C005,B02,Sabha Parva,5,5,V,406,774,8,3815,"The sage Narada arrives at the assembly of the Pandavas, is honoured with a seat and gifts, and blesses Yudhishthira. He then questions the king at length about how he governs: his wealth, officials, spies, army, finances, agriculture, justice and personal discipline. Yudhishthira promises to follow this counsel, and Narada says such a ruler gains the whole earth and goes to heaven. The chapter presents Narada's counsel as the model of good kingship."
B02C006,B02,Sabha Parva,6,6,VI,776,845,5,575,"After Yudhishthira answers Narada's questions, he asks whether Narada has ever seen an assembly hall finer than his own. Narada says he has not seen one made of gems, but offers to describe the halls of the gods Yama, Varuna, Indra, Kuvera and Brahma. Yudhishthira asks for full details of each hall, which sets up the description of divine assemblies that follows."
B02C007,B02,Sabha Parva,7,7,VII,847,920,1,764,"Narada describes Indra's assembly hall, called Pushkaramalini, which Indra built as the reward of his own deeds. It is huge, bright and free of age and grief, and Indra sits there with his wife Sachi while gods, sages, musicians and celestial beings attend him. Narada says he has seen this hall and turns next to the hall of Yama."
B02C008,B02,Sabha Parva,8,8,VIII,922,1010,1,893,"Narada describes the assembly hall of Yama, the god of death, which Viswakarma built. The hall is free of grief, hunger, thirst and old age, and it is filled with dead royal and Brahmana sages who worship Yama. Narada says the crowd is too large to name in full, and he moves on to describe the hall of Varuna."
B02C009,B02,Sabha Parva,9,9,IX,1012,1079,1,676,"Narada describes Varuna's hall, which Viswakarma built beneath the waters and which has white walls and gem trees. Varuna sits there with his queen, served by the Adityas, serpents, Daityas, Danavas, personified rivers and seas, and mountains. Narada then moves on to describe the hall of Kuvera."
B02C010,B02,Sabha Parva,10,10,X,1081,1183,5,899,"Narada describes the assembly hall of Vaisravana, that is Kuvera, which Kuvera built through his own asceticism. The hall seems to float in the sky, and Kuvera sits there with his thousand wives, served by Apsaras, Gandharvas, Yakshas and many others, along with the goddess Lakshmi and Kuvera's son. Narada notes that Shiva is a friend of Kuvera and often sits in the hall, and then announces a description of Brahma's hall."
B02C011,B02,Sabha Parva,11,11,XI,1185,1316,1,1415,"Narada describes Brahma's assembly hall, which he was able to see only after the sun god Aditya guided him there following a thousand-year vow. The hall is beyond description, free of hunger and discomfort, and attended by sages, gods, planets, goddesses, ancestors and countless other beings. Narada ends his tour of the divine halls by declaring Yudhishthira's hall the finest in the world of men."
B02C012,B02,Sabha Parva,12,12,XII,1318,1411,3,980,"Yudhishthira asks why Narada named only one human king, Harishchandra, among the gods in Indra's hall, and what he did to earn that place. Narada explains that Harishchandra won heaven by holding the Rajasuya sacrifice with lavish gifts, and he passes on Pandu's message urging Yudhishthira to hold the same sacrifice, while warning of its dangers. Narada then departs, and Yudhishthira turns his mind to the Rajasuya."
B02C013,B02,Sabha Parva,13,13,XIII,1413,1567,5,1506,"Yudhishthira, stirred by Harishchandra's example, resolves to hold the Rajasuya but wants to be sure it serves his people. His ministers and priests urge him to proceed, and he weighs his own strength and resources. Because he wants a disinterested judge, he sends for Krishna, who arrives at Indraprastha, and Yudhishthira asks for his honest counsel."
B02C014,B02,Sabha Parva,14,14,XIV,1569,1741,2,1915,"Krishna explains why the Rajasuya cannot yet be held: Jarasandha of Magadha has made himself the dominant power over the kings, many of whom side with him or fear him. He recounts how Jarasandha drove the Yadavas out of Mathura, how the Yadavas founded a fortified city in the west, and how Jarasandha has imprisoned kings meaning to sacrifice them. Krishna concludes that the sacrifice cannot succeed unless Jarasandha is defeated and his captives freed, and he asks Yudhishthira to decide."
B02C015,B02,Sabha Parva,15,15,XV,1743,1824,3,799,"Yudhishthira admits he is troubled by Jarasandha's power and doubts that the Rajasuya is worth the risk. Bhima answers that a weak king who starts a fight with a strong one perishes, but that Krishna's policy, his own strength and Arjuna's triumphs can bring Jarasandha down. Krishna argues that Jarasandha has already taken eighty-six kings and plans to make the number a hundred, so the fight must be taken up."
B02C016,B02,Sabha Parva,16,16,XVI,1826,1878,2,506,"Yudhishthira, fearing for Krishna, Bhima and Arjuna, asks that the plan to attack Jarasandha be dropped. Arjuna replies that courage and action, not fear, are what make a king worthy, and he insists that the Pandavas must fight. The chapter sets up the decision to challenge Jarasandha despite the king's reluctance."
B02C017,B02,Sabha Parva,17,17,XVII,1880,2024,5,1506,"Krishna argues that a warrior must fight, and that a secret attack on Jarasandha, who is too strong to face openly, is justified. Yudhishthira asks who Jarasandha is, and Krishna tells his origin: the childless King Vrihadratha of Magadha receives a mango from a sage, his two wives each bear half a child, and a Rakshasa woman named Jara joins the halves into one strong boy. The story explains how Jarasandha came to be so powerful."
B02C018,B02,Sabha Parva,18,18,XVIII,2026,2068,2,412,"Jara reveals herself as a Rakshasa woman who is also the household goddess Grihadevi, and says she gave the child to the king because she was pleased by the worship she received in his house. The king holds the rites of infancy for the boy and names him Jarasandha, meaning united by Jara, after which the boy grows strong."
B02C019,B02,Sabha Parva,19,19,XIX,2070,2143,2,752,"The sage Chanda-kausika returns and foretells that Jarasandha will become a mighty king whom no weapon can wound and who will see Shiva. King Vrihadratha then withdraws to the forest and dies, and Jarasandha conquers many kings. After Kansa's death, Jarasandha hurls a mace toward Mathura, and his allies Hansa and Dimvaka make him so strong that the Yadavas dare not fight him."
B02C020,B02,Sabha Parva,20,20,XX,2145,2231,3,833,"Krishna says Hansa, Dimvaka and Kansa are dead, so the time has come to destroy Jarasandha, and he proposes a bare-armed duel in which Bhima will fight. He asks Yudhishthira to give Bhima and Arjuna as pledges, but Yudhishthira refuses and places his trust in Krishna's leadership. The three set out in disguise as Snataka Brahmanas and travel east toward Magadha."
B02C021,B02,Sabha Parva,21,21,XXI,2233,2370,3,1438,"Krishna points out the capital Girivraja and its protecting hills, and declares that Jarasandha will be humbled by being slain. Disguised as Snataka Brahmanas, Krishna, Bhima and Arjuna break a sacred peak and enter the city, where Jarasandha receives them with honour and questions their conduct. Krishna answers that Kshatriyas may enter an enemy's house by the wrong gate, and that they refuse worship offered in an enemy's house, so the challenge is set."
B02C022,B02,Sabha Parva,22,22,XXII,2372,2476,4,1055,"Jarasandha denies that he has ever wronged the three visitors, but Krishna accuses him of holding many kings captive to be sacrificed to Rudra. Krishna reveals that he is Hrishikesha, called Sauri, and that the other two are the sons of Pandu, and challenges Jarasandha to free the kings or die in battle. Jarasandha accepts the challenge, installs his son Sahadeva on the throne, and prepares to fight, while Krishna decides that Bhima is destined to be the one to slay him."
B02C023,B02,Sabha Parva,23,23,XXIII,2478,2576,1,1073,"Krishna asks Jarasandha which of the three he will fight, and Jarasandha chooses Bhima. The two wrestle with bare arms for about two weeks while the crowds watch, and the sound of their blows is like thunder. When Jarasandha tires on the fourteenth night, Krishna urges Bhima to press the attack while his opponent is weak, and Bhima resolves to take his life."
B02C024,B02,Sabha Parva,24,24,XXIV,2578,2733,3,1663,"Bhima, urged on by Krishna, whirls Jarasandha in the air and breaks his body across his knee, killing him. Krishna frees the imprisoned kings, takes Jarasandha's celestial chariot, and the freed kings pledge to support Yudhishthira's Rajasuya. Krishna installs Jarasandha's son Sahadeva as king of Magadha, returns to Indraprastha, and then takes leave of the family and goes home to Dwarka."
B02C025,B02,Sabha Parva,25,25,XXV,2735,2784,5,347,"Arjuna asks Yudhishthira for leave to conquer the quarters of the world and collect tribute, so the treasury can be filled, beginning with the northern region of the lord of wealth. Yudhishthira blesses him, and the four brothers set out to conquer the four directions. Bhagadatta, the king of Pragjyotisha, agrees to do whatever Arjuna asks, which opens the campaign."
B02C026,B02,Sabha Parva,26,26,XXVI,2786,2854,1,720,"Having won Bhagadatta's promise, Arjuna marches north and subdues mountain peoples and kings one after another, including Vrihanta of Uluka, Senavindu, Viswagaswa, the Kashmirs and the Trigartas. He wins many battles, collects horses and tribute, and fights a hard campaign against the Rishikas before reaching the White Mountains. The chapter shows the scale of the northern tribute that Arjuna gathers for Yudhishthira."
B02C027,B02,Sabha Parva,27,27,XXVII,2856,2908,2,506,"Arjuna crosses the White Mountains and subdues the Limpurushas and the Guhakas, admiring sacred lakes on the way. At North Harivarsha, frontier guardians warn that the land cannot be conquered by a human, and Arjuna agrees to take tribute from them instead. He returns with horses, treasure and celestial goods and gives it all to Yudhishthira, who rests in his chambers."
B02C028,B02,Sabha Parva,28,28,XXVIII,2910,2949,1,393,"With Yudhishthira's consent, Bhima marches east with a large army and wins over the Panchalas, Gandakas, Videhas and Dasarnas. He gains the Dasarna king Sudharman as a commander, defeats Rochamana and the eastern peoples, and enters the lands of the Pulindas. He is then welcomed by Sisupala of Chedi, who offers his kingdom and entertains Bhima for thirty nights."
B02C029,B02,Sabha Parva,29,29,XXIX,2951,3020,1,722,"Bhima continues his eastern and northern campaign, subduing kings from Kumara and Kosala to the foothills of the Himalayas, along with peoples of Kasi, Videha, Magadha and the coasts. He takes tribute of gems, gold, sandalwood, cloth and pearls, and receives large sums from the Mlechchha kings of the marshy coast. He then returns to Indraprastha and gives the whole treasure to Yudhishthira."
B02C030,B02,Sabha Parva,30,30,XXX,3022,3232,7,2151,"Sahadeva marches south and wins a long series of victories and tributes, from the Matsyas and Avantis to the Pandyas and the monkey kings near Kishkindha. At Mahishmati he is blocked by Agni, who backs King Nila because of a bond going back to Nila's daughter and an old boon; Sahadeva prays to the god, who relents and accepts him. Sahadeva then wins the southern and coastal peoples, receives the submission of Vibhishana, and returns to Yudhishthira with the tribute."
B02C031,B02,Sabha Parva,31,31,XXXI,3234,3289,2,533,"Nakula conquers the west, moving through the desert country, the Sivis, the Trigartas, the Malavas and many tribes and coastal peoples. He receives the submission of Vasudeva and the Yadavas and wins tribute from his uncle Salya, the king of the Madras. His treasure is so large that ten thousand camels can barely carry it, and he presents it all to Yudhishthira at Indraprastha."
B02C032,B02,Sabha Parva,32,32,XXXII,3291,3452,8,1471,"Yudhishthira's rule has made his kingdom prosperous and his treasury full, and his advisers urge him to hold the Rajasuya sacrifice. Krishna arrives at Indraprastha with a great treasure, and Yudhishthira asks him to take part and share the merit. Krishna encourages him, and the Pandavas gather materials, priests and guests, and invite the kings and Brahmanas. Nakula is sent to Hastinapura to bring the elders, and the sacrifice begins."
B02C033,B02,Sabha Parva,33,33,XXXIII,3454,3527,4,630,"Nakula brings Bhishma and Dhritarashtra from Hastinapura, and a huge crowd of kings and kinsmen arrives for the Rajasuya, including the Kauravas, Salya, Jayadratha, Bhagadatta, Sisupala and Krishna's Vrishni relatives. Each guest is lodged in a white mansion and worshipped by Yudhishthira, who is seen surrounded by priests. The chapter ends with the closing formula of the section."
B02C034,B02,Sabha Parva,34,34,XXXIV,3529,3592,3,569,"Yudhishthira asks the elders to help with the sacrifice and gives each of them a duty, from food and gifts to tribute and treasure. Krishna takes the humble task of washing the feet of the Brahmanas. Gifts and tribute pour in, and the Rajasuya is performed with six fires and generous feasting, so that gods, Brahmanas and people are all satisfied."
B02C035,B02,Sabha Parva,35,35,XXXV,3594,3691,6,867,"On the last day of the sacrifice, the sages and kings gather and debate freely. Narada recognises that Krishna, the Yadava, is Narayana in human form, and the elders agree that the first honour of the Arghya should go to the most worthy guest. Bhishma names Krishna, and Sahadeva presents the honour, but Sisupala cannot bear it and begins to rebuke Bhishma and Yudhishthira."
B02C036,B02,Sabha Parva,36,36,XXXVI,3693,3771,2,865,"Sisupala denounces Yudhishthira and Bhishma for honouring Krishna, whom he calls no king and no priest. He lists worthier men who were passed over, including Drona, Duryodhana, Karna and Salya, and accuses Krishna of killing Jarasandha by treachery and of accepting the honour out of greed. He then leaves the assembly with the kings who followed him."
B02C037,B02,Sabha Parva,37,37,XXXVII,3773,3792,1,104,Yudhishthira hurries after Sisupala and asks him to restrain his anger. He says the elder kings approve of the honour given to Krishna and that Bhishma knows Krishna better than Sisupala does. The chapter shows Yudhishthira trying to calm the quarrel before it spreads.
B02C038,B02,Sabha Parva,38,38,XXXVIII,3794,3923,5,1244,"Bhishma replies that whoever will not honour Krishna deserves neither gentle words nor a compromise, and lists Krishna's virtues, deeds and place as the origin of the universe. Sahadeva issues a bold challenge to any king who objects, and Narada declares that those who do not worship Krishna are as good as dead. Sisupala, enraged, rallies the kings to block the sacrifice, and Krishna sees a great host of kings readying for an attack."
B02C039,B02,Sabha Parva,39,39,XXXIX,3925,3974,4,383,"Yudhishthira, seeing the enraged kings, asks Bhishma how to keep the sacrifice from being wrecked. Bhishma answers that the kings are like dogs barking at a sleeping lion, that Krishna is that lion, and that Sisupala's folly is part of a divine plan to take back his energy. Sisupala responds to Bhishma with harsh words."
B02C040,B02,Sabha Parva,40,40,XL,3976,4081,3,1142,"Sisupala mocks Bhishma as an old, misguided man and ridicules Krishna's childhood deeds, including the killing of Putana and the lifting of Govardhan. He accuses Bhishma of hollow celibacy and past wrongs, and tells the tale of an old swan who ate other birds' eggs until the birds killed him. He warns that Bhishma will die at the hands of his own kin."
B02C041,B02,Sabha Parva,41,41,XLI,4083,4133,2,484,"Sisupala praises Jarasandha for not fighting Krishna and accuses Krishna of unfairly slaying him, pointing out that Krishna entered in disguise and refused Jarasandha's hospitality. He calls Yudhishthira's advisers aged and womanish. Bhima, enraged, is restrained by Bhishma, and Sisupala laughs at him and calls for Bhima to be released so that the kings can watch him burn."
B02C042,B02,Sabha Parva,42,42,XLII,4135,4194,2,615,"Bhishma tells how Sisupala was born with three eyes and four arms and how an invisible voice foretold that he would die at the hands of the one on whose lap the extra arms would fall. When Krishna took the child on his lap, the arms fell away and the third eye vanished, so Sisupala's mother asked Krishna for a boon, and he promised to pardon a hundred offences. Bhishma explains that Sisupala's boldness comes from this boon."
B02C043,B02,Sabha Parva,43,43,XLIII,4196,4299,4,1037,"Bhishma says that Sisupala's defiance is Krishna's doing, since Sisupala is part of a divine purpose. Sisupala cannot bear the rebuke and retorts with a list of kings Bhishma should praise instead, from Karna and Drona to Duryodhana and Kripa, calling Bhishma as foolish as the bird Bhulinga. Bhishma replies that he holds the kings in no regard, and the kings threaten to kill him, while Bhishma invites them to fight Krishna."
B02C044,B02,Sabha Parva,44,44,XLIV,4301,4474,7,1739,"Sisupala challenges Krishna and the Pandavas, and Krishna answers with a long list of Sisupala's old wrongs, from burning Dwaraka to abducting women. When Sisupala mocks him, Krishna throws his discus and beheads him, saying the hundred pardons his mother asked for are now used up. Yudhishthira holds the funeral and installs Sisupala's son in Chedi, the sacrifice is completed, and the kings depart while Krishna returns to Dwaraka, leaving Duryodhana and Sakuni in the hall."
B02C045,B02,Sabha Parva,45,45,XLV,4476,4569,4,896,"After the Rajasuya ends, Vyasa visits Yudhishthira, who asks whether the omens have ended now that Sisupala is dead. Vyasa warns that the omens will bring destruction to the Kshatriyas within thirteen years, caused by Duryodhana's sins and carried out through Bhima and Arjuna, and he foretells a dream of Shiva. Yudhishthira resolves to bear hardship and to avoid harsh words and war for the next thirteen years."
B02C046,B02,Sabha Parva,46,46,XLVI,4571,4668,4,951,"Duryodhana wanders the Pandavas' assembly hall and is repeatedly fooled by its crystal floors and doors, and the brothers and servants laugh at him. He leaves for Hastinapura in shame, and on the road Sakuni finds him sunk in envy of Yudhishthira's wealth and honour. Duryodhana declares that he cannot bear the Pandavas' prosperity and that Fate seems to be on their side, so he turns to Sakuni for help."
B02C047,B02,Sabha Parva,47,47,XLVII,4670,4740,6,562,"Sakuni tells Duryodhana not to envy Yudhishthira, since the Pandavas' fortune has been earned, and lists Duryodhana's own allies, including Drona, Karna and Kripa. Duryodhana agrees to act with them, but Sakuni says the Pandavas cannot be beaten in battle. He then reveals a plan: Yudhishthira is too fond of dice to refuse a game, and Sakuni is a master of it, so they should win his kingdom at dice with Dhritarashtra's approval. Duryodhana asks Sakuni to put the plan to his father."
B02C048,B02,Sabha Parva,48,48,XLVIII,4742,4914,10,1611,"Sakuni notices Duryodhana's misery and tells Dhritarashtra that his son is pale and despondent. Duryodhana confesses that the Pandavas' wealth and honour eat at him, and Sakuni proposes winning that wealth at dice, since Yudhishthira is fond of the game. Dhritarashtra agrees to consult Vidura, but Duryodhana threatens suicide, so Dhritarashtra orders a palace built for the match and sends for Yudhishthira, while Vidura, sensing disaster, warns against it in vain."
B02C049,B02,Sabha Parva,49,49,XLIX,4916,5021,5,1035,"Janamejaya asks how the fatal dice match came about and who supported or opposed it. The narrator begins to tell the story, and Dhritarashtra privately urges Duryodhana to drop the dice plan, praising Vidura's wise counsel. Duryodhana replies with a bitter list of grievances, including the tribute he had to receive, the mockery of his mistakes in the Pandavas' hall, and the laughter of Bhima and Draupadi."
B02C050,B02,Sabha Parva,50,50,L,5023,5114,1,999,"Duryodhana describes in detail the tribute that many kings, peoples and tribes brought to Yudhishthira, from horses, camels and asses to gold, weapons and cloth. He says that many Brahmanas and tribes were left waiting at the gate, and that he lost his composure at such wealth. The catalogue shows the scale of Yudhishthira's power as seen through a rival's eyes."
B02C051,B02,Sabha Parva,51,51,LI,5116,5232,2,1220,"Duryodhana continues to lament by listing the tribute that peoples, kings and tribes brought to Yudhishthira, from gold and elephants to gems and horses, and says that many were kept waiting at the gate. He then describes the huge household that Yudhishthira feeds, including thousands of Brahmanas, and notes that only the Panchalas and the Yadavas pay him no tribute. The chapter adds to Duryodhana's resentment at the Pandavas' rising power."
B02C052,B02,Sabha Parva,52,52,LII,5234,5303,1,742,"Duryodhana describes the coronation-style ceremonies of the Rajasuya, in which the kings served as attendants: one brought the umbrella, another the chariot parts, and Krishna bathed Yudhishthira with a great conch brought from the sea. Duryodhana says he was overwhelmed by such prosperity, which he says rivals that of Harishchandra. He concludes that he sees no point in living while his cousins grow in strength."
B02C053,B02,Sabha Parva,53,53,LIII,5305,5337,1,324,"Dhritarashtra rebukes Duryodhana for his envy, saying that Yudhishthira is free of deceit and that Duryodhana has as much wealth and as many friends. He advises Duryodhana to perform his own grand sacrifice, the Saptatantu, and to find contentment in his own rightful share. He warns that quarrelling with kinsmen brings sin and ruin."
B02C054,B02,Sabha Parva,54,54,LIV,5339,5398,1,684,"Duryodhana rejects his father's counsel and argues that a king must pursue his advantage by any means, since success is the measure of a Kshatriya. He cites precedent that enemies must be crushed while still weak, and says he will either take the Pandavas' prosperity or fall in battle. His refusal to be calmed sets the stage for the dice match."
B02C055,B02,Sabha Parva,55,55,LV,5400,5492,8,701,"Sakuni offers to win Yudhishthira's wealth at dice, and Duryodhana presses his father to allow it. Dhritarashtra says he will consult Vidura and warns that hostility with the strong brings war, but Duryodhana argues that dice is a bloodless game that will raise his house to equal the Pandavas. Dhritarashtra gives way to fate and his son's wishes, orders a grand crystal-arched hall built, and sends Vidura to bring Yudhishthira to the match."
B02C056,B02,Sabha Parva,56,56,LVI,5494,5514,2,133,"Vidura objects to his brother's order, warning that the match will split the sons of Dhritarashtra and destroy the family. Dhritarashtra replies that the world moves under fate, and sends Vidura to bring Yudhishthira. The chapter closes the first step toward the fatal match."
B02C057,B02,Sabha Parva,57,57,LVII,5516,5650,8,1228,"Vidura, sent by Dhritarashtra against his own judgment, goes to Indraprastha and delivers the invitation to a dice match at Hastinapura. Yudhishthira asks who the cheats are, and Vidura names Sakuni and other gamblers, but Yudhishthira says he will play only if summoned, since fate governs all. He sets out with his brothers and Draupadi, is greeted warmly by the Kauravas, and spends a night of revelry before the match."
B02C058,B02,Sabha Parva,58,58,LVIII,5652,5740,8,713,"The Pandavas enter the assembly hall, and Sakuni calls for the dice to be cast. Yudhishthira objects that deceitful gambling is sinful, but Sakuni argues that every contest aims at victory. Yudhishthira says he cannot refuse a summons, and Duryodhana offers jewels and wealth and names Sakuni as his player, which Yudhishthira objects to but accepts so the match can begin."
B02C059,B02,Sabha Parva,59,59,LIX,5742,5776,4,201,"The kings take their places in the hall, and the match begins. Yudhishthira stakes a precious pearl necklace from the churning of the ocean, and Duryodhana replies that he has great wealth to offer. Sakuni casts the dice and claims the first win."
B02C060,B02,Sabha Parva,60,60,LX,5778,5915,19,794,"Yudhishthira keeps staking his riches, from his gold and treasure to chariots, serving-girls, servants, elephants, horses, warriors and jewels, and Sakuni claims each stake in turn. Yudhishthira protests that the wins are unfair but keeps playing. The chapter shows the match growing into a steady loss for the Pandavas."
B02C061,B02,Sabha Parva,61,61,LXI,5917,5973,1,631,"During the match Vidura warns Dhritarashtra that Duryodhana, who cried like a jackal from birth, will bring ruin on the family. He illustrates the danger with the tale of the honey-gatherers who fall from heights and the king who killed his golden birds, and urges Dhritarashtra to stop pursuing the Pandavas for gain. He warns that the Yadavas once rid themselves of a bad son for the good of the whole, and suggests that war with the Pandavas would be disastrous."
B02C062,B02,Sabha Parva,62,62,LXII,5975,6011,1,356,"Vidura continues his plea that gambling sows dissension and that Duryodhana's intoxication will drive away the family's luck. He warns the Kauravas not to enter the fire that Duryodhana has lit, and asks why Dhritarashtra wants the Pandavas' wealth when he could win the Pandavas themselves as allies. He calls on Sakuni to go home and urges the king to avoid war with the sons of Pandu."
B02C063,B02,Sabha Parva,63,63,LXIII,6013,6088,2,808,"Duryodhana rounds on Vidura, accusing him of favouring the Pandavas, of speaking harsh words, and of being a parasite who should leave the king's service. Vidura answers that a king who casts off honest counsellors is like a child who quarrels with his friend, and that a man who turns on his wise advisers invites ruin. He then bows to Dhritarashtra and takes his leave, marking a sharp split in the court."
B02C064,B02,Sabha Parva,64,64,LXIV,6090,6311,30,1353,"Sakuni keeps pressing Yudhishthira for more stakes, and Yudhishthira stakes his wealth, lands and people, then his brothers one by one, then himself, and finally Draupadi. Sakuni wins each stake in turn. The elders cry out in horror, Vidura sits in grief, Dhritarashtra keeps asking whether the stake has been won, and Karna and Dussasana laugh."
B02C065,B02,Sabha Parva,65,65,LXV,6313,6361,2,489,"Duryodhana orders Vidura to bring Draupadi into the hall and make her a servant. Vidura warns him sharply that he is tying himself in cords and courting ruin, and argues that Draupadi cannot be enslaved, since Yudhishthira had already lost himself before staking her. He ends with the fable of the goat that swallowed a hook, urging Duryodhana not to swallow the Pandavas' wealth or make them enemies."
B02C066,B02,Sabha Parva,66,66,LXVI,6363,6822,27,4282,"Duryodhana sends a messenger to bring Draupadi into the assembly. She asks whether Yudhishthira staked himself or her first, and no one can answer, so Duryodhana has Dussasana drag her by the hair before the hall. She pleads that she is in her season and wearing one garment, and the elders stay silent while the Pandavas burn with anger. Vikarna argues that Draupadi was not validly won, Karna rebukes him, and Dussasana tries to strip her, but a miracle of endless robes saves her, and Vidura cites the tale of Prahlada to urge the assembly to answer. The chapter is the moral low point of the match and sets up the vows of vengeance that follow."
B02C067,B02,Sabha Parva,67,68,LXVIII,6824,6892,4,630,"Draupadi, dragged before the assembly, appeals to the Kurus, recalling that she was seen by the kings only once, at her swayamvara, and asking whether she is a wife or a servant. She challenges the elders to say whether she was won or not, and accepts their verdict. Bhishma replies that dharma is too subtle for him to settle, that the Kurus are ruined by greed and folly, and that Yudhishthira alone can say whether she was won."
B02C068,B02,Sabha Parva,68,69,LXIX,6894,6954,3,552,"Duryodhana taunts Draupadi, telling her that her husbands should answer her question and that Yudhishthira should declare that he is not their lord. Bhima replies that if Yudhishthira regards himself as won, then they are all won, but that he would slay the sons of Dhritarashtra if the eldest commanded it. Bhishma, Drona and Vidura tell him to hold back."
B02C069,B02,Sabha Parva,69,70,LXX,6956,7112,14,1224,"Karna argues that Draupadi, now a slave, should choose another husband, and Duryodhana exposes his thigh to her, which enrages Bhima, who vows to break it. Vidura warns the kings that a disaster is coming, and Arjuna says that Yudhishthira was master until he lost himself. Omens of jackals and braying asses frighten the court, and Dhritarashtra grants Draupadi a boon: the freedom of Yudhishthira and of her son. He offers a second boon, which she accepts for her husbands' freedom, and a third, which she declines."
B02C070,B02,Sabha Parva,70,71,LXXI,7114,7167,4,456,"Karna praises Draupadi as the boat that rescued the Pandavas from the ocean of distress. Bhima laments that the insult to his wife has dimmed the light of his family, and Arjuna answers that superior men do not dwell on the harsh words of inferiors. Bhima, furious, threatens to kill the Kauravas then and there, and Yudhishthira restrains him and goes to speak to Dhritarashtra."
B02C071,B02,Sabha Parva,71,72,LXXII,7169,7227,3,532,"Yudhishthira bows to Dhritarashtra and asks for his command. The old king tells him to forget Duryodhana's insults, to return to Indraprastha with his wealth, and to keep to the path of peace and brotherly love. The Pandavas leave with Draupadi for their city."
B02C072,B02,Sabha Parva,72,73,LXXIII,7229,7318,10,698,"Janamejaya asks how the Kauravas reacted to the Pandavas' release. Dussasana complains that Dhritarashtra has thrown away their winnings, and Duryodhana, Karna and Sakuni persuade the king to recall the Pandavas for a second match, staking exile for twelve years and a thirteenth year in disguise. Drona, Somadatta, Kripa, Bhishma and others urge peace, but Dhritarashtra, partial to his sons, ignores them and summons the Pandavas back."
B02C073,B02,Sabha Parva,73,74,LXXIV,7320,7359,2,370,"Gandhari, grieving for her sons, pleads with Dhritarashtra to abandon Duryodhana, recalling Vidura's warning at his birth that he would bring the family's ruin. Dhritarashtra replies that if ruin is fated, it should come, and he orders the Pandavas recalled so that the dice match can resume. The chapter ends with the king surrendering to his son's will."
B02C074,B02,Sabha Parva,74,75,LXXV,7361,7448,9,635,"A royal messenger catches up with Yudhishthira, who has gone some distance, and brings Dhritarashtra's summons back to the dice. Yudhishthira accepts, saying fate rules and he cannot refuse the old king, though he knows the match will ruin him. Sakuni sets the new stake as exile: the loser must spend twelve years in the forest in deer-skins and a thirteenth in hiding, after which the kingdom is to be handed back, and Sakuni wins once more."
B02C075,B02,Sabha Parva,75,76,LXXVI,7450,7598,11,1285,"The defeated Pandavas put on deer-skins, and Dussasana gloats, mocking them and urging Draupadi to choose another husband. Bhima, furious, vows to tear open Dussasana's breast and drink his blood, and to slay Duryodhana, Karna and Sakuni. Arjuna, Sahadeva and Nakula each swear to avenge Draupadi's insult in the fourteenth year, and the brothers go to take leave of Dhritarashtra."
B02C076,B02,Sabha Parva,76,77,LXXVII,7600,7676,6,636,"Yudhishthira bids farewell to the elders, including Bhishma, Drona, Kripa, Ashvatthama, Vidura and Dhritarashtra, and the assembly, ashamed, can only pray for his welfare. Vidura asks that Kunti remain in his house, and gives Yudhishthira a long counsel on patience, drawing on the gods, the sages who taught him, and his brothers' strengths. Yudhishthira bows to Bhishma and Drona and goes into exile."
B02C077,B02,Sabha Parva,77,78,LXXVIII,7678,7799,7,1048,"Draupadi takes leave of Kunti and the household women, and Kunti blesses her and asks her to watch over Sahadeva in the forest. Kunti follows and finds her sons in deer-skins surrounded by rejoicing foes, embraces them, and laments the calamity, calling on Krishna, Pandu and the elders. The Pandavas comfort their mother and leave for the forest, Vidura takes Kunti to his house, and the anxious Dhritarashtra summons Vidura."
B02C078,B02,Sabha Parva,78,79,LXXIX,7801,7941,6,1392,"Dhritarashtra anxiously asks Vidura how each Pandava left the city, and Vidura describes each brother's manner of departure as a sign of his intent, from Bhima flexing his arms to Draupadi weeping with loosened hair. Vidura reports the portents that accompanied them, including earthquake, eclipse and cries of jackals. A celestial sage foretells that the Kauravas will be destroyed in fourteen years, and Drona reassures the Kauravas while warning that Dhrishtadyumna, born to slay him, has joined the Pandavas. Dhritarashtra tells Vidura to bring the Pandavas back with honour."
B02C079,B02,Sabha Parva,79,80,LXXX,7943,8058,6,973,"After the Pandavas go into the forest, Dhritarashtra is restless, and Sanjaya asks why he grieves now that he has the whole earth. Dhritarashtra fears the Pandavas' return, and Sanjaya blames Duryodhana for ignoring the elders and dragging Draupadi into the hall, which he sees as a sign of approaching ruin. Dhritarashtra recounts the omens and admits that he granted Draupadi boons and freed the Pandavas, that Vidura urged peace, and that he refused for love of his son. The chapter closes the Sabha Parva."
B03C001,B03,Vana Parva,1,1,I,14,158,10,1214,"The Pandavas leave Hastinapura after losing at dice, with Draupadi and their attendants, heading north. Citizens angry at Duryodhana and his allies follow them out and beg to go along. Yudhishthira asks them to return and care for the elders left behind, and the people reluctantly turn back. The chapter opens the forest exile by showing the brothers' departure and their first night on the Ganges bank."
B03C002,B03,Vana Parva,2,2,II,160,410,9,2438,"On the morning the Pandavas enter the forest, Yudhishthira warns the Brahmana companions of its dangers and offers them release, but they refuse. Yudhishthira feels shame at having others suffer for his sake. The sage Saunaka consoles him with a long teaching that attachment, desire and wealth cause suffering and that contentment and detachment bring peace. Yudhishthira answers that he wants wealth only to support Brahmanas and guests, and Saunaka closes with advice on duty and austerity."
B03C003,B03,Vana Parva,3,3,III,412,650,10,2156,"Yudhishthira asks his priest Dhaumya what to do about the Brahmanas who follow him into exile and whom he cannot feed. Dhaumya teaches that the sun sustains all creatures and urges him to worship Surya. Yudhishthira sings a hymn of praise in the Ganges, and the sun grants him an inexhaustible food supply and promises his kingdom back after fourteen years. The Pandavas then feed the Brahmanas and set out for the Kamyaka woods."
B03C004,B03,Vana Parva,4,4,IV,652,731,4,777,"After the Pandavas leave, Dhritarashtra asks Vidura how to keep the citizens on his side. Vidura urges him to restore the Pandavas' share of the kingdom and to set aside Duryodhana, warning that the Kurus will be destroyed otherwise. Dhritarashtra refuses, saying he cannot abandon his own son, and sends Vidura away. Vidura goes to the Pandavas, convinced that the race is doomed."
B03C005,B03,Vana Parva,5,5,V,733,816,4,718,"The Pandavas move through holy places to the Kamyaka forest on the Saraswati, where Munis visit them. Vidura arrives alone, and Yudhishthira, fearing a new dice challenge, asks what he has come for. Vidura reports that Dhritarashtra has rejected his advice and repeats counsel to build allies, share wealth with them and speak truthfully. Yudhishthira agrees to follow it."
B03C006,B03,Vana Parva,6,6,VI,818,886,4,627,"Dhritarashtra regrets his harshness to Vidura and sends Sanjaya to the Pandavas to bring him back. Sanjaya finds Vidura with Yudhishthira at Kamyaka, and Yudhishthira lets him return. Dhritarashtra welcomes Vidura with affection and apology, and Vidura forgives him, and the two brothers are glad to be reconciled."
B03C007,B03,Vana Parva,7,7,VII,888,960,5,633,"Duryodhana, angry that Vidura has returned and calmed the king, gathers Sakuni, Karna and Dussasana and vows to undo the Pandavas' return. Sakuni advises patience and watching, while Karna urges an armed attack on the exiles in the forest. The princes set out, but Vyasa, seeing their plan by his insight, stops them and goes to Dhritarashtra."
B03C008,B03,Vana Parva,8,8,VIII,962,990,1,286,"Vyasa comes to Dhritarashtra and warns that once the Pandavas' exile ends they will remember their wrongs and strike back. He urges the king to restrain Duryodhana while there is still time. The chapter is a short, direct warning from the sage."
B03C009,B03,Vana Parva,9,9,IX,992,1056,4,624,"Dhritarashtra admits he cannot cast off his son Duryodhana even though he disliked the dice game. Vyasa tells the tale of Indra and Suravi, in which the mother cow weeps over her weakest calf, to show that a parent's love falls most on the weak. He applies the lesson to the Kurus and urges Duryodhana to make peace with the Pandavas."
B03C010,B03,Vana Parva,10,10,X,1058,1171,9,970,"Dhritarashtra asks Vyasa's help, and the sage Maitreya arrives, having seen Yudhishthira at Kamyaka. Maitreya urges Duryodhana to make peace, citing Bhima's feats against Rakshasas and Jarasandha. Duryodhana sneers in silence, so Maitreya curses him that Bhima will break his thigh in the coming war. Maitreya then refuses to say more, sending Dhritarashtra to Vidura for the story of Kirmira."
B03C011,B03,Vana Parva,11,11,XI,1173,1364,8,1892,"Dhritarashtra asks Vidura how Bhima killed the Rakshasa Kirmira. Vidura describes how Kirmira, brother of Vaka, blocked the Pandavas at midnight in Kamyaka forest with illusions and vowed to devour Bhima. Bhima fought him with a tree and then wrestled him to death, and the Pandavas moved on to the Dwaita woods. Dhritarashtra sighs and falls into thought at the tale."
B03C012,B03,Vana Parva,12,12,XII,1366,1715,11,3512,"Hearing of the Pandavas' exile, Krishna and many allies visit them in the forest, and Krishna vows that the Kauravas will die and Yudhishthira will be restored. Arjuna calms him by recounting Krishna's divine deeds, and Krishna replies that he and Arjuna are one. Draupadi then weeps and recounts the insult in the assembly and the Kauravas' earlier plots, and Dhrishtadyumna and Krishna vow revenge. The chapter turns the exile into a political and personal grievance that the allies take up."
B03C013,B03,Vana Parva,13,13,XIII,1717,1759,1,444,"Krishna tells Yudhishthira that had he been at Dwaraka, he would have prevented the dice game by warning of its evils and, if need be, by force. He explains that he learned of the disaster from Yuyudhana and came as fast as he could. He grieves that the brothers now suffer and that he has come to see them."
B03C014,B03,Vana Parva,14,14,XIV,1761,1818,2,597,"Yudhishthira asks Krishna where he was while away from Dwaraka. Krishna explains that Salwa, avenging Sisupala, whom Krishna killed at the Rajasuya sacrifice, raided the empty city and killed many young Vrishnis. Krishna chased him to an island in the ocean, and returned to Hastinapura only after hearing of the dice game. The chapter explains why Krishna was absent when the Pandavas needed him."
B03C015,B03,Vana Parva,15,15,XV,1820,1881,2,560,"Yudhishthira asks Krishna to tell him fully how Salwa was slain. Krishna begins with Salwa's siege of Dwaraka and describes the city's preparations in detail. The walls, traps, weapons, watchmen and rules against drinking show how the Vrishnis readied for the attack."
B03C016,B03,Vana Parva,16,16,XVI,1883,1959,1,787,"Salwa's army marches on Dwaraka and the young Vrishni princes sally out to meet it. Samva drives off Salwa's commander Kshemavriddhi and kills the demon Vegavat, and Charudeshna kills the demon Vivindhya. Salwa returns to the field in force, and Pradyumna steps forward to rally the Yadavas."
B03C017,B03,Vana Parva,17,17,XVII,1961,2022,1,615,"Pradyumna mounts his golden chariot and rides against Salwa, who comes down from his own chariot to fight him. Salwa is struck to the heart by an arrow and falls senseless. He recovers, however, and badly wounds Pradyumna, leaving him insensible on the field."
B03C018,B03,Vana Parva,18,18,XVIII,2024,2106,2,908,"Pradyumna is carried off the field, senseless, by his charioteer, the son of Daruka. When he wakes, he scolds the charioteer for retreating and orders him to turn back. He insists that a Vrishni warrior never flees, and that the shame of running would be worse than death."
B03C019,B03,Vana Parva,19,19,XIX,2108,2174,2,691,"The charioteer answers that he retreated only to protect the wounded warrior, and he now drives back into the enemy host with great skill. Pradyumna again wounds Salwa, who falls senseless. The gods send Narada and the wind god to stop Pradyumna from killing Salwa, since Salwa is fated to die at Krishna's hand, and Salwa flees across the sky."
B03C020,B03,Vana Parva,20,20,XX,2176,2273,1,1071,"Krishna, here also called Vasudeva, returns to Dwaraka after the Rajasuya and finds the city mourning Salwa's raid. He vows to kill Salwa, sets out with his army, and follows him to the ocean. There a long battle of arrows and illusions begins, which Krishna meets with counter-illusions and a powerful weapon."
B03C021,B03,Vana Parva,21,21,XXI,2275,2349,2,774,"Salwa keeps up his attack, and Krishna's charioteer Daruka is badly wounded. A messenger from Ahuka brings the false report that Salwa has killed Krishna's father Vasudeva in Dwaraka. Krishna is stunned, seeing an illusion of his father falling, and swoons before recovering to fight on."
B03C022,B03,Vana Parva,22,22,XXII,2351,2478,2,1378,"Krishna fights through Salwa's illusions, including a shower of rocks that buries him, and breaks free with the thunderbolt. Daruka urges him to finish Salwa, and Krishna hurls the Sudarsana discus, which destroys the city of Saubha and Salwa himself. Krishna then takes leave of the Pandavas and returns to Dwaraka, while the allies and Brahmanas go their separate ways."
B03C023,B03,Vana Parva,23,23,XXIII,2480,2530,1,494,"The Pandavas set out into the forest after giving gifts to Brahmanas, and the people of Kurujangala come to bid them farewell. They lament the king's exile and blame Duryodhana, Dussasana, Karna and Sakuni. Arjuna asks the Brahmanas to plead the Pandavas' cause with the ascetics, and the people go home with heavy hearts."
B03C024,B03,Vana Parva,24,24,XXIV,2532,2626,3,727,"Yudhishthira tells his brothers they must spend the next twelve years in the forest and asks them to find a suitable place. Arjuna suggests the lake of Dwaitavana, rich in flowers and birds, and Yudhishthira agrees. The Pandavas and their Brahmana companions enter the forest and sit down at the foot of a great tree, welcomed by ascetics."
B03C025,B03,Vana Parva,25,25,XXV,2628,2697,2,657,"The Pandavas settle in the Dwaita woods, where Dhaumya performs sacrifices and Yudhishthira honours the ascetics. The sage Markandeya visits and, seeing their plight, recalls Rama's exile. He urges Yudhishthira that no one should act wrongly out of pride in his own might, and predicts that Yudhishthira will win back his fortune. The sage then departs to the north."
B03C026,B03,Vana Parva,26,26,XXVI,2699,2767,2,653,"The Dwaita woods fill with Brahmanas performing rites, and Vaka of the Dalvya line counsels Yudhishthira that Kshatriya strength needs Brahmanical wisdom. He cites the fall of the demon king Vali, who wronged the Brahmanas, and urges Yudhishthira to keep a learned Brahmana as an adviser. The assembled sages then honour Yudhishthira for his respect towards the Brahmanas."
B03C027,B03,Vana Parva,27,27,XXVII,2769,2863,1,1026,"Draupadi sits with the Pandavas in the forest and grieves for their lost splendour, contrasting their former luxuries with their present hardship. She notes that only four men, Duryodhana, Karna, Sakuni and Dussasana, did not weep at their exile. She asks why Yudhishthira's anger does not blaze up against the Kauravas, and urges him to act, since a Kshatriya who fails to strike back is despised."
B03C028,B03,Vana Parva,28,28,XXVIII,2865,2963,4,936,"Draupadi argues that Yudhishthira should now use his might, citing the old tale of Prahlada's counsel to his grandson Vali. Prahlada teaches that neither constant forgiveness nor constant anger is right, and that the wise must act according to time and place. Draupadi concludes that forgiveness is wasted on the Kauravas and that the time has come for action."
B03C029,B03,Vana Parva,29,29,XXIX,2965,3099,1,1433,"Yudhishthira replies at length that anger destroys people, and that a wise man, strong or weak, should conquer wrath and forgive. He cites Kasyapa's praise of forgiveness and argues that the elders will press for peace, so the kingdom may be returned. He concludes that Duryodhana does not deserve the kingdom and that he himself will hold to forgiveness."
B03C030,B03,Vana Parva,30,30,XXX,3101,3211,1,1135,"Draupadi challenges Yudhishthira, arguing that virtue has not protected him despite his generosity and great sacrifices, and that he gambled everything away in an evil hour. She argues that God directs all creatures like puppets and then asks how a just God lets the wicked prosper. She ends by asking whether human might, rather than God, is the true cause of action."
B03C031,B03,Vana Parva,31,31,XXXI,3213,3319,1,1145,"Yudhishthira answers Draupadi that he acts out of duty and not for the fruit of his acts, and that doubting virtue is a grave fault. He cites the sages, including Markandeya, who gained lasting merit through virtue, and says that a doubter loses both this world and the next. He urges her to put aside doubt, have faith in God, and honour the Vedas."
B03C032,B03,Vana Parva,32,32,XXXII,3321,3477,1,1742,"Draupadi replies that she has never scorned religion or God, and that her words are the lament of a grieving woman. She argues that every living creature must act, that fate and chance alone bring only ruin, and that human effort, guided by intelligence and by the fruits of past deeds, is the cause of success. She ends by saying that a person must act with confidence and not despair when results are slow, and recalls the teaching she received as a child."
B03C033,B03,Vana Parva,33,33,XXXIII,3479,3708,2,2549,"Bhima, angry at the forest life, urges Yudhishthira to give up his pledge and take back the kingdom by force. He says the kingdom was won by Duryodhana's unfair dice and that the Pandavas' patience has only made them look weak. He argues at length that virtue, wealth and pleasure must be pursued together, and that a Kshatriya's duty is to fight with might and stratagem."
B03C034,B03,Vana Parva,34,34,XXXIV,3710,3788,1,793,"Yudhishthira accepts Bhima's anger but explains that Sakuni's trickery won the dice game and that the agreed terms made them exiles for twelve years and a thirteenth year in disguise. He says that breaking a sworn pledge is worse than death, and that the Pandavas must wait for their chance to avenge the wrong. He also reminds Bhima that he once wanted to burn Yudhishthira's hands during the game and was stopped by Arjuna."
B03C035,B03,Vana Parva,35,35,XXXV,3790,3876,1,945,"Bhima presses Yudhishthira to act at once, arguing that life is short and that waiting thirteen years only brings death closer. He says the Pandavas will be discovered by spies and by the kings they have wronged, and that thirteen months in the forest should be counted as thirteen years. He calls on Yudhishthira to fight, since battle is the Kshatriya's duty."
B03C036,B03,Vana Parva,36,36,XXXVI,3878,3997,5,1136,"Yudhishthira weighs Bhima's counsel and warns that rash action will fail against the Kaurava champions and their allied kings. Vyasa arrives, promises to dispel Yudhishthira's fear, and teaches him a sacred science, advising Arjuna to seek weapons from the gods. The Pandavas then leave Dwaitavana for Kamyaka and resume their forest life."
B03C037,B03,Vana Parva,37,37,XXXVII,3999,4149,3,1538,"Yudhishthira privately tells Arjuna that Duryodhana's side has the best teachers and weapons, and sends him north to win celestial arms from Indra. He passes on Vyasa's science and sends Arjuna off with blessings from his brothers, Krishna and Draupadi. On the Himalayas, Arjuna is tested by a figure who turns out to be Indra, who urges him to seek the sight of Shiva before he can receive the weapons."
B03C038,B03,Vana Parva,38,38,XXXVIII,4151,4249,5,914,"Janamejaya asks for the full tale of how Arjuna won weapons and fought Shiva. Arjuna enters the Himalayan forest and practises harsh austerities, eating less and less until he stands on his toes and lives on air alone. Alarmed by the heat of his penance, the sages go to Shiva, who says he knows Arjuna's wish and will grant it."
B03C039,B03,Vana Parva,39,39,XXXIX,4251,4453,3,2181,"Shiva comes to the Himalayas disguised as a Kirata hunter, with Uma and a band of attendants, just as a demon in boar form attacks Arjuna. Both Arjuna and the hunter shoot the boar and quarrel over it, and their duel becomes fierce. Arjuna's weapons fail, the hunter's blows leave him senseless, and Arjuna recovers, makes a clay image of the god, and finds his garland on the hunter's head. Shiva then reveals himself, pardons him and promises a weapon."
B03C040,B03,Vana Parva,40,40,XL,4455,4541,4,804,"Shiva tells Arjuna that he was Nara, the friend of Narayana, and returns the Gandiva bow and inexhaustible quivers that he had taken from him by illusion. Arjuna asks for the Brahmasira weapon so he can win the coming war against Karna, Bhishma, Kripa and Drona. Shiva gives him the Pasupata weapon, warns that it must be used only against a worthy foe, and teaches him its mysteries before departing with Uma."
B03C041,B03,Vana Parva,41,41,XLI,4543,4680,6,1322,"After Shiva vanishes, the guardians of the world, Varuna, Kubera, Yama and Indra, come to the mountain to see Arjuna. Each gives him a celestial weapon, and Indra promises to take him to heaven to receive his full arms. Arjuna worships the gods, who depart, and he feels that his purpose is fulfilled."
B03C042,B03,Vana Parva,42,42,XLII,4682,4797,4,1064,"Indra sends his chariot, driven by Matali, to bring Arjuna up to heaven to receive the celestial weapons. Arjuna insists that Matali mount first, bids farewell to Mount Mandara, and rides up through the realms of the virtuous and the heroic dead. He reaches Amaravati, the city of Indra."
B03C043,B03,Vana Parva,43,43,XLIII,4799,4888,1,865,"Arjuna enters Amaravati, a city of flowers and celestial gardens reserved for the virtuous, and is welcomed by the gods, Gandharvas and sages. Indra embraces him and seats him on his own throne, delighting in his son's splendour while heavenly dancers perform."
B03C044,B03,Vana Parva,44,44,XLIV,4890,4928,2,337,"Arjuna stays in Indra's palace for five years, receiving the thunderbolt and other celestial weapons. Indra then sends him to learn celestial music and dance from the Gandharva Chitrasena. Arjuna's mind stays restless, troubled by thoughts of his brothers, his mother and the unfair dice game."
B03C045,B03,Vana Parva,45,45,XLV,4930,4986,2,517,"Indra notices that Arjuna has looked at the Apsara Urvasi, and sends Chitrasena to ask her to attend Arjuna and teach him the arts of female company. Chitrasena praises Arjuna's virtues in the message, and Urvasi replies that she is already drawn to him and will go to him."
B03C046,B03,Vana Parva,46,46,XLVI,4988,5161,9,1693,"Urvasi dresses richly and goes to Arjuna's palace at night, desiring him. Arjuna honours her as a superior and refuses her advances, calling her like his mother. Urvasi, enraged, curses him to live among women as a dancer, without manhood, for a year. Indra tells Arjuna the curse will serve him in the thirteenth year of exile, when the brothers must remain unknown, and Arjuna is relieved and sports in heaven."
B03C047,B03,Vana Parva,47,47,XLVII,5163,5273,4,928,"The sage Lomasa visits Indra's heaven and is puzzled to see Arjuna seated beside Indra. Indra explains that Arjuna is his son, that Nara and Narayana have been reborn on earth, and that the demons called Nivatakavachas threaten the gods. He sends Lomasa to Yudhishthira with a message urging him to visit sacred waters and to be guarded against demons on the road."
B03C048,B03,Vana Parva,48,48,XLVIII,5275,5324,2,479,"Janamejaya asks how Dhritarashtra reacted to news of Arjuna's feats. Dhritarashtra, having heard from Vyasa, tells Sanjaya that his sons cannot stand against Arjuna, and he foresees a terrible war that may end the Kuru line. He fears that Arjuna's anger, with Krishna as his ally, will be impossible to calm."
B03C049,B03,Vana Parva,49,49,XLIX,5326,5386,2,585,"Sanjaya replies that Dhritarashtra's words are true, that the Pandavas are full of rage over Draupadi's humiliation, and that Arjuna has won the favour of the gods, even fighting Shiva as a hunter. He repeats Bhima's vow to smash Duryodhana's thighs. Dhritarashtra laments Karna's cruel words and his sons' folly, and admits that Arjuna, with Krishna as his ally, cannot be conquered."
B03C050,B03,Vana Parva,50,50,L,5388,5423,2,325,"Janamejaya asks what food the Pandavas lived on in the forest. Vaisampayana says they hunted deer and fed the Brahmanas first, and that Yudhishthira supported thousands of Snataka Brahmanas. Draupadi fed her husbands and the Brahmanas before eating herself, and the brothers spent five years at Kamyaka, anxious for Arjuna's absence yet busy with study and sacrifice."
B03C051,B03,Vana Parva,51,51,LI,5425,5552,3,1287,"Dhritarashtra, hearing of the Pandavas' hardy life, is filled with fear and lists their strength, predicting that his army will be destroyed. Sanjaya replies that Krishna visited the forest and promised to restore Yudhishthira and slay Duryodhana and his allies when the exile ends. Dhritarashtra recalls Vidura's warning that the dice game would lead to bloodshed among the Kurus, and fears it is coming true."
B03C052,B03,Vana Parva,52,52,LII,5554,5714,10,1507,"Janamejaya asks what the Pandavas did while Arjuna was away. Bhima urges Yudhishthira to leave the forest and attack the Kauravas before the term ends, arguing that deceit may be met with deceit and that the thirteen years may be counted loosely. Yudhishthira refuses to break his word, and when he laments his wretched state, the sage Vrihadaswa offers the tale of King Nala, who suffered even more."
B03C053,B03,Vana Parva,53,53,LIII,5716,5794,1,851,"Vrihadaswa describes Nala as a virtuous and skilled king of the Nishadhas, and Bhima, king of Vidarbha, who through a sage's boon has a daughter, Damayanti, and three sons. Damayanti is unmatched in beauty, and Nala is peerless too. Hearing of each other from bards, they fall in love, and Nala catches a golden swan that promises to praise him to Damayanti."
B03C054,B03,Vana Parva,54,54,LIV,5796,5874,3,734,"Damayanti pines for Nala, and her father Bhima announces a swayamvara, a ceremony at which a bride chooses her husband, inviting all kings. The sages Narada and Parvata tell Indra about the ceremony in heaven. The gods set out for Vidarbha, and on the road they meet Nala, dazzled by his beauty, and ask him to act as their messenger."
B03C055,B03,Vana Parva,55,55,LV,5876,5939,2,640,"Nala agrees to carry the gods' message, reluctantly, and they reveal themselves as Indra, Agni, Varuna and Yama. The gods ask him to tell Damayanti to choose one of them as husband. Nala enters the guarded palace by their power and finds Damayanti, who is dazzled by him and asks who he is."
B03C056,B03,Vana Parva,56,56,LVI,5941,6003,1,663,"Damayanti tells Nala that she chooses him, pleading with him to love her, and says she would rather die than be refused. Nala warns that refusing the gods is dangerous and urges her to choose one of them. Damayanti refuses, and Nala, bound by his promise, reports back to the gods that she will choose him at the swayamvara in their presence, without blame to him."
B03C057,B03,Vana Parva,57,57,LVII,6005,6113,1,1122,"At Bhima's swayamvara, Damayanti sees five men who look exactly like Nala and prays that the gods reveal her true husband. The gods reveal their true forms, and she chooses the real Nala by the signs of a mortal, placing a garland on him. The gods grant the couple boons, and Nala and Damayanti rule happily and have children."
B03C058,B03,Vana Parva,58,58,LVIII,6115,6151,1,362,"On the way home from the swayamvara, the gods meet Kali and Dvapara, who had hoped to win Damayanti. Kali is furious that she chose a mortal and vows to ruin Nala. The gods rebuke Kali for wanting to curse so virtuous a king, but Kali enlists Dvapara to enter the dice and help him possess Nala."
B03C059,B03,Vana Parva,59,59,LIX,6153,6196,1,430,"Kali waits for an opening and finds it in the twelfth year, when Nala fails to wash his feet before his evening prayers. Possessed by Kali, Nala is challenged to dice by Pushkara, and he loses his stakes, despite the pleas of his citizens and his wife. The play goes on for months, and Nala is always the loser."
B03C060,B03,Vana Parva,60,60,LX,6198,6254,1,553,"Damayanti sees that Nala is ruined and tries to rouse him through his councillors, and when that fails, she summons the charioteer Varshneya. She sends their children to her kinsfolk in Vidarbha with the charioteer and his horses. Varshneya takes the children to Vidarbha and then leaves for Ayodhya, where he enters the service of King Rituparna."
B03C061,B03,Vana Parva,61,61,LXI,6256,6336,1,885,"Pushkara takes Nala's remaining wealth and then taunts him by proposing Damayanti as the next stake. Nala strips off his ornaments and leaves the city with Damayanti, wearing one cloth, but the citizens are forbidden to help them. Starving in the forest, Nala tries to catch golden birds, which are the dice in disguise and steal his cloth, and Damayanti offers to take him to her father's kingdom."
B03C062,B03,Vana Parva,62,62,LXII,6338,6407,2,726,"Nala refuses to go to Vidarbha, saying he will not appear in disgrace before the family that once saw him in glory. While Damayanti sleeps in a shelter, Nala, pressed by Kali, decides to desert her. He cuts her garment in half to cover himself, returns in grief, and then leaves her sleeping alone in the forest."
B03C063,B03,Vana Parva,63,63,LXIII,6409,6496,1,905,"Damayanti wakes alone in the forest and cries out for Nala, who has deserted her. Wandering in grief, she is seized by a huge serpent, and she weeps for Nala even as she is held. A hunter kills the serpent and frees her, but when he tries to force himself on her she curses him, and he falls dead."
B03C064,B03,Vana Parva,64,64,LXIV,6498,6800,4,3176,"Damayanti wanders the wild forest alone in search of Nala, lamenting to beasts, mountains and trees, and describing her royal family. Holy ascetics welcome her, and after predicting that she will find her husband they vanish. She reaches a merchants' caravan led by Suchi, who has not seen Nala, and learns that it is bound for the city of Suvahu in the land of the Chedis."
B03C065,B03,Vana Parva,65,65,LXV,6802,6981,4,1914,"The merchant caravan camps by a lotus lake, where a herd of wild elephants stampedes through the sleeping men and kills many. The survivors blame the strange woman who joined them, and Damayanti laments her misfortunes as the fruit of sins. She reaches the Chedi capital of Suvahu, where the queen mother takes her in as a companion to her daughter on her own conditions."
B03C066,B03,Vana Parva,66,66,LXVI,6983,7043,1,658,"Nala sees a fire in the forest and hears a snake, Karkotaka, calling for help. Cursed by the sage Narada, the snake asks Nala to carry him out of the flames, and when Nala sets him down, the snake bites him and changes his appearance so he cannot be recognised. Karkotaka says the poison will torment the one who deceived Nala, gives him two garments that will restore his form, and tells him to go to King Rituparna at Ayodhya."
B03C067,B03,Vana Parva,67,67,LXVII,7045,7099,3,483,"Nala reaches Ayodhya in disguise as Vahuka, a charioteer and cook, and is taken into the service of King Rituparna as superintendent of the stables. Each evening he recites a verse about his lost wife, and when Jivala asks him about it, he tells the story as if it were another man's. He lives there unknown, remembering Damayanti."
B03C068,B03,Vana Parva,68,68,LXVIII,7101,7201,3,979,"King Bhima sends Brahmanas across the land to find Nala and Damayanti, offering great rewards. The Brahmana Sudeva finds Damayanti in the Chedi palace and recognises her by her beauty, even though she is worn and soiled. He tells her that her parents, brothers and children are alive and searching for her, and the queen mother asks him to tell her Damayanti's story."
B03C069,B03,Vana Parva,69,69,LXIX,7203,7312,3,1171,"Sudeva, a Brahmana searching for Nala, finds Damayanti in the household of the queen-mother and identifies her by a mark on her forehead. The queen-mother recognizes her as a sister's daughter, and Damayanti is sent home to Vidarbha. There she asks her father to have Nala sought, and Brahmanas are dispatched across the lands to find him."
B03C070,B03,Vana Parva,70,70,LXX,7314,7380,2,651,"Parnada, a Brahmana, returns from Ayodhya with the report that King Rituparna gave no answer to Damayanti's message, though his charioteer Vahuka spoke to him kindly. Damayanti then arranges a trick: she sends Sudeva to Rituparna with word of a second swayamvara the next day, hoping to bring Nala to Vidarbha. She keeps the plan from her father."
B03C071,B03,Vana Parva,71,71,LXXI,7382,7466,1,900,"Rituparna decides to reach Vidarbha in a single day for the swayamvara, and Nala, now serving as the charioteer Vahuka, is torn by doubt about whether Damayanti's plan is genuine. Vahuka selects and yokes the horses, and the car rises swiftly into the air. Varshneya, Nala's former charioteer, notices Vahuka's skill and begins to suspect that he is Nala."
B03C072,B03,Vana Parva,72,72,LXXII,7468,7563,1,1043,"On the road Rituparna's upper garment falls, and to show his skill he counts the leaves and fruit of a Vibhitaka tree, which Vahuka fells to check. In exchange for horse-lore, Rituparna teaches Vahuka the science of dice, and as Nala learns it Kali leaves his body and seeks shelter in the tree. Freed, Nala drives on toward Vidarbha, though he has not yet taken back his own form."
B03C073,B03,Vana Parva,73,73,LXXIII,7565,7657,3,928,"Rituparna arrives at Kundina, the Vidarbha capital, and the rattle of his car stirs Damayanti, who half believes it is Nala's. Bhima welcomes the visitor, but Rituparna shows no sign of a swayamvara and says he came only to pay respects, which Bhima doubts. Damayanti, still unsure who the charioteer is, sends a messenger to find out."
B03C074,B03,Vana Parva,74,74,LXXIV,7659,7751,3,740,"Damayanti sends Kesini to question the charioteer Vahuka, who offers a cover story about coming for a second swayamvara and says no one knows where Nala is. When Kesini repeats the words Parnada carried, Nala, still in disguise, is overcome and answers with a speech about the faithfulness of wives, then weeps. Kesini carries his reaction back to Damayanti."
B03C075,B03,Vana Parva,75,75,LXXV,7753,7817,2,640,"Damayanti, now suspecting that Vahuka is Nala, has Kesini watch him closely, and Kesini reports wonders such as widened passages, vessels filling with water, and fire lit from grass. Damayanti then tests him by tasting his cooking, recognizes Nala's hand in it, and sends her children to him. Nala embraces them in tears but sends Kesini away."
B03C076,B03,Vana Parva,76,76,LXXVI,7819,7932,1,1248,"Damayanti tells her mother she will examine Vahuka herself, and with her parents' consent Nala is brought to her apartments. She questions him about his desertion, and Nala blames Kali, the demon Damayanti had cursed, who had lodged in his body and has now left him. The Wind-god vouches for Damayanti, Nala resumes his own form, and the couple are reunited in Bhima's palace some four years after the loss of his kingdom."
B03C077,B03,Vana Parva,77,77,LXXVII,7934,7977,1,457,"The next morning Nala, with Damayanti at his side, pays his respects to Bhima, and the city celebrates his return. Rituparna asks Nala's forgiveness, and Nala gives back the horse-lore he had learned. Rituparna then leaves for his own city with another charioteer, and Nala soon departs from Kundina."
B03C078,B03,Vana Parva,78,78,LXXVIII,7979,8057,2,839,"Nala marches back into his own country with a modest army and challenges his brother Pushkara to a new game of dice, with Damayanti and everything else as the stake. Pushkara boasts and mocks him, but Nala wins back his kingdom and his brother's life in a single throw. He then spares Pushkara, blaming the earlier loss on Kali, and rules his restored kingdom to the people's delight."
B03C079,B03,Vana Parva,79,79,LXXIX,8059,8135,3,714,"With the kingdom restored, Damayanti and her children are brought back and Nala rules happily, giving many sacrifices. Vrihadaswa tells Yudhishthira that Nala's story is a comfort in misfortune and offers to teach him the science of dice, so that he will not be caught out by a skilled gambler. Yudhishthira accepts the lore, and Vrihadaswa goes off to bathe."
B03C080,B03,Vana Parva,80,80,LXXX,8137,8226,5,815,"After Arjuna leaves Kamyaka, the Pandavas live in low spirits, still hunting game to offer to the Brahmanas. Janamejaya asks how his ancestors managed without the hero, and Vaisampayana describes how Draupadi, Bhima, Nakula and Sahadeva each lament his absence. Sahadeva suggests leaving the forest, since nothing there feels pleasant without Arjuna."
B03C081,B03,Vana Parva,81,81,LXXXI,8228,8288,2,555,"Yudhishthira, saddened by his brothers' and Krishna's grief over Arjuna, greets the sage Narada and asks what merit comes from going round the earth to visit its sacred waters and shrines. Narada replies by recounting what Bhishma once heard from the sage Pulastya. The episode sets up the story of Bhishma's meeting with Pulastya."
B03C082,B03,Vana Parva,82,82,LXXXII,8290,8626,5,3418,"The sage Pulastya, pleased with Bhishma's humility and truthfulness, offers to grant him a wish, and Bhishma asks about the merit of visiting sacred bathing places, the tirthas. Pulastya explains that pilgrimage is open even to the poor and is greater than many costly sacrifices, and he singles out the Pushkara tirtha as the foremost. He then leads Bhishma through a long itinerary of holy sites, naming the merit that each one brings."
B03C083,B03,Vana Parva,83,83,LXXXIII,8628,9141,1,5290,"Pulastya continues his guide to sacred bathing places, starting with Kurukshetra and naming dozens of tirthas, each with the reward it brings in cattle gifts, sacrifices or heavenly regions. The list includes the five lakes that Rama made from the blood of the Kshatriyas he slew, which the Pitris declared holy, and the sacred confluences and springs along the way. The discourse ends by calling Kurukshetra the northern sacrificial altar of the Grandsire."
B03C084,B03,Vana Parva,84,84,LXXXIV,9143,9540,1,4027,"Pulastya carries on his list of holy bathing places, moving from the tirtha of Dharma and the Saraswati to the Himalayan source of the Ganges and onward to Naimisha, Gaya, and many other sites. Each place is tied to a reward, such as the merit of a horse-sacrifice, the gift of a thousand cows, or passage to a heavenly realm. The catalogue shows pilgrimage as a long, repeated circuit that a devoted person can complete."
B03C085,B03,Vana Parva,85,85,LXXXV,9542,9881,5,3385,"Pulastya keeps listing sacred places, ranging from Samvedya and the Kaveri to Gokarna, Dandaka, and Kalanjara, and gives special praise to Prayaga, where the Ganga meets the Yamuna. He says that in the present age the Ganga alone is holy, and that reciting or hearing this account of the tirthas brings sons, wealth, and freedom from sin. Narada then tells Yudhishthira that Bhishma ended his own tour at Prayaga and encourages him to visit these places with the sages, and Yudhishthira begins to recite the merits to the ascetics."
B03C086,B03,Vana Parva,86,86,LXXXVI,9883,9946,1,607,"Having heard his brothers and Narada, Yudhishthira tells the sage Dhaumya that he sent Arjuna to win celestial weapons from Indra. He judges the Kaurava champions, especially Karna, to be a grave threat, and says only Arjuna can match them. He asks Dhaumya to name a new forest for the group, since they cannot bear to stay in Kamyaka without Arjuna."
B03C087,B03,Vana Parva,87,87,LXXXVII,9948,10022,1,768,"To comfort the grieving Pandavas, the priest Dhaumya begins a survey of holy places, starting with the eastern quarter. He names Naimisha, Gaya, the Ganga, Prayaga, Mahendra and Kundoda, tying many of them to famous sages and kings, including Nala's rest at Kundoda. He promises that visiting these sites brings far greater merit than hearing about them."
B03C088,B03,Vana Parva,88,88,LXXXVIII,10024,10102,2,769,"Dhaumya turns to the south, naming the Godavari, the Payoshni (where a tale of King Nriga is told), Gokarna, and Agastya's hermitage, and calling the Payoshni's water very cleansing. He then moves to Surashtra, describing Prabhasa, Pindaraka and Mount Ujjayanta. He ends with Dwaravati, where Krishna dwells, as a place of great merit."
B03C089,B03,Vana Parva,89,89,LXXXIX,10104,10152,1,483,"Dhaumya describes the western holy places, centered on the Narmada river, the Vaidurya peak and the Viswamitra river. He recalls how Yayati's fall from heaven happened on the banks of the Viswamitra river and names the Pushkara lake. He closes with a verse stating that even imagining a pilgrimage to Pushkara cleanses sin."
B03C090,B03,Vana Parva,90,90,XC,10154,10256,2,848,"Dhaumya finishes with the northern holy places, beginning with the Saraswati and Yamuna, where Sahadeva's sacrifice is recalled, and running on to Gangadwara and Badari. He describes Badari as the place where Narayana is worshipped by gods and sages, and he urges Yudhishthira to make the journey with the Brahmanas to ease his anxiety. The chapter then gives way to the next section."
B03C091,B03,Vana Parva,91,91,XCI,10258,10321,1,650,"The sage Lomasa arrives while Dhaumya is speaking and tells Yudhishthira that he saw Arjuna sitting beside Indra in heaven. Arjuna has won divine weapons from Rudra and other gods and has learned music and dance, and Indra promises that he will return soon. Indra also says Karna, though formidable, is far below Arjuna, and advises the brothers to practise asceticism while they wait."
B03C092,B03,Vana Parva,92,92,XCII,10323,10400,5,681,"Lomasa passes on Arjuna's request that he guard Yudhishthira through a tour of the tirthas, and Yudhishthira agrees at once. Lomasa advises him to travel light, and Yudhishthira sends away those who cannot bear hunger, cold, and the road. The citizens and Brahmanas return to Hastinapura, where Dhritarashtra provides for them, while Yudhishthira stays three nights at Kamyaka with a small company."
B03C093,B03,Vana Parva,93,93,XCIII,10402,10476,3,713,"The Brahmanas who have been living with the Pandavas in the forest ask to join the pilgrimage, since the tirthas are dangerous and infested by beasts and Rakshasas. Yudhishthira agrees, and Vyasa, Parvata and Narada advise him to purify both body and heart before setting out. The party then departs on an auspicious day, dressed in bark and hides and armed, facing east."
B03C094,B03,Vana Parva,94,94,XCIV,10478,10533,2,523,"Yudhishthira asks Lomasa why his wicked enemies prosper while he suffers. Lomasa answers that sinners may prosper for a time but are finally ruined, citing the Asuras who fell through pride while the gods gained prosperity by virtue and visits to the tirthas. He urges Yudhishthira to follow the gods' example, citing kings who won fame that way, and predicts the sons of Dhritarashtra will be destroyed."
B03C095,B03,Vana Parva,95,95,XCV,10535,10620,2,847,"The Pandavas bathe and give gifts at several rivers, then keep a vow near the Brahmasara lake at Gayasira, joined by many Brahmanas. There Shamatha tells how King Gaya once held sacrifices with mountains of food and rivers of butter and curds, so lavish that the gifts could not be counted. The account shows the pilgrimage as a path of both penance and generosity."
B03C096,B03,Vana Parva,96,96,XCVI,10622,10704,3,801,"At Agastya's hermitage Yudhishthira asks why Agastya killed the demon Vatapi, and Lomasa explains. The demon Ilwala, angered at being refused a son like Indra, turned his brother Vatapi into a ram, fed him to Brahmanas, and then tore them open when Vatapi answered his call. Agastya, finding his ancestors hanging head-down in a pit and wanting a son to free them, creates a woman, Lopamudra, who is raised as a princess of Vidarbha."
B03C097,B03,Vana Parva,97,97,XCVII,10706,10774,3,642,"Agastya asks the king of Vidarbha for Lopamudra, and the king, though reluctant, gives her when she urges him to. Lopamudra gives up her fine robes for ascetic clothing, and the couple take up penance at Gangadwara. Later, when she asks for a bed and ornaments of a princess before intimacy, Agastya says he lacks the wealth and sets out to find it."
B03C098,B03,Vana Parva,98,98,XCVIII,10776,10839,5,537,"Agastya goes to three wealthy kings in turn, Srutarvan, Vradhnaswa and Trasadasyu, asking for wealth without harming anyone. Each king says his spending matches his income, so Agastya, who will not take from anyone at another's cost, leaves empty-handed. The kings then propose asking the Danava Ilwala, the richest man on earth, and they all go to him."
B03C099,B03,Vana Parva,99,99,XCIX,10841,11035,6,1900,"Ilwala welcomes Agastya and the kings and serves them his brother Vatapi as cooked meat, but Agastya digests the demon, and Ilwala, learning this, gives the party a golden car and wealth. Lopamudra asks for one powerful son, who is born after seven years as Dridhasyu, later called Idhmavaha. Lomasa then tells the story of Rama of Bhrigu's line, who lost his energy to Rama, son of Dasaratha, and regained it at a sacred river."
B03C100,B03,Vana Parva,100,100,C,11037,11105,2,681,"Lomasa now recounts Agastya's deeds, beginning with the Kalakeya Danavas, who under Vritra harried the gods. Brahma advised the gods to ask the sage Dadhicha for his bones, and Dadhicha, giving up his life, let Twashtri forge them into the Vajra for Indra. The episode explains the origin of the weapon that will later be used against Vritra."
B03C101,B03,Vana Parva,101,101,CI,11107,11175,1,679,"Armed with the Vajra and strengthened by Vishnu and the sages, Indra attacks Vritra, who is guarded by the Kalakeyas. Vritra is struck down, but Indra flees in doubt about whether the foe is really dead, and the leaderless Danavas retreat into the sea. There they plot to destroy the ascetics, on whom the worlds depend."
B03C102,B03,Vana Parva,102,102,CII,11177,11245,1,706,"The Kalakeyas hide in the sea by day and come out by night to devour sages in their hermitages, including those of Vasishtha, Chyavana and Bharadwaja. Men find the mutilated bodies each morning, and sacrifices and sacred studies come to a halt. The gods, unable to stop the killings, turn to Narayana for protection."
B03C103,B03,Vana Parva,103,103,CIII,11247,11299,2,516,"The gods tell Vishnu that the killing of Brahmanas threatens earth and heaven alike. Vishnu explains that the Kalakeyas are hiding in the ocean and can be reached only if the sea is dried up, which only Agastya can do. The gods then go to Agastya and praise him as the one who has always protected them."
B03C104,B03,Vana Parva,104,104,CIV,11301,11369,4,647,"Yudhishthira asks why Vindhya suddenly swelled with wrath, and Lomasa explains. Vindhya, jealous of Meru around which the sun circles, demanded that the sun circle him too, and then grew tall enough to block the sun and moon. The gods asked Agastya to intervene, and he promised to go south and asked Vindhya to wait for his return; since he never came back, Vindhya has stayed low. The gods then request that Agastya drink the ocean so that the Kalakeyas can be destroyed, and he agrees."
B03C105,B03,Vana Parva,105,105,CV,11371,11427,1,529,"Agastya drinks up the ocean while the gods praise him and slay the Kalakeyas, and some of the survivors flee into the netherworld. When the gods ask him to refill the sea, Agastya says the water has been digested and that they must find another way. The gods and the sages part in wonder and sorrow, and then gather with Vishnu and Brahma to consider how to refill it."
B03C106,B03,Vana Parva,106,106,CVI,11429,11506,4,762,"Brahma tells the gods that refilling the ocean must wait for the descendants of Bhagiratha's family. Yudhishthira asks Lomasa to tell how that family refilled the sea, and Lomasa begins with King Sagara. Sagara, childless, prayed to Shiva on Mount Kailasa and was promised many sons, and when his queen bore a gourd, a voice from the sky told him to keep its seeds in vessels."
B03C107,B03,Vana Parva,107,107,CVII,11508,11692,5,1964,"The seeds in the gourd grow into sixty thousand violent sons who terrorize people and even the gods, and Brahma foretells their doom. When the horse of Sagara's sacrifice vanishes at the sea, the sons dig up the ocean in search of it and are burned to ashes by the sage Kapila. Sagara sends his grandson Ansuman, who recovers the horse and wins Kapila's favor, and the story points ahead to Bhagiratha, who will bring the Ganga down to earth."
B03C108,B03,Vana Parva,108,108,CVIII,11694,11780,3,838,"Bhagiratha, grandson of Ansuman, grieves over his ancestors' fate and goes to the Himalayas to perform austerities for a thousand years. When Ganga appears, he asks her to descend to earth and wash the ashes of the sons of Sagara so they can enter heaven. Ganga agrees, but warns that only Shiva can bear the force of her fall, so Bhagiratha wins Shiva's favor."
B03C109,B03,Vana Parva,109,109,CIX,11782,11834,1,560,"Shiva agrees to bear Ganga's descent, and when the river comes down from the sky she divides into three streams and follows Bhagiratha to the sea, which she fills. Bhagiratha adopts Ganga as a daughter and offers water to his ancestors. Lomasa ends by summarizing how the sea was drunk, how Ganga was brought down, and how Vatapi was destroyed."
B03C110,B03,Vana Parva,110,110,CX,11836,12002,5,1791,"Yudhishthira and his brothers reach the Hemakuta hill, where strange things happen, and Lomasa explains that a wrathful sage named Rishava made the hill forbid speech. He tells how the gods hid the place from mortals and then sends the party on to the Kausiki river and Kasyapa's hermitage. He then tells the story of Rishyasringa, the horned sage born to a hind, and how Indra was made to send rain to the land of Lomapada."
B03C111,B03,Vana Parva,111,111,CXI,12004,12098,6,861,"Lomapada's courtesans prepare a floating hermitage near the hut of the young sage Rishyasringa, and send a clever courtesan to win his trust. She plies him with gifts, embraces and games until he is overcome with love and sits sighing. When his father Vibhandaka finds him in this state, he asks who has been to the hermitage."
B03C112,B03,Vana Parva,112,112,CXII,12100,12161,1,702,"Rishyasringa tells his father Vibhandaka about the visitor who came to his hermitage, describing her beauty, her ornaments, and the fruit and drink she offered him. He says her departure has left him longing for her and eager to follow her and take up the same austerities. The account shows how deeply the courtesan's visit has disturbed his mind."
B03C113,B03,Vana Parva,113,113,CXIII,12163,12251,2,912,"Vibhandaka warns his son that the visitors were demons in lovely form, but while he is away searching for the courtesan, Rishyasringa is carried off on a floating hermitage to King Lomapada's land. The king gives Rishyasringa his daughter Santa, and rain returns to the land. To calm Vibhandaka's anger, the king arranges herds and ploughed fields along his route for his son, and the father is appeased and blesses the couple."
B03C114,B03,Vana Parva,114,114,CXIV,12253,12358,6,1020,"Yudhishthira bathes where the Ganga meets the sea and travels toward the land of the Kalinga tribes. Lomasa tells how Rudra seized a sacrificial beast and was appeased by the gods, and how the Earth, given away to Kasyapa, rose up as an altar into the sea so that mortals could cross it. He instructs Yudhishthira to recite a formula and mount the altar, and Yudhishthira does so, then spends the night on Mount Mahendra."
B03C115,B03,Vana Parva,115,115,CXV,12360,12507,6,1483,"Yudhishthira spends a night among the sages, and Akritavrana, a follower of Parasurama, says Rama will appear on the fourteenth day of the lunar fortnight. Asked about Rama's wars against the warrior class, Akritavrana begins with the thousand-armed Arjuna of the Haihayas, whom Vishnu was asked to kill, and then tells how the sage Richika won Satyavati from King Gadhi with a thousand horses from Varuna. Bhrigu's blessing for the couple sets up the birth of Jamadagni and, later, of Rama."
B03C116,B03,Vana Parva,116,116,CXVI,12509,12592,1,900,"Jamadagni marries Renuka, and their youngest son Rama is the most gifted of their five sons. When Renuka is stirred by desire at the sight of a king bathing, Jamadagni curses his elder sons for failing to act, and at his command Rama beheads his mother. Jamadagni grants Rama a boon that restores her, but later Arjuna's sons kill Jamadagni while Rama is away, and Rama returns to find his father dead."
B03C117,B03,Vana Parva,117,117,CXVII,12594,12652,2,574,"Rama mourns his father, cremates him, and vows to wipe out the warrior caste, killing Kartavirya's sons and then exterminating the Kshatriyas seven times over. He makes five lakes of blood at Samantapanchaka, offers the earth to the priests, and gives an altar to Kasyapa before withdrawing to Mahendra. On the fourteenth day he appears to Yudhishthira and his brothers and honours the Brahmanas before the Pandavas head south."
B03C118,B03,Vana Parva,118,118,CXVIII,12654,12737,1,901,"Yudhishthira travels along the coast, bathing at many tirthas, including the Godavari and Agastya's holy spot in the Dravida country. He gives away cows, visits the altar of Richika's son and many shrines of the gods, and fasts for twelve days at Prabhasa. There the Vrishnis, led by Valarama and Krishna, come to see him and weep at the wretched state of the Pandavas."
B03C119,B03,Vana Parva,119,119,CXIX,12739,12830,2,996,"Janamejaya asks what the Pandavas and the Vrishnis discussed at Prabhasa. Valarama, seeing Yudhishthira in misery, denounces the Kuru elders and the prosperity of Duryodhana, and wonders whether virtue brings any reward. He lists the brothers' heroic qualities and asks why they must suffer so in the forest."
B03C120,B03,Vana Parva,120,120,CXX,12832,12981,5,1386,"Satyaki urges an immediate attack on Duryodhana with the Vrishni army, naming their warriors and vowing victory. Krishna replies that Yudhishthira will accept sovereignty only if it is won by his own arms, and that the allies should stand together in any case. Yudhishthira sends the Vrishnis home, and he goes on with Lomasa to the Payosini river."
B03C121,B03,Vana Parva,121,121,CXXI,12983,13061,4,724,"Lomasa describes the lavish sacrifices that Nriga, Amurtarayasa and Gaya held on the Payosini, honouring Indra with Soma and paying priests immense gifts, and says a bath there brings Gaya's reward. Yudhishthira bathes there, then visits the sapphire hill and the Narmada, where Lomasa names the holy sites and Brahmanas receive gifts. Lomasa then speaks of Chyavana's feud with Indra, and Yudhishthira asks for the full story."
B03C122,B03,Vana Parva,122,122,CXXII,13063,13136,2,728,"Chyavana, son of Bhrigu, sits in meditation until an anthill covers him. King Saryati's daughter Sukanya, playing in the woods, pokes the glowing eyes in the anthill with thorns, blinding the sage, who then blocks the army's calls of nature. Saryati asks for forgiveness, and Chyavana agrees to pardon the king on condition that he gives Sukanya to him as his wife."
B03C123,B03,Vana Parva,123,123,CXXIII,13138,13201,3,595,"The twin Ashvins see Sukanya bathing, mock her for marrying an aged man, and urge her to choose one of them instead. She refuses, and they offer to make Chyavana young again if she chooses one of them. After all three enter a pool and come out looking alike, Sukanya recognizes her own husband, and Chyavana promises that the Ashvins will drink Soma in Indra's presence."
B03C124,B03,Vana Parva,124,124,CXXIV,13203,13283,2,841,"Saryati hears that Chyavana has become young and visits the hermitage, and Chyavana agrees to officiate at his sacrifice. When Chyavana prepares Soma for the Ashvins, Indra forbids it, arguing that they are only physicians. Chyavana defies him, paralyses Indra's arm when he raises the thunderbolt, and creates a monstrous demon named Mada to devour Indra."
B03C125,B03,Vana Parva,125,125,CXXV,13285,13360,1,823,"Frightened by the demon Mada, Indra agrees that the Ashvins shall have a right to Soma, and Chyavana disperses Mada among drink, women, dice and hunting. Chyavana then lives happily with Sukanya. Lomasa directs Yudhishthira to the lake, the Archika hill and other holy sites along the Yamuna, naming the sages and gods who worshipped there."
B03C126,B03,Vana Parva,126,126,CXXVI,13362,13493,3,1428,"Yudhishthira asks how Mandhata was born and how he became so powerful. Lomasa tells how the childless king Yuvanaswa drank by mistake a jar of water consecrated for another king's wife, and how a son came out of his side; Indra gave his finger to the infant to suck, which gave him the name Mandhata. The boy grew into a mighty ruler who conquered the three worlds, performed great sacrifices and ended a long drought."
B03C127,B03,Vana Parva,127,127,CXXVII,13495,13563,6,672,"Somaka, a king with a hundred wives, finally has a single son, Jantu, and when an ant stings the boy, the commotion brings the king to the women's quarters. Somaka laments that one son is a burden and asks his priest for a rite that would give him a hundred sons. The priest says such a rite exists, but it requires a sacrifice of Jantu, which Somaka agrees to."
B03C128,B03,Vana Parva,128,128,CXXVIII,13565,13635,6,613,"The priest sacrifices Jantu despite the mothers' cries, and after the smoke reaches them, they all conceive and bear a hundred sons. Later Somaka finds his priest tormented in hell for officiating, and insists on sharing his fate, which Dharmaraja allows for the same period. After both work off their sins they are freed and enjoy their rewards together."
B03C129,B03,Vana Parva,129,129,CXXIX,13637,13709,3,690,"Lomasa names sacred sites along the Yamuna and in the Kuru field, recalling how Ishtikrita, Amvarisha, Yayati, Bharata and Marutta performed great rites and gave lavish gifts there. He says that bathing at these places lets one see all the worlds. Yudhishthira bathes and says that from there he can even see Arjuna."
B03C130,B03,Vana Parva,130,130,CXXX,13711,13773,1,655,"Lomasa points out a long series of sacred places, including the spot where the Saraswati vanishes underground, the Vipasa river where Vasistha was freed from his bonds, and the site where Lopamudra took Agastya as her lord. He notes that people who die at these sites are said to reach heaven, and that Shiva may be seen at the end of each age. He ends by telling how Usinara's sacrifice was tested by Indra and Agni in the form of a hawk and a pigeon."
B03C131,B03,Vana Parva,131,131,CXXXI,13775,13873,4,1010,"Indra, in the form of a hawk, demands the pigeon that has sought King Usinara's protection, since hawks must eat pigeons. Usinara refuses to give up a suppliant and offers other food or any gift except the pigeon. When the hawk insists, Usinara cuts off his own flesh to match the pigeon's weight, and when the pigeon outweighs it, he climbs onto the scale himself; then Indra and Agni reveal themselves and promise him enduring glory."
B03C132,B03,Vana Parva,132,132,CXXXII,13875,13951,3,749,"Lomasa points out the hermitage of Swetaketu, who received speech from the goddess Saraswati, and mentions his nephew Ashtavakra, who defeated Vandin in debate. Yudhishthira asks why Ashtavakra was born crooked and how he won that victory. Lomasa tells of Kahoda, who was cursed by his unborn son for faulty recitation, lost a debate to Vandin, and was drowned, and of Ashtavakra's journey to King Janaka's sacrifice."
B03C133,B03,Vana Parva,133,133,CXXXIII,13953,14059,2,1128,"At the gate of King Janaka's sacrifice, the boy Ashtavakra argues with the gatekeeper, who says that only learned elders may enter. Ashtavakra insists that learning, not age or grey hair, makes a man, and he challenges Vandin, answering Janaka's riddles with unexpected cleverness. Janaka, impressed, admits him and sends him in to face Vandin."
B03C134,B03,Vana Parva,134,134,CXXXIV,14061,14230,8,1582,"In Janaka's assembly Ashtavakra challenges Vandin, and the two trade numbered verses counting from one to thirteen until Vandin falters and Ashtavakra completes the last one. Ashtavakra then orders Vandin drowned, as Vandin had drowned other Brahmanas, but Vandin reveals that he is a son of Varuna, and Kahoda, Ashtavakra's father, returns from the sea. Ashtavakra's crooked limbs are straightened when he bathes in the river Samanga."
B03C135,B03,Vana Parva,135,135,CXXXV,14232,14392,7,1584,"Lomasa points out sacred sites along the Samanga, including the place where Indra was cleansed after slaying Vritra, and then tells how the sage Yavakri, son of Bharadwaja, sought Vedic learning through harsh penance. Indra first tries to dissuade him and then, disguised as an old Brahmana building a dam across the Ganga, makes him see the futility of his task, so Yavakri asks for boons instead. Bharadwaja warns his son that pride brings ruin, citing the tale of Medhavi, whose life depended on a mountain."
B03C136,B03,Vana Parva,136,136,CXXXVI,14394,14441,1,480,"Lomasa tells how Yavakri makes advances to Raivya's daughter-in-law, who agrees out of fear and cleverness. Raivya, enraged, creates a woman and a demon from his own matted hair and sends them to kill Yavakri. The chapter shows the destructive power of a sage's anger and the cost of lust."
B03C137,B03,Vana Parva,137,137,CXXXVII,14443,14490,1,525,"Bharadwaja comes home to find the sacred fires silent and learns from the blind Sudra warder that his son Yavakri has been killed. He mourns at length, blames Raivya, and curses his old friend. He then throws himself into a blazing fire."
B03C138,B03,Vana Parva,138,138,CXXXVIII,14492,14575,4,773,"King Vrihadyumna starts a sacrifice and takes Raivya's sons, Arvavasu and Paravasu, to help. Paravasu kills his father by mistake in the dark and asks his brother to take the penance for a Brahmana-killing, which Arvavasu does. Paravasu then falsely accuses Arvavasu, who wins the Sun's favour and the gods restore the dead, so the chapter explains how a wronged man was vindicated."
B03C139,B03,Vana Parva,139,139,CXXXIX,14577,14641,5,534,"Lomasa guides the Pandavas past several mountains and points out the holy sites ahead, including Mandara and Kailasa, which are guarded by Yakshas and Rakshasas. He asks the gods, rivers and mountains to protect the king, and Yudhishthira tells his brothers to stay alert. The chapter ends with the group entering a dangerous region on their way toward Arjuna."
B03C140,B03,Vana Parva,140,140,CXL,14643,14794,7,1393,"Yudhishthira asks Bhima to take the servants back, but Bhima refuses to leave anyone behind and offers to carry Draupadi and the twins over the rough mountains. Lomasa says the Gandhamadana mountain can only be reached through asceticism, and the party sets off after Suvahu, lord of the Pulindas, welcomes them and keeps their servants. Yudhishthira grieves over Arjuna's absence and resolves to go to Gandhamadana to find him."
B03C141,B03,Vana Parva,141,141,CXLI,14796,14955,7,1561,"Lomasa points out the holy river Alakananda and the bones of the demon Naraka, which Vishnu slew for Indra's sake. Yudhishthira asks how Vishnu raised the Earth, and Lomasa tells how an overcrowded world sank under its own weight until Vishnu lifted it as a one-tusked boar. The gods are sent to Brahma and then to Vishnu, and the Pandavas continue along Lomasa's route."
B03C142,B03,Vana Parva,142,142,CXLII,14957,15006,1,500,"The Pandavas, with Draupadi and the Brahmins, travel toward Gandhamadana through forests, lakes and rugged country. As they enter the mountain, a violent wind, dust, hail and rain strike them, and each brother takes shelter alone. Once the storm passes, they regroup and continue toward the mountain."
B03C143,B03,Vana Parva,143,143,CXLIII,15008,15085,4,717,"Draupadi, unused to walking, collapses from exhaustion and the cold, and Nakula catches her. Yudhishthira laments that his addiction to dice has brought her to this suffering, and the Brahmins restore her with mantras and care. Bhima offers to carry the party himself or call his son Ghatotkacha, who comes at once and offers his service."
B03C144,B03,Vana Parva,144,144,CXLIV,15087,15221,3,1252,"Yudhishthira asks Bhima to have his son Ghatotkacha carry Draupadi, and Ghatotkacha agrees and says other Rakshasas can help carry the rest. The company is flown over many lands to the jujube tree near Kailasa and the hermitage of Nara and Narayana. The sages welcome them, and the Pandavas settle there to make offerings and enjoy the forest and the river."
B03C145,B03,Vana Parva,145,145,CXLV,15223,15885,90,3770,"Draupadi asks Bhima to fetch more of the celestial lotuses, and he climbs Gandhamadana, scattering animals, fighting elephants and lions, and bathing in a lake. On a plantain slope he finds the ape Hanuman lying across the path to heaven, and Hanuman, woken, asks him to show kindness to living things and turn back. Most of the rest of the chapter is the translator's footnotes, which explain rites, yoga, cosmic terms, and a debate between Ashtavakra and Vandin."
B03C146,B03,Vana Parva,146,146,CXLVI,15887,15969,2,901,"Bhima demands that the monkey in his path move aside and asks who he is. Hanuman feigns weakness and asks Bhima to step over his tail, but Bhima cannot lift it, and he humbly asks the monkey's identity. Hanuman reveals himself as the son of the wind-god and begins to tell of Rama, Sita, and Ravana's abduction of her."
B03C147,B03,Vana Parva,147,147,CXLVII,15971,16020,1,510,"Hanuman continues his story: Rama befriends Sugriva, kills Vali, and sends search parties for Sita. Hanuman crosses the ocean, finds Sita in Lanka, and burns the city, and Rama then defeats Ravana and returns to Ayodhya. Hanuman says he has stayed on in this place by Rama's grace, and that this path is closed to mortals."
B03C148,B03,Vana Parva,148,148,CXLVIII,16022,16123,1,1096,"Bhima asks to see Hanuman's giant form from his leap over the ocean, but Hanuman says that form belonged to an earlier age and cannot be shown now. Bhima then asks about the yugas, and Hanuman describes how virtue, customs and human life decline from the perfect Krita age through the Treta and Dvapara ages to the Kali age. He ends by telling Bhima that a wise person does not chase unnecessary knowledge and that he should return home."
B03C149,B03,Vana Parva,149,149,CXLIX,16125,16272,4,1421,"Bhima refuses to leave without seeing Hanuman's true form, so Hanuman grows to a huge size and says he can enlarge himself further. Bhima praises him, and Hanuman warns him not to take flowers from Kuvera's gardens by force and to keep to his duty as a Kshatriya. Hanuman then gives a long lesson on the duties of each class and on how a king should rule with counsel, spies and justice."
B03C150,B03,Vana Parva,150,150,CL,16274,16320,2,466,"Hanuman shrinks back and embraces Bhima, whose weariness and strength are restored. He asks Bhima to keep his presence secret, and offers to punish the sons of Dhritarashtra if Bhima wishes. Bhima asks for his help in the coming battle, and Hanuman promises to roar from Arjuna's flagstaff to weaken the enemy, then vanishes."
B03C151,B03,Vana Parva,151,151,CLI,16322,16359,1,327,"Bhima continues along the path Hanuman described, passing woods, wild elephants, deer, and lakes. At midday he comes to a river filled with Saugandhika lotuses and feels that his errand is nearly accomplished. The chapter is a short transition toward Kuvera's lake."
B03C152,B03,Vana Parva,152,152,CLII,16361,16404,1,423,"Bhima reaches a beautiful lotus lake near Kailasa, which belongs to Kuvera and is guarded by Krodhavasa Rakshasas. He drinks the cool water and gathers the lotuses, which delights him. The armed guards see him in his deerskin and challenge him, asking his errand."
B03C153,B03,Vana Parva,153,153,CLIII,16406,16488,3,800,"Bhima explains that he is Pandu's son and has come for lotuses for Draupadi. The Rakshasas say the lake is Kuvera's and that he must ask permission first, but Bhima refuses to beg, since a Kshatriya does not beseech. He plunges in, defeats the guards with his mace, and kills more than a hundred of them, and the survivors report to Kuvera, who smiles and lets him take the lotuses for Krishna."
B03C154,B03,Vana Parva,154,154,CLIV,16490,16566,2,763,"Bhima gathers the rare flowers, and omens of battle appear, with wind, meteors, darkness and trembling earth. Yudhishthira, not finding Bhima, asks Draupadi where he is, and she explains that he went for the lotuses. The company follows him to the lake, where they find slain Yakshas on the shore, and Yudhishthira gently rebukes Bhima for his rashness; the garden warders are pacified, and the Pandavas wait on Gandhamadana for Arjuna."
B03C155,B03,Vana Parva,155,155,CLV,16568,16619,2,485,"Yudhishthira reviews the sacred places the company has visited and asks Bhima how to reach Kuvera's abode. An aerial voice says that place is not open to them and gives a route through several hermitages. Dhaumya advises accepting this, and the Pandavas return to the hermitage of Nara and Narayana."
B03C156,B03,Vana Parva,156,156,CLVI,16621,16789,4,1738,"While Bhima is away hunting, a Rakshasa named Jatasura, who has been posing as a learned Brahmana guest, seizes Yudhishthira, the twins and Draupadi, intending to take their weapons and Draupadi. Yudhishthira and Sahadeva confront him on grounds of virtue and Kshatriya duty, and Bhima returns and rebukes him for betraying his hosts. After a long fight with trees and rocks, Bhima kills Jatasura and is praised by the Brahmanas."
B03C157,B03,Vana Parva,157,157,CLVII,16791,16999,3,2113,"Yudhishthira recalls that Arjuna promised to meet them on Mount Sweta in the fifth year, so the company takes leave of the Brahmanas and sets out northward. They leave their sacred vessels with the sage Vrishaparva and pass through the Gandhamadana forest, which is described at length with its trees, birds, lakes and minerals. The chapter ends with the Pandavas reaching the hermitage of Arshtishena."
B03C158,B03,Vana Parva,158,158,CLVIII,17001,17073,2,722,"Yudhishthira and his brothers approach the ascetic Arshtishena, who greets them and asks whether they still keep to virtue, honour their parents and elders, and avoid sin. Yudhishthira says he tries to do so. Arshtishena warns that the region beyond the Kailasa peaks belongs to the gods and to Vaisravana, that trespassers are slain by Rakshasas, and asks them to stay until Arjuna returns."
B03C159,B03,Vana Parva,159,159,CLIX,17075,17243,3,1715,"Janamejaya asks how the Pandavas spent their time on Gandhamadana and whether Bhima fought the Yakshas and met Kuvera. Vaisampayana says they lived on ascetic food and heard Lomasa's stories for years, until Draupadi asked Bhima to drive the Rakshasas from the summit. Bhima climbs the peak, fights the Yakshas and Rakshasas, and kills Maniman, Kuvera's friend."
B03C160,B03,Vana Parva,160,160,CLX,17245,17405,7,1495,"Yudhishthira finds Bhima on the summit amid the fallen Rakshasas and gently scolds him for rashness. The surviving Rakshasas report to Kuvera, who rides out with his Yakshas, but he is not angry and is grateful to Bhima, because the slaughter lifts a curse he had carried. Kuvera then explains that the sage Agastya cursed him after Maniman insulted the sage."
B03C161,B03,Vana Parva,161,161,CLXI,17407,17500,4,885,"Kuvera advises Yudhishthira that patience, ability, timing, place and prowess bring success, and asks him to restrain the rash Bhima. He praises Arjuna, who is learning weapons in Indra's heaven, and promises the protection of his Gandharvas and Yakshas. Kuvera then leaves, the slain Rakshasas are removed, and the Pandavas stay on in the Rakshasa dwellings for several nights."
B03C162,B03,Vana Parva,162,162,CLXII,17502,17593,1,901,"At dawn Dhaumya takes Yudhishthira's hand and points out the regions of the cosmos from the Himalayan heights. He names the realms of Indra, Vaisravana, Yama and Varuna, and then Mount Meru, home of Brahma and Narayana. He explains how the sun and moon circle Meru, how the seasons follow the sun's path, and how the sun governs time and life."
B03C163,B03,Vana Parva,163,163,CLXIII,17595,17657,1,565,"The Pandavas remain on Gandhamadana, practising rites and reciting the Vedas, but they grieve for Arjuna, and each day seems like a year. The narrator then tells how Arjuna spent five years in Indra's heaven and gained the celestial weapons before returning to the mountain."
B03C164,B03,Vana Parva,164,164,CLXIV,17659,17706,3,412,"Indra's chariot, driven by Matali, brings Arjuna down to Gandhamadana. He bows to his elders and brothers, and Matali is honoured and returns to heaven. Arjuna gives Draupadi jewels from Indra, tells how he learned weapons from Indra, Vayu and Shiva, and spends the night with the twins."
B03C165,B03,Vana Parva,165,165,CLXV,17708,17748,2,335,"The next morning Arjuna greets Yudhishthira, and Indra descends with heavenly music and clamour. Yudhishthira honours him, and Indra says he will rule the earth and asks him to return to Kamyaka. The narrator adds that anyone who studies this meeting for a year will live a hundred years free of trouble."
B03C166,B03,Vana Parva,166,166,CLXVI,17750,17882,2,1395,"Yudhishthira asks Arjuna how he gained the weapons and pleased the gods. Arjuna recounts his penance on the Himalaya, where a boar and a hunter appear, and his fight with them. The hunter is revealed as Shiva, who grants him the Pasupata weapon, with a warning that it must never be used lightly."
B03C167,B03,Vana Parva,167,167,CLXVII,17884,18088,4,2072,"Arjuna recounts how, after his meeting with Shiva, the gods led by Indra and the world-guardians came to honour him and give him weapons. Matali takes him up to heaven, where Indra welcomes him, and he spends years there learning arms and music with Chitrasena. Indra asks him to pay his teacher's fee by destroying the Nivata-Kavacha Danavas who live under the ocean, and the gods equip him with a chariot, armour, a diadem and the conch Devadatta."
B03C168,B03,Vana Parva,168,168,CLXVIII,18090,18145,1,509,"Arjuna reaches the ocean and sees the city of the Danavas beneath the waters. Matali drives the chariot down into the city, and the demons, taking Arjuna for Indra, shut their gates and then pour out in thousands. Arjuna sounds his conch, and the sages and gods gather to watch the battle."
B03C169,B03,Vana Parva,169,169,CLXIX,18147,18209,1,629,"The Nivata-Kavachas charge Arjuna's chariot in a mass, hurling darts, maces and clubs. Arjuna's arrows from the Gandiva and Matali's skilful driving trample and scatter many of them, and Arjuna uses Indra's weapon to cut their missiles to pieces. The demons then turn to illusion to fight on."
B03C170,B03,Vana Parva,170,170,CLXX,18211,18285,1,712,"The Danavas send showers of rocks, a flood, fire, wind and darkness. Arjuna answers with Indra's weapons, including the Visoshana, to dry up the water and extinguish the flames. Matali falters under the illusions until Arjuna steadies him, and Arjuna dispels the illusions with his own, though he cannot yet see the hidden demons."
B03C171,B03,Vana Parva,171,171,CLXXI,18287,18367,2,786,"Arjuna tells how the Nivata-Kavachas hid behind illusions and buried his horses under rocks, until Matali urged him to use Indra's thunderbolt weapon, which destroyed them. He then enters their city, which Matali says was once Indra's, taken by the demons through a boon. Matali explains that the gods had been unable to defeat these demons and that Arjuna was destined to do so."
B03C172,B03,Vana Parva,172,172,CLXXII,18369,18551,2,1831,"On his way back, Arjuna sees the aerial city of Hiranyapura, home of the Kalakeya demons, whose mothers Pulama and Kalaka won a boon from Brahma that made their city almost invincible, with destruction only at mortal hands. Arjuna attacks it, calls on Rudra's weapon to destroy the Danavas, and watches their wives mourn. Indra praises him and tells him that Yudhishthira will rule the earth."
B03C173,B03,Vana Parva,173,173,CLXXIII,18553,18603,4,400,"Indra tells Arjuna that no mortal can match him, and he gives him armour, a diadem, a garland and the conch Devadatta. After five years in heaven Arjuna returns to his brothers on Gandhamadana. Yudhishthira rejoices at his success and asks to see the weapons, and Arjuna promises to show them the next morning."
B03C174,B03,Vana Parva,174,174,CLXXIV,18605,18662,2,534,"The next morning Arjuna displays his celestial weapons for Yudhishthira, and the earth and seas tremble while beings and gods gather round. The sage Narada warns Arjuna that celestial weapons must not be used without a worthy cause, as misuse would destroy the three worlds. When the gods leave, the Pandavas go on living in the forest with Krishna."
B03C175,B03,Vana Parva,175,175,CLXXV,18664,18752,4,771,"Janamejaya asks what the Pandavas did after Arjuna returned from heaven. Vaisampayana describes the years in Kuvera's gardens, and then Bhima, with Arjuna and the twins, urges Yudhishthira to leave the forest and reclaim the kingdom from Duryodhana. Yudhishthira bids farewell to Kuvera's realm and sets out with his brothers and the Brahmanas."
B03C176,B03,Vana Parva,176,176,CLXXVI,18754,18836,1,786,"The brothers leave Kuvera's mountain and travel back through hermitages and the realm of Suvahu, then spend a year in the Visakhayupa forest. A passage there names Bhima as seized by a huge snake in a cave, with Yudhishthira as his protector, and the episode is developed in the following chapters. In the twelfth year of exile they move to the Saraswati and the Dvaitavana lake, where ascetics greet them."
B03C177,B03,Vana Parva,177,177,CLXXVII,18838,18920,2,786,"Janamejaya asks how Bhima, who had defeated Kuvera's Yakshas, came to be struck with fear by the snake. Vaisampayana describes Bhima hunting and uprooting trees in the Himalayan forests, until he finds a huge snake in a cave. The snake coils around him, and a boon the snake holds drains his strength so he cannot break free."
B03C178,B03,Vana Parva,178,178,CLXXVIII,18922,19048,3,1283,"The snake holds Bhima, who asks it to identify itself and to explain how it overpowered him. The snake reveals that it is King Nahusha, Yudhishthira's ancestor, turned into a snake by Agastya's curse for insulting Brahmanas, and that it will eat Bhima at a set hour. Bhima accepts fate and grieves for his brothers and mother. Meanwhile Yudhishthira sees ill omens, sets out to find Bhima, and discovers him caught in the snake's coils."
B03C179,B03,Vana Parva,179,179,CLXXIX,19050,19176,8,1056,"Yudhishthira finds Bhima caught and offers other food in exchange, but the snake insists on eating Bhima. It agrees to release him if Yudhishthira answers its questions about who a Brahmana is and what is worth knowing. Yudhishthira answers that conduct, not birth alone, marks a Brahmana, and that the highest thing to know is Brahma, beyond joy and sorrow. Persuaded by his answers, the snake says it cannot eat Bhima now."
B03C180,B03,Vana Parva,180,180,CLXXX,19178,19328,9,1313,"Yudhishthira asks the snake, now revealed as Nahusha, how a person attains salvation, and Nahusha teaches about alms, kind speech, truth and non-violence, rebirth according to deeds, and how the senses and mind perceive. Asked how a learned man could fall into delusion, Nahusha admits that prosperity intoxicated him and recounts Agastya's curse. He says Yudhishthira's wisdom has freed him, and he returns to heaven, while the Brahmanas admonish Bhima for his rashness."
B03C181,B03,Vana Parva,181,181,CLXXXI,19330,19380,2,481,"The rainy season comes to the forest with black clouds, swollen rivers and the calls of animals, and autumn follows with clear skies and bright nights. The Pandavas spend the holy full moon of Kartika by the Saraswati with holy men. In the dark fortnight they enter the Kamyaka forest with Arjuna, their charioteers and their cooks, and this chapter opens the Markandeya-Samasya section."
B03C182,B03,Vana Parva,182,182,CLXXXII,19382,19674,6,3094,"Krishna arrives at Kamyaka with Satyabhama and greets the Pandavas, praising Yudhishthira's virtue and offering to help them regain their kingdom once the agreed term ends. The ancient sage Markandeya arrives, and Yudhishthira asks him whether human action or God controls fate and whether deeds bear fruit in this life or the next. Markandeya answers that a person's deeds follow him into each rebirth, shaping his happiness and misery."
B03C183,B03,Vana Parva,183,183,CLXXXIII,19676,19732,1,593,"Markandeya tells the story of a Haihaya prince who mistook a sage in a black antelope skin for a deer and killed him. When the Haihayas went to the sage's father, Tarkshya, the dead sage was found alive again. Tarkshya explains that Brahmanas do not fear death, because of their virtue, hospitality, charity and devotion, and the Haihayas return home happy."
B03C184,B03,Vana Parva,184,184,CLXXXIV,19734,19842,5,1014,"Markandeya tells how the sage Atri, wishing to give away wealth before retiring to the forest, goes to King Vainya's horse-sacrifice to ask for gifts. Gautama objects, and the dispute over whether the king or Indra is supreme is settled by Sanatkumara in the king's favour. Pleased with the verdict, Vainya gives Atri a huge gift, which Atri shares with his sons before going to the forest."
B03C185,B03,Vana Parva,185,185,CLXXXV,19844,19910,4,608,"Markandeya says the goddess Saraswati once answered Tarkshya's questions about how a man can keep to virtue. She describes the rewards of Vedic study and of gifts, including cows, bullocks, clothes, gold and daughters in marriage, and of offerings to the sacred fire. Tarkshya then asks her for the rules for keeping the sacred fire."
B03C186,B03,Vana Parva,186,186,CLXXXVI,19912,20036,3,1353,"Yudhishthira asks Markandeya for the story of Vaivasvata Manu. Manu, while doing penance, rescues a small fish, which grows until he takes it to the sea, and the fish warns him of a coming flood and tells him to build a boat and gather the seeds. The fish tows the boat to the Himalaya and reveals itself as Brahma, who will recreate the world through Manu. Markandeya says that hearing this story brings merit and heaven."
B03C187,B03,Vana Parva,187,187,CLXXXVII,20038,20399,4,3854,"Yudhishthira asks Markandeya, who has lived through many ages, to explain the causes of things. Markandeya praises the Lord who creates the world, describes the lengths of the four yugas and the decline of the Kali age, and then tells how the world is destroyed by drought, seven suns, a fire, and floods. Alone on the waters, he finds the boy-god resting on a banyan leaf, enters his body, sees the whole universe within him, and asks him to explain it."
B03C188,B03,Vana Parva,188,188,CLXXXVIII,20401,20566,3,1740,"The boy-god reveals himself as Narayana, the source and destroyer of all things, who appears in many forms, takes human birth when virtue fails, and creates and withdraws the worlds. He explains that he showed Markandeya the universe within him to cure his melancholy, and that he will create again when Brahma wakes. Markandeya recognises him as Janardana, now Krishna of the Vrishnis, and the Pandavas bow to him and are consoled."
B03C189,B03,Vana Parva,189,189,CLXXXIX,20568,20831,4,2790,"Yudhishthira asks Markandeya what will happen in the Kali age: how men will live and eat, and when the Krita age will return. Markandeya describes how virtue shrinks from age to age, and how in the Kali age people deceive one another, castes blur, rulers and Brahmanas fail in their duties, and portents and disorder spread. He ends by saying that after these terrible times creation begins anew, and a Brahmana named Kalki will be born to restore order."
B03C190,B03,Vana Parva,190,190,CLXL,20833,20944,6,1025,"Markandeya says that Kalki will destroy thieves and robbers, hold a great horse-sacrifice, and give the earth to the Brahmanas, and then virtue and sacrifice will return in the Krita age. He closes his teaching on the ages and advises Yudhishthira to be merciful, humble and devoted to his people, and never to humiliate a Brahmana. Yudhishthira promises to follow this counsel, and the listeners are filled with wonder."
B03C191,B03,Vana Parva,191,191,CLXLI,20946,21207,7,2761,"Markandeya tells how King Parikshit of Ayodhya married a maiden on the condition that he never show her water, and how she vanished into a tank. His son Sala seized the sage Vamadeva's Vami horses and refused to return them, and Vamadeva's Rakshasas killed him. When Vamadeva again demanded the horses from Sala's successor, Dala, a dispute over a poisoned arrow ended with Dala's son killed, until the queen's plea freed Dala from sin and the horses were returned."
B03C192,B03,Vana Parva,192,192,CLXLII,21209,21328,8,1079,"Markandeya explains that the royal sage Vaka lived long because of his great asceticism, and then recounts Vaka's meeting with Indra, who asks about the sorrows of the immortal life. Vaka answers that loss of loved ones, dependence on others, and the sight of the undeserving prospering are the chief pains of such a life. Indra then asks about its joys, and Vaka praises a simple meal eaten at home and shared with guests and Brahmanas."
B03C193,B03,Vana Parva,193,193,CLXLIII,21330,21371,1,428,"Markandeya tells how King Suhotra of the Kurus and King Sivi, son of Usinara, meet on the road and each refuses to yield the way, both claiming equal worth. Narada quotes verses saying that the wicked should be overcome by goodness and the mean by charity. Suhotra then honours Sivi, walks round him, and gives him the way."
B03C194,B03,Vana Parva,194,194,CLXLIV,21373,21398,1,222,"Markandeya tells how King Yayati, son of Nahusha, is approached by a Brahmana asking for wealth for his teacher. Yayati says he never boasts of gifts, never listens to requests for things he cannot give, and never regrets a gift. He gives the Brahmana a thousand cows."
B03C195,B03,Vana Parva,195,195,CLXLV,21400,21431,1,321,"Markandeya tells how King Seduka sends a Brahmana to King Vrishadarbha, who had vowed to give Brahmanas only gold and silver. When the Brahmana asks for a thousand steeds, Vrishadarbha strikes him with a whip, then makes amends by giving him the whole day's revenue, which is worth more than a thousand horses."
B03C196,B03,Vana Parva,196,196,CLXLVI,21433,21532,1,1159,"Markandeya tells how the gods test King Sivi: Agni takes the form of a pigeon and Indra that of a hawk. The pigeon seeks Sivi's protection and the hawk demands it as food, and Sivi offers flesh cut from his own body in its place. When the pigeon still outweighs his flesh, Sivi climbs onto the scale himself, and the gods reveal themselves and promise him a son, Kapataroman."
B03C197,B03,Vana Parva,197,197,CLXLVII,21534,21654,2,1306,"At King Ashtaka's horse-sacrifice, several kings ask Narada which of them will fall from heaven first. He says Ashtaka will fall for boasting of his gifts, Pratardana for giving his horses with a bitter remark, and Vasumanas for praising a flowery car the king never gave him. Narada says he himself will fall, since he is not Sivi's equal; Sivi, tested by the god Vidhatri, was willing to kill and cook his own son for a Brahmana."
B03C198,B03,Vana Parva,198,198,CLXLVIII,21656,21732,3,804,"Markandeya tells the Pandavas of the royal sage Indradyumna, who fell from heaven when his merit was spent and went looking for anyone who knew him. Markandeya sends him to the owl Pravarakarna, who points to the crane Nadijangha, and the crane points to the tortoise Akupara, who remembers Indradyumna's great sacrifices. A heavenly car then takes Indradyumna back, and an aerial voice says that only virtue lasts. Markandeya adds that Krishna once raised King Nriga from hell to heaven."
B03C199,B03,Vana Parva,199,199,CLXLIX,21734,22149,12,4268,"Yudhishthira asks when and how charity wins entry to Indra's heaven. Markandeya lists the kinds of life and gift that are futile, names the Brahmanas who deserve gifts, and calls food the greatest of gifts. He then describes the long, hard road to Yama's realm, where a traveller's past gifts decide his comfort, and closes with teachings on purity, the limits of outward austerity, and the greater merit of gifts made at sacred times."
B03C200,B03,Vana Parva,200,200,CC,22151,22250,3,977,"Yudhishthira asks Markandeya why the king Kuvalaswa came to be called Dhundhumara. Markandeya begins with the sage Utanka, who performs long penances and praises Vishnu. Vishnu grants Utanka's wishes and foretells that a king named Kuvalaswa will slay the demon Dhundhu."
B03C201,B03,Vana Parva,201,201,CCI,22252,22330,2,794,"The chapter traces the line of Ayodhya's kings down to Kuvalaswa, whose father then hands him the throne and retires to the forest. The sage Utanka urges the new king to stay and protect his people instead. He explains that the demon Dhundhu lies hidden in a desert near his hermitage and must be killed."
B03C202,B03,Vana Parva,202,202,CCII,22332,22430,4,1002,"Vrihadaswa agrees to let his son Kuvalaswa take on the task, and then he retires to the forest. Yudhishthira asks who the demon Dhundhu was and whose son he was. Markandeya answers with the story of how Vishnu killed the demons Madhu and Kaitabha, which is the background to Dhundhu."
B03C203,B03,Vana Parva,203,203,CCIII,22432,22556,3,1276,"Dhundhu, son of Madhu and Kaitabha, wins a boon from Brahma that no god or demon can kill him, and he harasses the hermitage of Utanka from beneath the sand. King Kuvalaswa and his sons, empowered by Vishnu, go out against him, and after his sons are burned, the king kills Dhundhu with the water from his own body and the Brahma weapon. From this victory the king takes the name Dhundhumara, and his three surviving sons carry on the Ikshvaku line. The chapter closes by saying that hearing the story brings virtue, children, long life and freedom from disease."
B03C204,B03,Vana Parva,204,204,CCIV,22558,22636,3,657,"Yudhishthira asks Markandeya to explain the high virtue of women, the duties of sons toward their parents, and the duties of Kshatriyas. Markandeya answers that a mother's labour is the harder of the two, and that parents hope their sons will bring fame and virtue. He adds that a woman wins heaven by serving her husband, not through sacrifice, offerings or fasts."
B03C205,B03,Vana Parva,205,205,CCV,22638,22787,6,1485,"The learned Brahmana Kausika, in anger, glares at a crane that fouls him from a tree, and she falls dead, which he then laments. Later, while waiting for alms, he is kept waiting by a housewife who first serves her husband. She explains her duty and sends him to a truthful fowler in Mithila to learn what true virtue is, and he calms down and returns home."
B03C206,B03,Vana Parva,206,206,CCVI,22789,23078,3,3076,"Kausika travels to Mithila and finds the fowler, a meat seller by hereditary trade, who already knows why he has come. The fowler explains his family duty, praises the just rule of King Janaka, and urges honesty and repentance as the marks of a good life. He then answers Kausika's question by listing the signs of truly virtuous conduct."
B03C207,B03,Vana Parva,207,207,CCVII,23080,23176,1,1032,"The fowler defends his cruel trade as the result of past actions, arguing that Destiny directs it and that meat offered to the gods and ancestors is lawful. He cites the kings Sivi, Rantideva and Saudasa, and points out that farming, eating plants and the natural world all destroy living creatures. He concludes that no one is free from harming life, and that keeping to one's own duty brings reputation."
B03C208,B03,Vana Parva,208,208,CCVIII,23178,23326,2,1562,"The fowler teaches that a person's successes, failures and illnesses follow from past karma, and that lying can sometimes serve a greater good. He explains that the soul is eternal and passes from body to body according to its deeds, and that liberation comes through spiritual wisdom and self-restraint. Kausika then asks what the senses are and how they can be subdued."
B03C209,B03,Vana Parva,209,209,CCIX,23328,23382,1,530,"The fowler describes how a man's mind slides from learning into desire, envy and greed, and then into sin, while the wise man sees this and turns to virtue. Kausika praises him as a sage, and the fowler begins to teach the Brahmanic doctrine of the elements, qualities and principles that make up the universe."
B03C210,B03,Vana Parva,210,210,CCX,23384,23454,1,699,"The fowler lists the qualities of earth, water, fire, air and sky, and explains that some qualities are perceived by the senses while others are known only by inference. He says the senses are the root of both spiritual progress and downfall, and he compares the self-controlled man to a charioteer who reins in wild horses. Mastering the senses, he concludes, is the path to spiritual light."
B03C211,B03,Vana Parva,211,211,CCXI,23456,23492,1,343,"Kausika asks about the three qualities of nature, and the fowler defines tamas by dullness and anger, rajas by restless action, and sattwa by steadiness and patience. He adds that a man of good qualities can rise in status regardless of his birth, even from the Sudra caste to a Brahmana. The fowler then asks whether Kausika wants to learn more."
B03C212,B03,Vana Parva,212,212,CCXII,23494,23620,1,1342,"Kausika asks how fire and breath combine to form the living body, and the fowler describes the vital airs and the inner heat that digest food and sustain the frame. He identifies the soul with the Supreme Spirit, which yogins reach by turning inward. The fowler closes by urging the overcoming of anger and greed, along with peace, renunciation and non-violence, as the path to liberation."
B03C213,B03,Vana Parva,213,213,CCXIII,23622,23689,1,725,"The fowler leads the Brahmana into his fine house to meet his aged parents, who bless their son. The fowler says he serves them as his highest gods, bathing and feeding them and speaking only pleasant words, as a householder's duty. The Brahmana is impressed by this devotion."
B03C214,B03,Vana Parva,214,214,CCXIV,23691,23776,2,900,"The fowler tells the Brahmana that the lady in Mithila sent him, then rebukes him for leaving his parents, who have grown blind with grief, to study the Vedas without their permission. The Brahmana thanks him and asks why such a virtuous man is a fowler. The fowler reveals that he was once a Brahmana who accidentally shot a sage while hunting with a king, and was cursed to be born a fowler in the Sudra class."
B03C215,B03,Vana Parva,215,215,CCXV,23778,23872,3,962,"The sage softens his curse, promising the fowler will stay pious, recall his past life and regain Brahmana status once the curse ends. The Brahmana tells him that character, not birth, makes a Brahmana, and the fowler teaches that wisdom and contentment overcome grief. The Brahmana then leaves to serve his own parents, and Yudhishthira says he is still eager for more of the teaching."
B03C216,B03,Vana Parva,216,216,CCXVI,23874,23927,1,548,"Yudhishthira asks why the fire-god hid in water, why Angiras acted as fire, and how Kumara came to be called Agni's son. Markandeya tells how Agni grew depressed at Angiras's brilliance, and how Angiras persuaded him to resume his place, which led to the birth of Vrihaspati. The gods learned the mystery from Angiras, and Markandeya prepares to describe the sacred fires."
B03C217,B03,Vana Parva,217,217,CCXVII,23929,23954,1,223,"Markandeya lists the children that Angiras had with his wife Subha. The son Vrihaspati is named first, followed by several daughters, each named for a quality such as beauty, light or sacrifice."
B03C218,B03,Vana Parva,218,218,CCXVIII,23956,24029,1,734,"Markandeya lists the children of Vrihaspati and his wife Tara, who are themselves sacred fires. Each son has a name and a role, such as Sanju, Bharadwaja, Viswabhuk and Vadava, tied to particular sacrifices or functions. Swaha bears three sons linked to sattwa, rajas and tamas, which shows how the many fires arise from a single source."
B03C219,B03,Vana Parva,219,219,CCXIX,24031,24082,1,481,"A being born from a long penance, marked with five colours from five sages, goes on to create the fire of the manes, day and night, and many other beings. Among his creations are fifteen gods who obstruct sacrifices and must be appeased with hymns. The chapter closes with the father of this line, who is pleased with his sons."
B03C220,B03,Vana Parva,220,220,CCXX,24084,24171,1,924,"Markandeya names many fires descended from Tapa and Bhanu, each with its own name and role in sacrifice, and the list shows how the fires multiply. He then gives the rites needed to correct the sacred fire when it is disturbed by death, contact with a menstruating woman, or other defilement."
B03C221,B03,Vana Parva,221,221,CCXXI,24173,24253,2,822,"Markandeya tells how the fire Swaha hid in the sea to avoid defilement, and how the sage Atharvan, who carried the oblations for a time, gave up his body. From that body came metals and woods, and Atharvan later restored the fire. He then names the rivers that are said to be the mothers of the fires, and explains that all the fires are one."
B03C222,B03,Vana Parva,222,222,CCXXII,24255,24293,1,396,"Markandeya begins the story of Kartikeya, who is to lead the gods. Indra, looking for a leader, hears a woman's cries in the Manasa mountains and finds the Asura Kesin trying to seize her. Indra drives Kesin off with his thunderbolt, and then asks the woman who she is."
B03C223,B03,Vana Parva,223,223,CCXXIII,24295,24406,3,1091,"The woman, Devasena, daughter of Prajapati, says her sister was carried off by Kesin and asks Indra to find her a champion husband. Indra reads omens in the union of Sun, Moon and Agni, hoping a son of Soma or Agni could be her husband, and Brahma approves his plan. Meanwhile the fire Adbhuta, overcome by desire for the Rishis' wives, resolves to look at them only as his household fire, and Swaha schemes to win him in disguise."
B03C224,B03,Vana Parva,224,224,CCXXIV,24408,24515,5,1048,"Swaha, disguised as Siva the wife of Angiras, woos Agni by claiming the other Rishis' wives sent her, and after their union she flies to the White Mountain and casts his seed into a golden lake. From it a six-faced child, Skanda, is born, who shows his might by tearing a mountain and roaring until the three worlds tremble. The gods and creatures then seek his protection."
B03C225,B03,Vana Parva,225,225,CCXXV,24517,24597,3,775,"The birth causes strange omens, and the seven Rishis divorce six of their wives, keeping only Arundhati, after Swaha reveals to Skanda that she is his mother. Viswamitra clears the wives of blame and performs the child's rites, though the Rishis still abandon their spouses. The gods urge Indra to kill Skanda, but he hesitates, and the Mothers take the child as their own and nurse him."
B03C226,B03,Vana Parva,226,226,CCXXVI,24599,24648,1,484,"Indra marches out with the gods and their armies to destroy Skanda. Skanda's fiery breath burns the forces, and when the gods desert Indra he hurls his thunderbolt, which pierces Skanda and gives birth to a new being, Visakha. Indra then begs Skanda's protection, and peace returns."
B03C227,B03,Vana Parva,227,227,CCXXVII,24650,24688,1,382,"The wound from the thunderbolt gives rise to a host of followers, male and female, who adopt Visakha as their father. The seven Mothers and their son Sisu are named, and Skanda is called the father of the Kumaras because of these followers. The battle is said to have been fought on the sixth day of the lunar fortnight."
B03C228,B03,Vana Parva,228,228,CCXXVIII,24690,24841,10,1358,"Skanda, handsome and blessed with fortune, is urged by the Rishis to become Indra, but he declines the sovereignty and serves Indra instead. Indra asks Skanda to lead the celestial forces, and Skanda is anointed commander, honoured as the son of Rudra. He is then married to Devasena, whom Indra brings to him, and the day of his anointing is remembered as a sacred day."
B03C229,B03,Vana Parva,229,229,CCXXIX,24843,25028,14,1643,"The six wives of the Rishis, cast out on a rumour that they bore Skanda, ask him to adopt them as his mothers, and he agrees. The mother goddesses then ask him to take their place and give them back their offspring, and Skanda grants them other offspring in exchange, so they may protect children. He sets them and a host of spirits to trouble children until they reach sixteen, and Markandeya lists the spirits that afflict men after that age."
B03C230,B03,Vana Parva,230,230,CCXXX,25030,25420,20,3578,"Swaha asks Skanda to grant her union with Agni, and he decrees that offerings made through Agni will carry her name. Brahma then sends Skanda to visit his father Mahadeva, and the chapter describes the spirits, bells and banners of Skanda and the grand procession of Mahadeva's army. An Asura attack follows, in which Mahisha seizes Rudra's chariot until Skanda slays him, and Skanda then routs the Danavas. Markandeya closes with a long list of Skanda's names and a prayer, promising fame, wealth and salvation to those who recite them."
B03C231,B03,Vana Parva,231,231,CCXXXI,25422,25582,4,1670,"Satyabhama asks Draupadi what secret keeps the five Pandavas so obedient to her, suggesting charms, drugs or vows. Draupadi rejects such charms as wicked and describes her humble, devoted service to her husbands, to Kunti, and in running the household, servants and treasury. Satyabhama apologises for her jest, saying such talk arises naturally between friends."
B03C232,B03,Vana Parva,232,232,CCXXXII,25584,25629,1,474,"Draupadi advises Satyabhama on how to win Krishna's heart through honest, humble service rather than deceit. She urges her to greet him promptly, keep his secrets, avoid his enemies and wicked women, and adorn herself for him. The advice presents devotion to the husband as the source of reputation, prosperity and heaven."
B03C233,B03,Vana Parva,233,233,CCXXXIII,25631,25679,2,451,"Krishna takes leave of the Pandavas and the Brahmanas and calls for Satyabhama. Satyabhama comforts Draupadi, foreseeing the Pandavas' return to power and the ruin of the Kuru sons, and reports that the Pandava sons are well and cared for in Dwaraka. She then circles Draupadi, mounts Krishna's car, and they leave for his city."
B03C234,B03,Vana Parva,234,234,CCXXXIV,25681,25797,4,1174,"Janamejaya asks what the Pandavas did in the Dwaita forest after they reached the lake. A talkative Brahmana who has been visiting them carries news of their misery to Dhritarashtra, who laments their plight at length, blaming fate and the deceit of his own sons. Sakuni then tells Duryodhana in private, and Duryodhana, though foolish, is grieved."
B03C235,B03,Vana Parva,235,235,CCXXXV,25799,25860,2,605,"Sakuni, prompted by Karna, urges Duryodhana to rule the earth without rival and to visit the Pandavas in their Dwaita forest home, flaunting his wealth before them. He argues that the happiness of seeing a defeated enemy surpasses any gift or kingdom, and suggests Duryodhana's wives mock Draupadi in her poverty. When they finish, Karna and Sakuni fall silent."
B03C236,B03,Vana Parva,236,236,CCXXXVI,25862,25926,3,616,"Duryodhana is pleased by Karna's words but doubts that his father will let him go to the Pandavas' forest, since he longs to see them humbled and suffering. Karna proposes a pretext: inspecting the royal cattle stations at Dwaitavana, a plan Sakuni also endorses. The three agree to put the idea to King Dhritarashtra."
B03C237,B03,Vana Parva,237,237,CCXXXVII,25928,26008,4,727,"Karna and Sakuni ask Dhritarashtra to let Duryodhana go to the cattle stations at Dwaitavana for the hunt and the herd count. The king warns that the Pandavas are near, that their anger and Draupadi's power could harm the Kauravas, and that Duryodhana should not go himself. Sakuni reassures him, and the king grudgingly gives permission for a large party to set out."
B03C238,B03,Vana Parva,238,238,CCXXXVIII,26010,26106,3,798,"Duryodhana inspects and marks his cattle, and he and his court enjoy hunting, music, dancing and generous gifts in the woods. When he tries to set up pleasure-houses by the lake at Dwaitavana, where Yudhishthira is performing a daily rite, he finds that the Gandharva king Chitrasena has come there for sport and barred the way. The Gandharvas mock the Kuru messengers and refuse to yield."
B03C239,B03,Vana Parva,239,239,CCXXXIX,26108,26196,2,851,"Duryodhana orders his soldiers to punish the Gandharvas, and the Kuru army attacks the forest. Chitrasena rallies his host, and the Kuru army flees, leaving only Karna standing and fighting hard. The Gandharvas use illusions to overwhelm the Kauravas, and Karna's chariot is broken until he escapes on Vikarna's car."
B03C240,B03,Vana Parva,240,240,CCXL,26198,26263,3,598,"The Gandharvas rout the Kauravas and seize Duryodhana, Dussasana and the royal ladies, and the fleeing soldiers appeal to the Pandavas to rescue them. Bhima answers with sarcasm, saying the Kauravas are now paying for their deceit and that the Pandavas are not wicked. Yudhishthira reproves him, telling him this is no time for cruel words."
B03C241,B03,Vana Parva,241,241,CCXLI,26265,26322,2,578,"Yudhishthira rebukes Bhima and urges his brothers to rescue Duryodhana, arguing that family honour must be defended even against kinsmen and that an insult from a stranger must be avenged. He tells them to try conciliation first and to use force only if the Gandharva king refuses. Arjuna pledges to free the Kauravas or drink the Gandharva king's blood, and the Kauravas regain their spirit."
B03C242,B03,Vana Parva,242,242,CCXLII,26324,26376,1,520,"The Pandavas arm themselves in gold-trimmed mail and march toward the Gandharvas, and the Kuru army cheers them on. Arjuna asks the Gandharvas to release Duryodhana, but they reply that they obey only Indra. When Arjuna threatens to free the Kauravas by force, the two sides begin a fierce battle."
B03C243,B03,Vana Parva,243,243,CCXLIII,26378,26455,1,792,"The Gandharvas, far more numerous than the four Pandavas, press them hard. Arjuna's celestial weapons slaughter thousands and trap the Gandharvas who were carrying off the Kauravas. Chitrasena then vanishes by illusion, but Arjuna reveals him with a special weapon, and Chitrasena declares himself Arjuna's friend, after which the fighting stops."
B03C244,B03,Vana Parva,244,244,CCXLIV,26457,26540,7,700,"Arjuna asks Chitrasena why he has punished the Kauravas, and Chitrasena explains that Duryodhana and Karna came to mock the exiles and that Indra ordered him to bring Duryodhana in chains. When Arjuna asks for Duryodhana's release, Chitrasena refuses, so the Gandharvas and Pandavas take the prisoners to Yudhishthira, who frees them and praises the Gandharvas. Yudhishthira then warns Duryodhana never to act rashly again and sends him home in shame."
B03C245,B03,Vana Parva,245,245,CCXLV,26542,26587,3,396,"Janamejaya asks how the humbled and shamed Duryodhana entered Hastinapura. Vaisampayana describes his slow departure and camp, and at night Karna comes to him, congratulating him on his survival and on the brothers' victory. Karna admits that he himself fled the battle, and Duryodhana answers in tears."
B03C246,B03,Vana Parva,246,246,CCXLVI,26589,26633,1,439,"Duryodhana tells Karna that the Gandharvas overpowered them with illusions and took them captive through the sky. He says that when his soldiers appealed to the Pandavas, Yudhishthira ordered them to free the captives, and that Chitrasena then made peace with Arjuna."
B03C247,B03,Vana Parva,247,247,CCXLVII,26635,26738,3,1075,"Duryodhana recounts how Arjuna asked Chitrasena to free the Kaurava brothers, and how Chitrasena revealed their plan to mock the Pandavas. Overcome with shame, Duryodhana resolves to fast to death rather than return to the city, and offers the kingship to Dussasana, who weeps and refuses. Karna then urges the brothers to stop weeping, since the Pandavas were only doing their duty, and to return home."
B03C248,B03,Vana Parva,248,248,CCXLVIII,26740,26778,2,380,"Karna argues that it is no shame that the Pandavas rescued Duryodhana, since subjects should serve their king and the Pandavas were bound to help him. He warns that a king who starves himself would be mocked by other kings, but Duryodhana is firm in his resolve and will not rise."
B03C249,B03,Vana Parva,249,249,CCXLIX,26780,26866,5,781,"Sakuni tries to rouse Duryodhana from his resolve to starve himself, urging him to return the kingdom to the Pandavas and make peace. Duryodhana refuses every counsel, and his friends say they cannot enter the city without him. The Danavas, who fear the loss of their ally, use a fire rite to summon him, and a goddess carries him off to the nether world, where he is flattered."
B03C250,B03,Vana Parva,250,250,CCL,26868,27000,3,1326,"The Danavas urge Duryodhana to give up his fast, telling him he is of celestial origin and will be aided by demon-possessed warriors. They promise that Karna, possessed by the soul of Naraka, and the Samsaptakas will slay Arjuna. Duryodhana, believing it was a dream, returns to his army, and Karna encourages him to rise and vow to subdue the Pandavas."
B03C251,B03,Vana Parva,251,251,CCLI,27002,27080,4,730,"Janamejaya asks what the Kauravas did while the Pandavas lived in the forest. Bhishma rebukes Duryodhana for going to the forest, and advises peace with the Pandavas. Duryodhana laughs at his advice, and Karna boasts he will conquer the earth alone and humble Bhishma."
B03C252,B03,Vana Parva,252,252,CCLII,27082,27159,2,760,"Karna sets out on a campaign of conquest, subduing Drupada, the northern and Himalayan kings, the eastern and southern lands, and the Yavana kings in the west. He returns to Hastinapura with great tribute, and Duryodhana honours him with praise. The city is divided in its response, and Karna then bows to Dhritarashtra and Gandhari, who embrace him, and the Kuru princes begin to believe the Pandavas already defeated."
B03C253,B03,Vana Parva,253,253,CCLIII,27161,27230,4,616,"Karna tells Duryodhana that the earth is now free of enemies, and Duryodhana proposes to hold the Rajasuya sacrifice that the Pandavas performed. The priest refuses, since Yudhishthira and Dhritarashtra are still alive, and suggests the Vaishnava sacrifice instead, to be ploughed with gold tribute. Duryodhana agrees, and craftsmen begin to make the sacrificial plough."
B03C254,B03,Vana Parva,254,254,CCLIV,27232,27296,2,584,"Duryodhana's sacrifice begins with its rites, with Dhritarashtra, Vidura, Bhishma and Karna delighted. Dussasana sends a messenger to the Pandavas in the Dwaita forest to invite them. Yudhishthira declines to attend until his vow ends, and Bhima answers with a threat against Duryodhana, while Vidura entertains the guests."
B03C255,B03,Vana Parva,255,255,CCLV,27298,27373,3,702,"After the sacrifice, the citizens praise Duryodhana, and Karna vows that he will not wash his feet or eat meat until he has slain Arjuna. Spies bring word of this vow to the Pandavas, who grow anxious and resolve to leave the Dwaita woods. Meanwhile Duryodhana rules the earth with his brothers and his elders, giving gifts to Brahmanas."
B03C256,B03,Vana Parva,256,256,CCLVI,27375,27421,2,429,"Janamejaya asks what the Pandavas did in the forest after rescuing Duryodhana. Yudhishthira dreams that the surviving deer, the last of their herd, plead with him to leave the forest. Moved by pity, he resolves to take his brothers to the Kamyaka forest."
B03C257,B03,Vana Parva,257,257,CCLVII,27423,27516,4,868,"The Pandavas spend eleven years in misery, and Yudhishthira blames himself for their suffering. The sage Vyasa visits and teaches that happiness and sorrow alternate and that asceticism, truth and self-control bring merit. Yudhishthira asks whether charity or asceticism is greater, and Vyasa answers that charity is the harder discipline, then tells the story of Mudgala."
B03C258,B03,Vana Parva,258,258,CCLVIII,27518,27625,5,963,"Yudhishthira asks why and to whom Mudgala gave a drona of corn, and Vyasa describes Mudgala as a sage who lives by gleaning and feeds his guests generously. The fierce sage Durvasa comes repeatedly to test him, and Mudgala stays calm and generous each time. A celestial chariot then arrives to take Mudgala to heaven, and he asks the messenger about its pleasures and drawbacks before going."
B03C259,B03,Vana Parva,259,259,CCLIX,27627,27773,4,1415,"The celestial messenger describes the splendours of heaven, but also its drawbacks: one must exhaust one's merit and fall back, with regret and fear. Mudgala rejects heaven and asks for a region free from such faults, and the messenger describes the supreme seat of Vishnu, which Mudgala attains in liberation. Vyasa then consoles Yudhishthira, telling him that the kingdom will return after the thirteenth year, and goes back to his hermitage."
B03C260,B03,Vana Parva,260,260,CCLX,27775,27852,4,724,"Janamejaya asks how Duryodhana treated the Pandavas in the forest. Duryodhana, hearing they live happily there, plots harm with Karna and Dussasana, and Durvasa arrives with ten thousand disciples to test the prince, who serves him patiently. Duryodhana asks the sage to visit Yudhishthira after Draupadi has eaten, and the conspirators celebrate the plan."
B03C261,B03,Vana Parva,261,261,CCLXI,27854,27989,5,1297,"Durvasa arrives at the Pandavas' hermitage after Draupadi has already eaten, and Yudhishthira asks him to return after his bath. Draupadi, anxious about the missing food, prays to Krishna, who appears, eats the last grain left in the sun-given vessel, and sends Bhima to invite the sages. The sages, filled up and fearing the Pandavas' wrath, flee, and Krishna reassures the Pandavas before departing."
B03C262,B03,Vana Parva,262,262,CCLXII,27991,28033,1,431,"The Pandavas hunt in the Kamyaka forest, leaving Draupadi alone at the hermitage. Jayadratha, king of Sindhu, on his way to seek a bride in Salwa, sees her and is seized with desire, and he sends his companion Kotika to find out who she is."
B03C263,B03,Vana Parva,263,263,CCLXIII,28035,28077,1,450,"Kotika approaches Draupadi, asks who she is and where her family comes from, and introduces himself as Suratha's son. He names his companions, including Kshemankara of Trigarta and Jayadratha, king of Sauvira, who is nearby with a large army, and asks Draupadi to say whose wife and daughter she is."
B03C264,B03,Vana Parva,264,264,CCLXIV,28079,28107,1,292,"Draupadi answers Kotika, saying that although it is not proper for a woman to speak to a stranger alone, she will introduce herself. She is Drupada's daughter and the wife of the five Pandavas, who have gone hunting in the four directions, and she invites the visitors to dismount and await a welcome from her husbands. She then enters her cottage."
B03C265,B03,Vana Parva,265,265,CCLXV,28109,28171,3,603,"Kotika reports the encounter to Jayadratha, who is captivated by Draupadi and resolves to make her his own. Kotika tells him she is Drupada's daughter and the Pandavas' wife, but Jayadratha is undeterred. Jayadratha then goes to the hermitage himself and presses his suit."
B03C266,B03,Vana Parva,266,266,CCLXVI,28173,28276,5,957,"Draupadi denounces Jayadratha in fury and warns that the Pandavas will destroy him. When he seizes her and drags her toward his chariot, she struggles and calls upon Dhaumya, who warns Jayadratha that he will pay for the deed. Dhaumya then follows the ravisher's army as Draupadi is carried away."
B03C267,B03,Vana Parva,267,267,CCLXVII,28278,28383,3,1039,"The Pandavas return from hunting, and Yudhishthira reads omens of trouble in the forest, including a jackal's cry that suggests the Kurus have turned to violence. At the hermitage they find Draupadi's maid weeping, and she tells them that Jayadratha has carried Draupadi off and urges them to pursue at once. Yudhishthira bids her be silent, and the brothers follow the tracks, rushing to rescue her."
B03C268,B03,Vana Parva,268,268,CCLXVIII,28385,28466,2,837,"Jayadratha, seeing the Pandava banners, asks Draupadi to name her husbands. She describes each brother, from Yudhishthira's virtue to Bhima's vengeance, Arjuna's steadiness and the twins' gifts, and warns that Jayadratha will be destroyed. The five brothers then fall on the enemy charioteers, darkening the air with arrows."
B03C269,B03,Vana Parva,269,269,CCLXIX,28468,28615,4,1472,"The Pandavas attack Jayadratha's army and slaughter many of its warriors, though Yudhishthira is wounded, and Jayadratha flees, leaving Draupadi behind. Bhima wants to pursue and kill him, but Yudhishthira asks him to spare the king for the sake of their sister Dussala. Draupadi urges her husbands to slay the wretch, and the brothers set off after him."
B03C270,B03,Vana Parva,270,270,CCLXX,28617,28821,2,2177,"Bhima seizes Jayadratha, humiliates him, and forces him to declare himself a slave of the Pandavas, and Yudhishthira then frees him with a rebuke. Jayadratha, seeking revenge, obtains a boon from Shiva that he may check the Pandavas for a single day, except Arjuna. Shiva explains Arjuna's divine powers and recounts Vishnu's incarnations, and then vanishes with Uma while Jayadratha returns home."
B03C271,B03,Vana Parva,271,271,CCLXXI,28823,28862,2,369,"Janamejaya asks what the Pandavas did after Draupadi's abduction. Yudhishthira, having rescued her, asks the sage Markandeya whether anyone has suffered as much as he and his brothers have, given the innocence of Draupadi and the trials of their exile."
B03C272,B03,Vana Parva,272,272,CCLXXII,28864,28913,3,456,"Markandeya tells Yudhishthira that Rama also suffered when Ravana carried off his wife Sita, and that Rama recovered her with Sugriva's help. Yudhishthira asks about Rama's birth, his might, and Ravana's ancestry and quarrel with him. Markandeya begins the tale with Rama's royal family and the origins of Sita and Ravana."
B03C273,B03,Vana Parva,273,273,CCLXXIII,28915,29021,4,983,"Markandeya tells how the Rishi Visrava's three Rakshasa wives bear him sons, including Ravana, Kumbhakarna and Vibhishana. The brothers perform severe penances, and Brahma grants Ravana protection from all beings except men and grants Vibhishana immortality for his righteousness. Ravana then defeats his half-brother Kubera, takes Lanka and the Pushpaka chariot, and earns the name Ravana for terrorising the world."
B03C274,B03,Vana Parva,274,274,CCLXXIV,29023,29069,3,392,"The sages, gods and Siddhas, led by Agni, beg Brahma to protect them from Ravana, who cannot be killed because of his boon. Brahma replies that Ravana's death is near and that Vishnu will incarnate to achieve it. He then orders the gods to beget monkey and bear sons as Vishnu's allies, and sends a Gandharva woman to be reborn as the hunchback Manthara to stir up trouble."
B03C275,B03,Vana Parva,275,275,CCLXXV,29071,29222,5,1506,"Yudhishthira asks why Rama, Lakshmana and Sita were sent into exile. Markandeya describes Rama's virtues and Dasaratha's plan to make him regent, which Kaikeyi's maid Manthara turns into a plot against Rama. Kaikeyi claims two boons, making her son Bharata king and sending Rama away for fourteen years, and Dasaratha dies of grief while Rama is in the forest."
B03C276,B03,Vana Parva,276,276,CCLXXVI,29224,29335,3,1132,"Ravana asks Maricha to help him by taking the form of a golden deer to lure Rama away from Sita. Maricha agrees, and Ravana disguises himself as an ascetic, while Rama and Lakshmana are drawn off in pursuit of the deer. Ravana seizes Sita, who refuses him, and flies off with her as the vulture Jatayu watches in distress."
B03C277,B03,Vana Parva,277,277,CCLXXVII,29337,29461,2,1363,"The vulture Jatayu, a friend of Dasaratha, tries to free Sita from Ravana and is mortally wounded after his wings are cut off, while Sita drops her ornaments and cloth for her husband to find. Rama and Lakshmana return to find her gone, and the dying Jatayu points them south toward Ravana. They then kill a headless Rakshasa, who is revealed to be a Gandharva under a Brahmana's curse, and he directs them to seek Sugriva's friendship at Pampa."
B03C278,B03,Vana Parva,278,278,CCLXXVIII,29463,29659,3,1965,"Rama, grieving for Sita, is roused by Lakshmana and goes to Rishyamuka, where he allies with Sugriva. Rama kills Vali from hiding and Sugriva takes back the monkey kingdom. In Lanka, Sita is held in an Asoka grove under guard, and Trijata comforts her with a message of hope and a dream of Ravana's fall. The section matters because it sets up the alliance that will carry the war against Ravana."
B03C279,B03,Vana Parva,279,279,CCLXXIX,29661,29739,1,814,"Ravana comes to Sita in the Asoka grove, filled with desire, and boasts of his power, wealth and lineage to win her as his queen. Sita firmly refuses, saying she belongs to her husband and reproaching him for shaming his brother, the lord of treasures. Ravana vanishes, and Sita remains in grief under Trijata's care. The episode shows Sita's unbending loyalty to Rama and sets Ravana's pride against it."
B03C280,B03,Vana Parva,280,280,CCLXXX,29741,29912,3,1844,"Rama, still longing for Sita, sends Lakshmana to remind Sugriva of his pledge, and Sugriva says his monkeys are searching the whole earth. The searchers in the north, east and west find nothing, but the southern party returns with news. Hanuman reports that he found Sita in Lanka and carried back a token from her. The section matters because it turns the search into a known location for Sita and sets up the march on Lanka."
B03C281,B03,Vana Parva,281,281,CCLXXXI,29914,30043,2,1419,"The monkey and bear armies gather around Rama and march to the southern sea. Since the sea is too wide to cross by boat, Rama prays to the Ocean, which agrees to let Nala's bridge carry the army across. Vibhishana, Ravana's brother, comes over to Rama and is made king of the Rakshasas. The army crosses to Lanka, and spies are caught and sent back, and Angada is sent as envoy to Ravana."
B03C282,B03,Vana Parva,282,282,CCLXXXII,30045,30159,3,1145,"Ravana strengthens Lanka with trenches, stakes, catapults and armed guards. Angada delivers Rama's challenge in the king's court, and Ravana's men try to seize him, but he escapes and returns to Rama. The armies then clash at the walls: Rama's forces break down the ramparts and fight fiercely with the Rakshasas, and the monkeys withdraw after damaging the defenses. The section marks the outbreak of open war at Lanka."
B03C283,B03,Vana Parva,283,283,CCLXXXIII,30161,30202,1,384,"Ravana's lesser demons slip into the monkey camp invisibly, but Vibhishana sees through the spell and they are killed. Ravana then marches out in formation and the armies meet, with Rama, Lakshmana and others each matched against a chosen foe. The section marks the start of the full battle of Lanka."
B03C284,B03,Vana Parva,284,284,CCLXXXIV,30204,30274,1,694,"Prahasta attacks Vibhishana with a mace, but Vibhishana kills him with an enchanted javelin. Dhumraksha then drives back the monkeys until Hanuman turns the fight and kills him. Ravana, grieving, wakes his sleeping brother Kumbhakarna and sends him into battle, with the younger brothers Vajravega and Promathin joining. The section shows Ravana's army losing its leaders and Ravana turning to his last strong warrior."
B03C285,B03,Vana Parva,285,285,CCLXXXV,30276,30357,1,793,"Kumbhakarna devours several monkey leaders and seizes Sugriva, but Lakshmana wounds him with an arrow and cuts off his arms as they grow back. A Brahma weapon from Lakshmana finally kills him. Hanuman and Nala then kill Vajravega and Promathin, but the fighting goes on with heavy losses to the Rakshasas. The section records the fall of Ravana's strongest warrior."
B03C286,B03,Vana Parva,286,286,CCLXXXVI,30359,30429,1,721,"Ravana, hearing of the deaths, sends his son Indrajit to end the war by killing Rama, Sugriva and Lakshmana. Indrajit challenges Lakshmana, and their duel goes back and forth until Angada wrecks Indrajit's chariot with a tree. Indrajit vanishes by illusion and shoots down Rama and Lakshmana. The section shows Indrajit's power of illusion as the main threat to the brothers."
B03C287,B03,Vana Parva,287,287,CCLXXXVII,30431,30523,2,939,"Indrajit binds Rama and Lakshmana in a net of arrows, but Vibhishana revives them, and Sugriva's healing and a sacred water sent by Kuvera let them see the invisible. Indrajit returns to battle and Lakshmana kills him with three fiery arrows. Ravana, grieving, rushes to kill Sita, but Avindhya talks him out of it by urging him to kill Rama instead. The section shows Rama's side recovering and Ravana's rage turning toward Sita."
B03C288,B03,Vana Parva,288,288,CCLXXXVIII,30525,30613,1,844,"Ravana, enraged by his son's death, attacks with illusory warriors that Rama's arrows overcome. Matali brings Indra's chariot, and Vibhishana assures Rama that it is real, so Rama rides out to face Ravana. After a long duel, Rama fires a Brahma weapon that burns Ravana and his chariot to nothing. The section marks the death of Ravana and the end of the war's central conflict."
B03C289,B03,Vana Parva,289,289,CCLXXXIX,30615,30800,4,1894,"With Ravana dead, the gods honor Rama, who gives Lanka to Vibhishana. Rama then coldly doubts Sita's purity, and she is crushed; the gods, Brahma and Dasaratha among them, declare her innocent, so Rama takes her back. Rama returns to Ayodhya on the Pushpaka chariot, is reunited with Bharata, is crowned, and performs ten horse-sacrifices. The section closes the Ramayana episode with the restoration of Rama's family and kingdom."
B03C290,B03,Vana Parva,290,290,CCLXL,30802,30844,2,381,Markandeya consoles Yudhishthira by pointing out that Rama and other heroes also endured hardship and that Yudhishthira has powerful brothers and allies. He urges the king to stop grieving and act as a warrior should. Yudhishthira is comforted and speaks again to Markandeya. The passage links Rama's trials to the Pandavas' own exile.
B03C291,B03,Vana Parva,291,291,CCLXLI,30846,30960,6,1076,"Yudhishthira says he grieves most for Draupadi, who once saved the brothers at the dice game and was carried off by Jayadratha, and asks whether Markandeya knows a more faithful lady. Markandeya begins the tale of Savitri, daughter of the Madra king Aswapati, who was born through a boon from the goddess Savitri after years of devotion. The girl grows beautiful, and when no suitor comes forward, her father tells her to choose a husband herself. The section introduces the theme of a wife's devotion."
B03C292,B03,Vana Parva,292,292,CCLXLII,30962,31056,3,972,"Narada visits King Aswapati, who asks where his daughter has been. Savitri names Satyavan, son of the blind, exiled king Dyumatsena, and Narada praises his virtues. Narada then warns that Satyavan is fated to die within a year, but Savitri refuses to choose another man, and Narada approves the match. Aswapati accepts and prepares the wedding, setting up Satyavan's early death and Savitri's devotion."
B03C293,B03,Vana Parva,293,293,CCLXLIII,31058,31122,2,597,"King Aswapati brings Savitri to the hermitage of the blind, exiled Dyumatsena and asks that she be married to Satyavan. Dyumatsena hesitates because of their poverty, but Aswapati insists and the wedding is held with due rites. Savitri lives in the hermitage as a devoted wife, pleasing everyone, but Narada's warning never leaves her mind. The section sets up the fated death that will test her."
B03C294,B03,Vana Parva,294,294,CCLXLIV,31124,31218,5,879,"The fated day arrives. Savitri, who has counted the days, observes a three-night fast and receives the hermitage's blessing that she will never be widowed. When Satyavan goes into the forest with his axe, she insists on going with him despite her fast, and her in-laws give permission. She walks beside him through the woods, grieving and expecting his death at that hour. The scene builds the suspense that drives the next part of the story."
B03C295,B03,Vana Parva,295,295,CCLXLV,31220,31531,5,3467,"In the forest Satyavan falls ill from head pain and dies in Savitri's lap when Yama comes to take him. Savitri follows Yama and, through a series of replies on duty and righteousness, wins boons: sight and a restored kingdom for Dyumatsena, sons for her father, and a hundred sons for herself and Satyavan. Yama then restores Satyavan's life, and the couple sets out for the hermitage at night. The section is the turning point of Savitri's tale, showing her wisdom and devotion."
B03C296,B03,Vana Parva,296,296,CCLXLVI,31533,31651,3,1208,"Dyumatsena regains his sight and searches the hermitages for his lost son, while the sages assure him that Satyavan must be alive. Satyavan and Savitri return at night, and Savitri explains how she won Yama's boons, including Satyavan's life. The sages praise her for rescuing the family's fortunes. The story ends Savitri's test and shows the reward of her devotion."
B03C297,B03,Vana Parva,297,297,CCLXLVII,31653,31699,2,437,"Messengers from Salwa report that the usurper has been killed by his own minister and invite Dyumatsena back to his throne. He is restored, with Satyavan as prince-regent, and Savitri later bears a hundred sons. Markandeya says Draupadi can likewise rescue the Pandavas. Yudhishthira, encouraged by the tale, continues to live in the Kamyaka forest."
B03C298,B03,Vana Parva,298,298,CCLXLVIII,31701,31803,3,1101,"Janamejaya asks why Yudhishthira feared Karna and why he kept that fear to himself. Vaisampayana explains that in the thirteenth year of exile Indra planned to beg Karna's earrings for the Pandavas, and that Surya warned Karna in a dream. Karna refuses to break his vow of giving, saying fame is worth more than his life. The passage sets up the loss of Karna's protection."
B03C299,B03,Vana Parva,299,299,CCLXLIX,31805,31857,1,540,"Surya urges Karna not to give up his earrings and armor. He argues that fame is of no use to the dead, that Karna should refuse Indra's request, and that with the earrings Karna could not be defeated by Arjuna. The advice shows Surya's protective concern and the stakes of the coming bargain."
B03C300,B03,Vana Parva,300,300,CCC,31859,31920,3,552,"Karna tells Surya that he cannot lie, would rather die than be untruthful, and will give his earrings and armor to any Brahmana who asks. Surya then advises him to demand an infallible dart from Indra in return, since such a dart never misses. Surya vanishes, and Karna tells him of the dream the next morning and waits for Indra's visit. The chapter ends with Karna set on his course."
B03C301,B03,Vana Parva,301,301,CCCI,31922,32006,2,881,"Janamejaya asks what secret Surya kept from Karna and where Karna's earrings and armor came from. Vaisampayana explains that a fierce Brahmana once came to King Kuntibhoja asking to stay as his guest. The king entrusts the Brahmana's care to his adopted daughter Pritha, and the girl is told to serve him with great care. The section opens the story of how Karna was born and why his armor and earrings matter."
B03C302,B03,Vana Parva,302,302,CCCII,32008,32061,1,562,"Pritha, now called Kunti, promises the king she will serve the Brahmana faithfully, saying that Brahmanas bring blessings when pleased and ruin when angered. Kuntibhoja gives the Brahmana fine quarters and asks Kunti to forgive any lapses. Kunti then takes up her duty with complete devotion, treating the guest as a god."
B03C303,B03,Vana Parva,303,303,CCCIII,32063,32123,2,597,"Kunti serves the Brahmana for a full year, providing food, bed and seat at all hours, though he often returns late or scolds her. Pleased, the Brahmana offers her a boon, but she says she already has everything she needs. He then teaches her a mantra that can summon any god who will serve her. The episode establishes the mantra that drives the next events."
B03C304,B03,Vana Parva,304,304,CCCIV,32125,32210,2,912,"Kunti, curious about the mantra, tests it while she is still unmarried, summoning the rising sun. Surya appears and insists that she yield to him, threatening her and her father with his anger and a curse. Kunti, bewildered by the celestial gods watching, begs him to go away. Surya argues that a maiden has her own freedom and refuses to leave without his purpose."
B03C305,B03,Vana Parva,305,305,CCCV,32212,32300,4,889,"Kunti cannot dissuade Surya, fears for her father and the Brahmana, and finally agrees on condition that her son be born with armor and earrings. Surya promises a son with invulnerable armor and earrings made of Amrita, which he says came from Aditi. He enters her by yoga and leaves her a mother who remains a virgin, and when he departs she regains consciousness. The passage is the birth of Karna, the central tragedy of the Mahabharata."
B03C306,B03,Vana Parva,306,306,CCCVI,32302,32376,2,746,"Pritha, hiding her pregnancy, gives birth to a son who is born with armor and earrings. Fearing disgrace, she sets the child adrift in a box on the river Aswa, praying for his protection. The box drifts down the rivers to the Ganga and reaches the city of Champa, where the child survives because of his armor, earrings and destiny. The episode explains how the future Karna was abandoned at birth."
B03C307,B03,Vana Parva,307,307,CCCVII,32378,32438,1,641,"The charioteer Adhiratha and his childless wife Radha find the box in the Ganga, see the golden-armored infant, and adopt him as their son, naming him Vasusena and Vrisha. The boy grows up in the Anga kingdom, is trained by Drona, befriends Duryodhana and becomes a rival of Arjuna. Pritha learns of his life through spies. The section establishes Karna's upbringing and his enmity toward the Pandavas."
B03C308,B03,Vana Parva,308,308,CCCVIII,32440,32568,7,1287,"Indra comes disguised as a Brahmana while Karna is worshipping at noon and asks for his armor and earrings. Karna offers many other gifts, but refuses to give up the armor and earrings that make him unslayable. Indra admits that Surya warned Karna, and in exchange gives an infallible dart. Karna cuts his armor and earrings from his body, earns the name Karna, and Indra departs. The Kauravas are dismayed and the Pandavas rejoice, and the scene turns to the Pandavas returning to Dwaitavana."
B03C309,B03,Vana Parva,309,309,CCCIX,32570,32630,3,564,"The Pandavas settle in the forest of Dwaitavana. A deer runs off with a Brahmana's fire-sticks and churning staff, and the brothers chase it in vain, growing tired and thirsty. They rest under a banyan tree, and Nakula asks why disaster has come to them, since their house has never abandoned virtue. The section starts a new book on the forest and sets up the trouble ahead."
B03C310,B03,Vana Parva,310,310,CCCX,32632,32762,3,1361,"Weary and thirsty in the forest, the Pandavas reflect on the causes of their misfortunes, each brother blaming a past failure. Yudhishthira sends his brothers one by one to fetch water, and each drinks from a lake without answering an invisible being's questions and falls dead. Bhima too dies after drinking, and Yudhishthira, worried, goes to search and comes upon a beautiful lake. The episode sets up his meeting with the Yaksha at the lake."
B03C311,B03,Vana Parva,311,311,CCCXI,32764,33155,3,4008,"Yudhishthira mourns his four dead brothers, recalls the prophecies that promised their success, and wonders who could have killed them. Before drinking, he goes to bathe in the lake, where a Yaksha, disguised as a crane, warns him and claims to have killed the brothers. Yudhishthira answers the Yaksha's long run of questions on duty, learning, wealth and conduct, and when offered one brother's life, he chooses Nakula out of fairness to both of his father's wives. The Yaksha is pleased and restores all the brothers. The episode is the Pandavas' great test of wisdom and of fair dealing."
B03C312,B03,Vana Parva,312,312,CCCXII,33157,33245,4,820,"The Yaksha reveals himself as Dharma, the Lord of justice and Yudhishthira's father, who had taken the fire-sticks in the form of a deer to test his son. He grants the Brahmana's fire-sticks back, promises that the Pandavas will spend their thirteenth year unrecognized in Virata's kingdom, and praises Yudhishthira's steadiness of virtue. The brothers wake refreshed and return the fire-sticks to the Brahmana, and the text closes with a promise of rewards for hearing this story. The passage ends the forest-exile test and sends the brothers into their year in disguise."
B03C313,B03,Vana Parva,313,313,CCCXIII,33247,33899,81,3042,"Yudhishthira asks the ascetics for leave to spend the thirteenth year of exile in disguise and, overcome with grief, nearly faints. Dhaumya and Bhima encourage him with examples of gods and heroes who hid successfully and went on to win. The Brahmanas bless the Pandavas and leave, and the brothers set out with Krishna to plan their year of concealment. The rest of this chunk is the translator's footnotes and the Project Gutenberg license, which are not part of the epic's narrative."
B04C001,B04,Virata Parva,1,1,I,14,94,8,641,"Janamejaya asks how his ancestors and Draupadi stayed hidden in Virata's city. Vaisampayana explains that after the asylum period Yudhishthira called his brothers together to choose a place for the thirteenth year of exile. Arjuna lists the neighboring kingdoms, and Yudhishthira settles on Matsya under King Virata, planning a disguise for each brother. The chapter sets up the whole plan of concealment that the rest of the Virata Parva follows."
B04C002,B04,Virata Parva,2,2,II,96,177,4,793,"Bhima chooses to pass as the cook Vallava and plans to show his strength through wrestling and fights with wild animals, while sparing the lives of his opponents. Yudhishthira then names Arjuna's famous feats at length and asks what role the great archer will take. Arjuna answers that he will appear as a eunuch named Vrihannala who teaches dance and song to the palace women, hiding his bowstring scars under bangles."
B04C003,B04,Virata Parva,3,3,III,179,251,7,608,"Yudhishthira asks Nakula and Sahadeva what roles they will take, and both choose work with animals. Nakula will look after horses under the name Granthika, and Sahadeva will tend cattle as Tantripala. Yudhishthira then worries about Draupadi, who has never done ordinary work, and Draupadi proposes to serve Queen Sudeshna as a hairdresser. Yudhishthira agrees but warns her to guard her conduct so that wicked men are not drawn to her."
B04C004,B04,Virata Parva,4,4,IV,253,405,4,1563,"Yudhishthira sends his priest, cooks and charioteers to Drupada's realm, and Draupadi's maids to the Panchalas, while Indrasena and others head to Dwaravati. Dhaumya then gives a long set of rules for living in a king's household, covering how to speak, sit, and act around the ruler. Yudhishthira thanks him, and Dhaumya performs the departure rites and takes the sacred fires away. The brothers set out with Draupadi, and the household servants go their own separate ways."
B04C005,B04,Virata Parva,5,5,V,407,499,5,835,"The Pandavas, disguised as hunters, cross the Yamuna and enter Matsya, and Arjuna carries the weary Draupadi near the city. Yudhishthira worries that bearing their famous weapons into the city would reveal them, so Arjuna suggests hiding them in a Sami tree near a cemetery. The brothers hide the bows and weapons, hang up a corpse to keep people away, and take new names for the year. The chapter ends with them entering the city as planned."
B04C006,B04,Virata Parva,6,6,VI,501,604,2,1078,"On the way to Virata's city, Yudhishthira prays to the goddess Durga, naming her many forms and asking for protection. The goddess appears and promises that the Pandavas will win the war and regain the earth. She also says that the Kurus' spies and the people of Matsya will fail to recognize them while they stay in Virata's city. The prayer gives the brothers divine cover for the disguised year."
B04C007,B04,Virata Parva,7,7,VII,606,685,7,683,"Yudhishthira arrives at Virata's court looking like a king in hiding, carrying golden dice. Virata cannot place him, and Yudhishthira presents himself as the Brahmana Kanka, a skilled dice player and former friend of Yudhishthira. Virata makes him a close companion with wide powers, and Yudhishthira asks for protection from quarrels over dice, which Virata grants. Kanka then lives in the court without being recognized."
B04C008,B04,Virata Parva,8,8,VIII,687,744,5,498,"Bhima enters Virata's court disguised as a cook, carrying a ladle, a spoon and a dark sword, and shining like the sun. Virata cannot tell who he is, but Bhima presents himself as the cook Vallava and offers to work in the kitchen. He adds that he is also a wrestler who fights lions and elephants, and Virata gives him charge of the royal kitchen. Bhima rises in the king's favour without being recognized."
B04C009,B04,Virata Parva,9,9,IX,746,853,6,1021,"Draupadi, dressed as a hairdresser in a single soiled cloth, wanders the city offering her services. Queen Sudeshna sees her from a terrace, is struck by her beauty, and asks who she really is. Draupadi says she serves as a hairdresser and claims that her five Gandharva husbands guard her, so no one can take her. Sudeshna takes her into the household on condition that she never touches another's leftovers or washes their feet."
B04C010,B04,Virata Parva,10,10,X,855,912,6,467,"Sahadeva, dressed as a cowherd, comes to the royal cattle pens, and Virata is struck by his bearing. He calls himself Arishtanemi, a Vaisya who once tended the Pandavas' herds and would serve no master but the king. When Virata doubts he is only a herdsman, Sahadeva describes his old work and his knowledge of cattle, and the king puts a hundred thousand cows under his care. Sahadeva lives there, and no one but his brothers recognize him."
B04C011,B04,Virata Parva,11,11,XI,914,967,4,465,"Arjuna appears at the court in women's ornaments and a braid, tall and commanding, so the king takes him for a noble and offers him a place. Arjuna calls himself Vrihannala, a singer and dancer, and asks to teach the princess Uttara. Virata agrees, but first has him tested in arts and examined by women, who confirm his condition. Arjuna then teaches music and dance in the women's quarters and goes unrecognized."
B04C012,B04,Virata Parva,12,12,XII,969,1023,4,504,"A fourth brother, Nakula, arrives at Virata's court and catches the king's eye by studying his horses. He offers his services as a horse trainer under the name Granthika, and Virata puts him in charge of all the royal horses and their keepers. Virata says he admires Nakula's bearing and wishes Yudhishthira were there. The chapter closes with the brothers living in Matsya, respected and still unrecognized."
B04C013,B04,Virata Parva,13,13,XIII,1025,1147,3,1281,"Janamejaya asks what the Kuru princes did while living in disguise in Matsya. Vaisampayana describes how each brother earns a place: Yudhishthira wins at dice for the king, Bhima cooks and fights, Arjuna teaches the women, and the twins serve with horses and cattle. At a festival in the fourth month, Bhima defeats the champion wrestler Jimuta in a famous bout, and each brother is rewarded by Virata."
B04C014,B04,Virata Parva,14,14,XIV,1149,1299,3,1588,"After ten months, Kichaka, the commander of Virata's army and Sudeshna's brother, becomes obsessed with Draupadi when he sees her serving in the queen's rooms. He makes a long and lustful proposal, offering wealth and status, and Draupadi refuses. She reminds him that she is married and that her Gandharva husbands would kill him if he persisted. Kichaka does not give up and claims power over the realm, and Draupadi warns him again of the danger he is courting."
B04C015,B04,Virata Parva,15,15,XV,1301,1362,4,547,"Kichaka begs Sudeshna to help him win Draupadi, and Sudeshna arranges a plan: he is to prepare a feast of food and wine, and she will send the maid to fetch wine at his house. Draupadi objects, pointing out Kichaka's shamelessness and her vow to her husbands, but Sudeshna promises she will be safe. Draupadi prays to the Sun god, who sends a Rakshasa to guard her, while Kichaka rises in delight at her arrival."
B04C016,B04,Virata Parva,16,16,XVI,1364,1507,5,1445,"Kichaka seizes Draupadi in the court and kicks her in front of the assembled men, and a Rakshasa sent by Surya knocks him senseless. Bhima's anger rises, but Yudhishthira holds him back to protect their disguise, and Draupadi denounces Virata and his court for allowing the insult. The courtiers condemn Kichaka and praise her, and Yudhishthira sends her to Sudeshna's apartments, where she vows to see Kichaka dragged down."
B04C017,B04,Virata Parva,17,17,XVII,1509,1562,2,509,"Still stung by the insult, Draupadi bathes and thinks about how to get her revenge, deciding that only Bhima can do it. At night she goes to his quarters and finds him in the kitchen. She wakes him and asks how he can sleep while Kichaka lives, and Bhima asks her what she needs."
B04C018,B04,Virata Parva,18,18,XVIII,1564,1642,1,789,"Draupadi answers Bhima by listing the humiliations she and the brothers have suffered. She blames Yudhishthira's loss at dice for their fall, and she contrasts his former splendour at Indraprastha with his present life as the courtier Kanka. Her speech is a sustained lament over the brothers' loss of status and her own grief."
B04C019,B04,Virata Parva,19,19,XIX,1644,1754,1,1192,"Draupadi continues her plea to Bhima by describing how painfully each brother has been reduced to a humbling role. Bhima works as a cook and fights beasts for the women's amusement, Arjuna teaches dance and song as Vrihannala, Sahadeva tends cows, and Nakula handles the king's horses. She also reports that Sudeshna and her women mock her, suspecting her of favouring Bhima, and the chapter ends with her grief at how the brothers must live."
B04C020,B04,Virata Parva,20,20,XX,1756,1837,3,836,"Draupadi tells Bhima how far the brothers have fallen: she serves Sudeshna, grinds sandal for others, and fears Virata, and her hands are now marked with calluses. She clings to hope that fortune will turn when the year ends, since fate rises and falls like a wheel. Bhima, moved by her grief, covers his face with her hands and weeps with her."
B04C021,B04,Virata Parva,21,21,XXI,1839,1956,2,1242,"Bhima answers Draupadi by cursing his own strength and Arjuna's bow for her hardship, and he admits he would have killed Kichaka if Yudhishthira had not restrained him with a look. Draupadi, though she does not blame Yudhishthira, repeats the story of Kichaka's pursuit, Sudeshna's jealousy, and the kick in the court, and she demands that Bhima kill him or she will take poison. Bhima consoles her, and then turns to his anger against Kichaka."
B04C022,B04,Virata Parva,22,22,XXII,1958,2279,11,3237,"Bhima and Draupadi plot to lure Kichaka to the empty dance hall, where Bhima waits for him at night. Kichaka arrives expecting Draupadi, boasts of his wealth and beauty, and Bhima overpowers and kills him after a long wrestling struggle. The Kichakas then try to burn Draupadi on Kichaka's pyre, but Bhima uproots a tree and kills their kin, and the total slain reaches 106 with Kichaka. The episode ends Draupadi's persecution and makes the court marvel at the feat."
B04C023,B04,Virata Parva,23,24,XXIV,2281,2368,4,817,"Citizens report the deaths of the Sutas to Virata, who orders the Kichakas cremated and sends a message to Draupadi through Sudeshna, saying she may go wherever she likes. Draupadi returns to the city, where people flee in fear, and she greets Bhima as a Gandharva who saved her. In the dance hall she meets Arjuna and the princesses, and when Sudeshna brings the king's message she asks for thirteen more days before she leaves."
B04C024,B04,Virata Parva,24,25,XXV,2370,2430,2,593,"News of Kichaka's killing spreads through the provinces, and people praise both Vallava and the dead commander as warriors. Duryodhana's spies return from their search having found no trace of the Pandavas, and they report that the charioteers reached Dwaravati without them. They tell Duryodhana that Kichaka's death by Gandharvas gives the Kauravas a fresh opportunity against Virata."
B04C025,B04,Virata Parva,25,26,XXVI,2432,2488,2,525,"Duryodhana reflects that most of the hidden year is over and orders his courtiers to find the Pandavas before they return. Karna urges more spies, sent in disguise to every likely place. Duhsasana doubts the search will succeed and suggests the brothers may have perished or fled abroad, but he advises Duryodhana to act with energy."
B04C026,B04,Virata Parva,26,27,XXVII,2490,2524,1,324,"Drona argues that the Pandavas cannot be destroyed, since they are brave, disciplined and loyal to Yudhishthira's virtue and wisdom. He advises a renewed search using Brahmanas, Charanas and ascetics who know the brothers."
B04C027,B04,Virata Parva,27,28,XXVIII,2526,2623,1,1011,"Bhishma agrees with Drona about the Pandavas' virtue but advises against using spies to hunt them now. He describes at length how the land where Yudhishthira dwells would prosper, with good rain, harvests, cattle and honest people. He ends by urging Duryodhana to act wisely and honestly."
B04C028,B04,Virata Parva,28,29,XXIX,2625,2664,1,377,"Kripa agrees with Bhishma but says Duryodhana should not ignore the Pandavas, since even a minor foe must be watched. He urges Duryodhana to track them by spies, learn his own strength and that of his allies, and build up his army and treasury before the brothers return. He then advises him to choose between fighting and making a treaty."
B04C029,B04,Virata Parva,29,30,XXX,2666,2737,3,671,"Susarman, the Trigarta king whom Kichaka had repeatedly defeated, urges Duryodhana to invade Virata's kingdom now that Kichaka is dead. Karna supports the plan and says the Pandavas are either gone or dead. Duryodhana orders the Trigartas to strike first at Virata's cattle, with the Kauravas following a day later, and both armies move out."
B04C030,B04,Virata Parva,30,31,XXXI,2739,2819,1,798,"The Pandavas complete their year in disguise, and Virata, relying on them after Kichaka's death, learns that Susarman has seized thousands of his cattle. A herdsman brings the news to court, and Virata arms his brothers and sons, and orders chariots and armour for the disguised Pandavas. The brothers ride out with the king's army, which marches after the cattle tracks."
B04C031,B04,Virata Parva,31,32,XXXII,2821,2902,1,802,"The Matsyas and the Trigartas clash at sunset in a huge battle that leaves the field strewn with dead and wounded men. Satanika and Visalaksha break deep into the Trigarta ranks, and Virata duels with Susarman, wounding him and being wounded in turn. Dust and arrows hide the field, and the fighting stops at nightfall with neither side the clear winner."
B04C032,B04,Virata Parva,32,33,XXXIII,2904,3050,3,1443,"After a pause in the night fighting, the moon rises and the battle resumes, and Susarman and his brother seize Virata and carry him off. Yudhishthira urges Bhima to rescue the king, and Bhima, who wants to uproot a tree as a weapon, is told to use ordinary arms so that he is not recognized. Bhima routs the Trigartas, binds Susarman, and Yudhishthira then frees him on the condition that he declare himself a slave in every assembly."
B04C033,B04,Virata Parva,33,34,XXXIV,3052,3101,2,474,"Shamed by his defeat, Susarman goes home, and Virata thanks the Pandavas with gems, wealth and an offer of rule over the Matsyas. Yudhishthira answers graciously, and Virata sends messengers to proclaim his victory in the city, and the proclamation is made at sunrise."
B04C034,B04,Virata Parva,34,35,XXXV,3103,3160,2,562,"While Virata is away chasing the Trigartas, Duryodhana's army invades Matsya, drives off the cowherds, and seizes sixty thousand cows. A chief cowherd rushes to the city and urges Virata's son Bhuminjaya to ride out and win back the herds, comparing his bow to a lute. The prince then begins to boast among the women of the palace."
B04C035,B04,Virata Parva,35,36,XXXVI,3162,3232,6,598,"Uttara, Virata's son, laments that his charioteer died in the earlier battle and says he could recover the cattle if he had a skilled driver. Arjuna, speaking privately to Draupadi, suggests that Vrihannala, once Arjuna's charioteer, be asked. Draupadi reluctantly vouches for Vrihannala's skill, but Uttara doubts a eunuch can drive, so Draupadi says Vrihannala will obey Uttara's younger sister, and the sister is sent to fetch him from the dance hall."
B04C036,B04,Virata Parva,36,37,XXXVII,3234,3338,5,984,"Virata's daughter, Uttara's sister, hurries to the dance hall and begs Arjuna, disguised as Vrihannala, to drive her brother's chariot against the Kurus. Arjuna first protests that he knows only singing, dancing and music, then pretends to be clumsy with the armour, and the maidens laugh until Uttara arms him himself. The women bless the chariot as it sets out, and Arjuna promises them cloth for their dolls if the battle goes well."
B04C037,B04,Virata Parva,37,38,XXXVIII,3340,3494,8,1384,"Uttara drives toward the Kuru army, but when he sees its size and its great warriors he is terrified and begs Vrihannala to turn back. Vrihannala rebukes him, Uttara jumps down and runs, and Arjuna chases him, his braid and red garments flying, which amuses some Kuru soldiers. The Kurus wonder whether the runner could be Arjuna, Arjuna catches Uttara and calms him, and forces the frightened prince back into the chariot."
B04C038,B04,Virata Parva,38,39,XXXIX,3496,3546,2,489,"The Kuru leaders see the figure in women's dress driving toward a Sami tree and fear that it is Arjuna. Drona reads a series of bad omens and identifies the driver by his many names and epithets, urging his men to stay on guard. Karna scoffs at Arjuna's worth, and Duryodhana says that if this is Arjuna the Pandavas will have to return to the forest, while a eunuch in disguise can be struck down; the Kuru elders applaud his courage."
B04C039,B04,Virata Parva,39,40,XL,3548,3571,1,218,"At the Sami tree, Arjuna tells Uttara, who is still inexperienced, to climb it and bring down the Pandavas' bows. He explains that the bows hidden there, including the Gandiva, are the only ones strong enough for his own use."
B04C040,B04,Virata Parva,40,41,XLI,3573,3606,3,283,"Uttara objects to climbing the tree, since he has heard a corpse is tied in it and touching one would defile a prince. Arjuna assures him that there are only bows in the tree and no corpse, and Uttara climbs reluctantly. As he cuts the bindings and uncovers the weapons, they shine like the sun and frighten him, and he turns to Arjuna with a question."
B04C041,B04,Virata Parva,41,42,XLII,3608,3654,1,426,"Holding the weapons, Uttara asks Vrihannala whose they are, one by one, naming the bows, arrows, quivers and swords with their golden and animal decorations. He is struck by their beauty and wonders aloud who could own such a collection."
B04C042,B04,Virata Parva,42,43,XLIII,3656,3713,1,546,"Arjuna, still disguised as Vrihannala, names the owners of each weapon. He identifies the Gandiva as his own, recounts how it passed through Shiva, Prajapati, Sakra, Soma and Varuna before he obtained it, and then assigns the other bows, arrows, quivers and swords to Yudhishthira, Bhima, Nakula and Sahadeva."
B04C043,B04,Virata Parva,43,44,XLIV,3715,3789,7,614,"Uttara admires the weapons and asks where the Pandavas are now. Arjuna reveals that he is Arjuna and names his brothers' court disguises, along with the Draupadi who is serving as the Sairindhri. Uttara asks for proof, so Arjuna recites his ten names and explains the origin of several of them. Convinced, Uttara apologizes for his earlier doubts and welcomes him."
B04C044,B04,Virata Parva,44,45,XLV,3791,3908,7,1134,"Uttara offers to drive Arjuna into the enemy ranks, and Arjuna promises to rout the Kurus, describing his chariot as a fortress with its own walls and gates. Arjuna explains that his eunuch disguise was a year-long vow kept at his elder brother's command. Uttara praises him and names the horses, and Arjuna prepares for battle, summons his weapons and sounds the Gandiva, which frightens Uttara, who fears the size of the Kuru army. Arjuna answers by recalling his past battles against gods and demons."
B04C045,B04,Virata Parva,45,46,XLVI,3910,4002,5,895,"Arjuna circles the Sami tree, takes down the lion banner and raises his own ape banner, a celestial gift. When he sounds his conch the horses kneel and Uttara sinks down in fear, and Arjuna comforts him and sounds the conch again. Drona, watching from the Kuru side, reads the omens as signs of disaster and says the driver must be Savyasachin."
B04C046,B04,Virata Parva,46,47,XLVII,4004,4092,1,953,"Duryodhana argues that if the approaching warrior is Arjuna, the Pandavas have broken their pledge and must go back to the forest for twelve more years. He urges an immediate fight regardless of who the warrior is. Karna dismisses Drona's warnings as partiality to Arjuna and urges the army to stand firm."
B04C047,B04,Virata Parva,47,48,XLVIII,4094,4151,1,588,"Karna declares that he alone will stand against the approaching warrior, whether Arjuna or the Matsya king. He boasts at length that his arrows will cover and defeat Arjuna, that he has gained weapons from Jamadagni's son, and that he will hurl Arjuna from his chariot. He ends by saying the Kauravas may take the cattle or stay and watch."
B04C048,B04,Virata Parva,48,49,XLIX,4153,4213,1,633,"Kripa warns Karna against fighting Arjuna alone, reminding him that Arjuna has rescued the Kurus from the Gandharvas, defeated many enemies single-handed and mastered the weapons under Indra. Kripa says Karna is like a fool who tries to take the fangs of a snake or swim the ocean with a stone around his neck. He urges the six great warriors to stand together with their troops in ranks, rather than facing Arjuna alone."
B04C049,B04,Virata Parva,49,50,L,4215,4289,1,749,"Ashvatthaman rebukes Karna's boasting, reminding him that the cattle are not yet won and that true heroes keep quiet about their deeds. He condemns Duryodhana's gains from dice as dishonest and recalls the insult to Draupadi, and he warns that Arjuna will destroy the Kurus. He tells Karna to use the same dice-tricks that won Indraprastha, and says he himself will fight the Matsya king rather than Arjuna."
B04C050,B04,Virata Parva,50,51,LI,4291,4355,4,593,"Bhishma calls for unity, saying that Karna's boast was meant only to rally the army and that disunity among leaders is the worst calamity an army can suffer. Ashvatthaman replies that his father had praised Arjuna in anger, which is why he spoke. Duryodhana, with Karna, Kripa and Bhishma, urges Drona to forgive, and Drona agrees, asking that the army be arranged so that Arjuna cannot reach Duryodhana."
B04C051,B04,Virata Parva,51,52,LII,4357,4422,4,602,"Bhishma works out the calendar and concludes that the Pandavas kept their promise, so Arjuna's appearance is lawful and battle cannot be avoided. Duryodhana refuses to return the kingdom and orders the preparations to go ahead. Bhishma advises the king to withdraw to the capital with a quarter of the army, send another quarter with the cattle, and fight with the rest, and then he arrays the troops around Drona, Ashvatthaman, Kripa and Karna."
B04C052,B04,Virata Parva,52,53,LIII,4424,4499,3,725,"Arjuna's chariot advances with a roar of its ape banner and the twang of the Gandiva, and Drona identifies Partha by his banner and bearing. Arjuna, suspecting that Duryodhana is retreating with the cattle by the southern road, asks Uttara to drive straight at the king. Kripa urges the Kuru warriors to counterattack, but Arjuna scatters their troops with arrows and conch-blasts, and the cattle turn back south."
B04C053,B04,Virata Parva,53,54,LIV,4501,4623,1,1269,"Having recovered the cattle, Arjuna turns back to face the Kuru army, driving Uttara straight into the thick of it. He routs several warriors, kills Satruntapa, and drives Vikarna off the field. Karna then challenges him, and after a long archery duel Arjuna wounds Karna in many places until Karna quits the battle."
B04C054,B04,Virata Parva,54,55,LV,4625,4781,2,1694,"After Karna flees, the other Kuru warriors attack Arjuna, but his arrows fill the sky and scatter their ranks, and the field is littered with dead elephants and men. Arjuna holds back from killing the defenceless and instead strikes from behind, and the battlefield turns red as evening comes on. Uttara asks where to drive, and Arjuna names each Kuru leader by his banner, from Kripa and Drona through Duryodhana and Karna to Bhishma, who should be approached last."
B04C055,B04,Virata Parva,55,56,LVI,4783,4834,1,497,"Gods and heavenly beings come to watch the battle in their celestial chariots, led by Indra with his Vishvas and Maruts. The sky fills with divine light and fragrance, and the dust clears as Indra gazes at his son Arjuna and cannot look away."
B04C056,B04,Virata Parva,56,57,LVII,4836,4941,2,1092,"Arjuna sends Uttara against Kripa, and the two sound their conches in challenge. Kripa and Arjuna shoot at each other, but Arjuna cuts Kripa's bows as fast as Kripa can string them, slays his horses and driver, and wounds him in the breast. When Kripa hurls a mace it is turned back, and Kripa's men try to rescue him, but Uttara wheels the chariot in circles to hold them off until Kripa is carried away."
B04C057,B04,Virata Parva,57,58,LVIII,4943,5125,2,1835,"Arjuna has Uttara drive toward Drona, praising the teacher's virtues and saying he will not strike unless he is struck first. Drona and Arjuna duel with celestial weapons, drawing admiration from the spectators on both sides. When Ashvatthaman charges at Arjuna, Arjuna turns to meet him, and Drona, wounded, withdraws from the field."
B04C058,B04,Virata Parva,58,59,LIX,5127,5180,1,529,"Ashvatthaman charges at Arjuna and the two fight fiercely while the sky is darkened by arrows. Ashvatthaman cuts the string of the Gandiva, and Arjuna restrings it and presses on, since Ashvatthaman's arrows soon run out. The Kurus cheer, and when Karna twangs his bow Arjuna turns to meet him."
B04C059,B04,Virata Parva,59,60,LX,5182,5250,2,705,"Arjuna confronts Karna and reproaches him for his boasting and for watching Draupadi be humiliated in the court. Karna answers that Arjuna's words exceed his deeds and that he had been held back by morality, and Arjuna answers that Karna fled when his brother was slain. The two begin a duel, in which Arjuna cuts Karna's bow and steeds and wounds him in the breast, and Karna flees northward while Arjuna and Uttara taunt him."
B04C060,B04,Virata Parva,60,61,LXI,5252,5373,3,1214,"Uttara, overwhelmed by the sights, sounds and stench of battle, says he can no longer hold the reins. Arjuna reassures him and tells him to stay steady as a prince of Matsya's line, then boasts of his divine weapons and vows to break the Kuru host. He drives toward Bhishma, cuts down Bhishma's banner, and when four Kuru princes attack him he wounds Duhsasana and Vikarna and kills the horses of Dussaha and Vivingsati, driving them off."
B04C061,B04,Virata Parva,61,62,LXII,5375,5438,1,653,"The Kuru warriors attack Arjuna together from every side, but he covers them in arrows, and elephants, horses and men fall in heaps. Their courage broken, the Kuru troops flee in terror, and Arjuna's arrows create a river of blood across the battlefield."
B04C062,B04,Virata Parva,62,63,LXIII,5440,5564,3,1229,"Bhishma, the grandsire, comes at Arjuna with his own bow and a shower of arrows, and the two fight with celestial weapons while the Kauravas and the gods watch. Arjuna cuts Bhishma's bow, umbrella and banner, and Bhishma repeatedly takes up a new bow and fights on. Indra and the Gandharva Chitrasena praise both warriors, but Arjuna finally wounds Bhishma in the breast, and Bhishma's charioteer carries him off the field."
B04C063,B04,Virata Parva,63,64,LXIV,5566,5625,1,616,"Duryodhana attacks Arjuna and wounds him on the forehead, but Arjuna answers, slays Vikarna's elephant with a single iron arrow, and wounds Duryodhana in the breast. The Kuru army breaks and flees, and Duryodhana turns to run as well. Arjuna shames him for running away, reminds him of his royal duty, and urges him to turn back and fight."
B04C064,B04,Virata Parva,64,65,LXV,5627,5730,2,1053,"Stung by Arjuna's taunts, Duryodhana turns his chariot back, and Karna, Bhishma, Drona, Kripa and the others close in to protect him. Arjuna stuns the whole Kuru army with a celestial weapon and his conch, then has Uttara strip the fallen warriors of their garments. Bhishma alone recovers and advises Duryodhana to go home, and Arjuna breaks Duryodhana's jewelled crown, salutes the elders, and sounds his conch as the Kurus depart."
B04C065,B04,Virata Parva,65,66,LXVI,5732,5816,7,714,"Arjuna drives the recovered cattle back toward Virata's city, and a band of Kuru soldiers who had fled into the forest comes out and begs for mercy. Arjuna spares them and tells Uttara to claim the victory himself rather than praise the Pandavas, which might frighten Virata into hiding. Arjuna returns the weapons and the banner to the Sami tree, enters the city as Vrihannala, and sends word ahead, and the prince and his companions retrieve their garments from the tree before entering."
B04C066,B04,Virata Parva,66,67,LXVII,5818,5981,11,1490,"Virata returns in triumph with the Pandavas and learns that Uttara has gone out alone with only Vrihannala as driver. He sends a force after him, but Yudhishthira predicts victory, and news of the win arrives. Virata rejoices and turns to a game of dice with Kanka, but when Yudhishthira again praises Vrihannala the king strikes him with a die, drawing blood that Draupadi catches, and Yudhishthira warns that Uttara must come in without Vrihannala."
B04C067,B04,Virata Parva,67,68,LXVIII,5983,6040,5,499,"Uttara enters and finds Kanka bleeding and tended by Draupadi, and asks his father who struck him. Virata admits the blow, and Uttara begs him to make amends before a Brahmana's curse destroys him. Kanka forgives the king, and once the bleeding stops Vrihannala enters the court. Virata praises his son for defeating the greatest Kuru warriors."
B04C068,B04,Virata Parva,68,69,LXIX,6042,6096,5,443,"Uttara tells his father that he did not win the battle himself, but that a celestial youth took the reins, drove him against the Kurus, and routed the great warriors, then challenged Duryodhana to fight. Virata asks to honour the youth who saved his cattle, but Uttara says the youth vanished and may return. Virata remains ignorant of Arjuna's identity, and Arjuna presents the new garments he has brought to Virata's daughter, delighting her and Uttara."
B04C069,B04,Virata Parva,69,70,LXX,6098,6170,2,698,"On the third day after the vow was completed, the five Pandavas enter Virata's council hall, bathed and finely dressed, and take their places on royal thrones. Virata, angry to see the dice-player Kanka seated like a king, demands to know how he dares. Arjuna answers with a long, teasing speech praising Yudhishthira's virtue, learning, power and wealth, and argues that he deserves the royal seat."
B04C070,B04,Virata Parva,70,71,LXXI,6172,6287,8,1049,"Virata asks which of the men is which, and Arjuna names each brother and Draupadi, recalling their deeds in the hidden year. Uttara describes the brothers' appearance and tells of Arjuna's great feats in the battle. Virata, feeling guilty for having wronged Yudhishthira, offers his daughter, also named Uttara, to Arjuna, and then begs forgiveness and makes an alliance with the Pandavas, offering Yudhishthira his kingdom, which Arjuna accepts on her behalf."
B04C071,B04,Virata Parva,71,72,LXXII,6289,6960,118,2917,"Virata offers his daughter to Arjuna, and Arjuna accepts her as a daughter-in-law for his son Abhimanyu, insisting that he lived with her in the palace without impropriety. The allies gather at Upaplavya, the wedding is celebrated with gifts and dowry, and Virata offers the Pandavas his kingdom and treasure. The section and the Virata Parva close here, and the chapter is followed by the translator's footnotes and the Project Gutenberg license text."
B05C001,B05,Udyoga Parva,1,1,I,1108,1210,2,900,"The allied kings gather in Virata's court the morning after Abhimanyu's wedding. Krishna reviews how the Pandavas were cheated at dice, served their exile, and endured the hidden thirteenth year, then argues they ask only for their rightful share. He proposes that a fair envoy be sent to Duryodhana before any war is considered. The chapter sets up the peace effort that drives the rest of the Udyoga Parva."
B05C002,B05,Udyoga Parva,2,2,II,1212,1282,2,518,"Balarama answers Krishna by urging peace: the Pandavas will give up half the kingdom, and an envoy should go to Duryodhana and to the elders with humble words. He recalls that Yudhishthira lost at dice through his own unskilled play and that Shakuni was not to blame. Satyaki then rises in anger to attack Balarama's position. The split between the peace party and the war party begins here."
B05C003,B05,Udyoga Parva,3,3,III,1284,1361,1,672,"Satyaki scolds Balarama for speaking softly and says the dice match was a trick, so Yudhishthira has no reason to beg. He vows to force Duryodhana to bow down through battle and lists the Pandava warriors and allies who would fight. He insists that Yudhishthira must get his kingdom back, or the enemy will fall in war. The chapter sharpens the case for war."
B05C004,B05,Udyoga Parva,4,4,IV,1363,1432,1,563,"Drupada agrees with Satyaki that Duryodhana will not give up the kingdom peacefully. He still thinks the Pandavas should first send a message, but he advises against a mild approach and wants them to gather allies at once. He lists many kings to be called and names a priest to be sent to Dhritarashtra. The chapter shows the war camp beginning to prepare."
B05C005,B05,Udyoga Parva,5,5,V,1434,1498,2,463,"Krishna responds that the Pandavas' cause is just, but he asks Virata to send a message to the Kauravas before any fighting begins. He says that if the Kuru side refuses peace, the Pandavas will be called and Arjuna will act. Virata honors Krishna and sends him back to Dwaraka. The two camps then gather armies, and the chapter shows the war effort growing."
B05C006,B05,Udyoga Parva,6,6,VI,1500,1573,2,541,"Drupada gives the priest detailed advice on how to approach Dhritarashtra. He says that the old king has knowingly followed his son, and that the envoy should stir up the elders and the soldiers so that the Kauravas lose heart. He tells the priest to leave at an auspicious time, while the Pandavas quietly prepare. The chapter ends with the priest setting out for Hastinapura with his followers."
B05C007,B05,Udyoga Parva,7,7,VII,1575,1703,6,1061,"Both Duryodhana and Arjuna travel to Dwaraka to ask Krishna for help in the coming war. Krishna is asleep when they arrive, and Arjuna is the first he sees. He offers his ten crore Narayana troops to one side and himself, unarmed, to the other, and Arjuna picks Krishna as his charioteer. Duryodhana takes the army and gains an extra force from Kritavarman, while Balarama refuses to fight for either side."
B05C008,B05,Udyoga Parva,8,8,VIII,1705,1858,4,1511,"The king of the Madras, Salya, marches to join the Pandavas with a large army. Duryodhana secretly arranges lavish hospitality along the way, and Salya is so impressed that he offers a boon. Duryodhana asks him to lead the Kaurava army, and Salya agrees, then goes to visit Yudhishthira. There Yudhishthira asks him to weaken Karna in their future duel, and Salya agrees, though reluctantly, after consoling the Pandavas for their hardships."
B05C009,B05,Udyoga Parva,9,9,IX,1860,2034,5,1666,"Yudhishthira asks how Indra and his wife came to suffer great misery, and Salya tells the old myth in reply. Twashtri creates a three-headed son to rival Indra, and Indra has him tempted and then killed, first with a thunderbolt and then by a carpenter who cuts off his heads. Twashtri creates Vritra to destroy Indra, who is swallowed but escapes, and the gods finally turn to Vishnu for help. The story is told to console Yudhishthira that even gods suffer, and it ends before the Vritra battle is resolved."
B05C010,B05,Udyoga Parva,10,10,X,2036,2179,4,1368,"Indra admits that Vritra has grown too strong for him, so the gods and sages go to Vishnu for help. Vishnu advises peace and says he will hide inside Indra's thunderbolt. The sages persuade Vritra to accept friendship, and he sets terms meant to keep him from being killed by any ordinary means. Indra kills him at dusk with a froth-covered thunderbolt that Vishnu animates, but Indra then falls into guilt for killing the holy man's son and hides, leaving the world without a king."
B05C011,B05,Udyoga Parva,11,11,XI,2181,2254,1,635,"With Indra gone, the gods and sages make Nahusha king of heaven, and at first he is reluctant and then accepts. Once he holds power, he gives himself over to pleasure and lust. He then demands that Indra's queen Sachi come to his palace, and she takes refuge with the priest Vrihaspati, who promises to reunite her with Indra. Nahusha grows enraged at this refusal."
B05C012,B05,Udyoga Parva,12,12,XII,2256,2384,7,881,"The gods try to calm Nahusha, who refuses to give up his demand for Sachi and argues that Indra himself was guilty of similar wrongs. They ask Vrihaspati to hand Sachi over, but he refuses to betray someone who has sought his protection and warns of the ruin that follows such betrayal. The gods then persuade Sachi to ask Nahusha for time, and she agrees to visit him."
B05C013,B05,Udyoga Parva,13,13,XIII,2386,2464,1,695,"Sachi asks Nahusha for time to look for Indra, and he agrees on condition that she come back. The gods turn to Vishnu, who tells Indra to perform a horse sacrifice to cleanse himself of the guilt for killing the holy man's son. Indra performs the rite and passes his guilt on to trees, rivers, mountains, earth and women. Still afraid of Nahusha, Indra vanishes again, and Sachi, grieving, calls on the goddesses Night and Divination to find him."
B05C014,B05,Udyoga Parva,14,14,XIV,2466,2525,1,437,"The goddess of Divination guides Sachi north of the Himalayas to a lake, where she finds Indra hidden inside a lotus stalk. Sachi shrinks to his size and praises his past deeds, then tells him about Nahusha's threats. She asks Indra to destroy Nahusha and take back the heavens. The chapter brings Indra and his queen back together, ready to act against the usurper."
B05C015,B05,Udyoga Parva,15,15,XV,2527,2644,6,982,"Indra's plan is to have Sachi flatter Nahusha into being carried by sages in a palanquin, which Nahusha accepts. Sachi begs Vrihaspati to find Indra quickly, and Vrihaspati sends Agni, the fire god, to search for him. Agni searches the land and sky but refuses to enter the waters, saying water would extinguish him. The chapter shows the search for Indra stalled before its turning point."
B05C016,B05,Udyoga Parva,16,16,XVI,2646,2776,7,1024,"Vrihaspati praises Agni at length, and Agni agrees to enter the waters and find Indra. Agni finds Indra hidden in a lotus stalk, and Vrihaspati praises Indra's past victories and urges him to act. Indra asks how Nahusha rose, and Vrihaspati explains that the gods had made him king and that he now terrorizes the worlds. Other guardian gods then offer their help against Nahusha in return for shares of sacrifice, and Indra allots them domains."
B05C017,B05,Udyoga Parva,17,17,XVII,2778,2867,5,593,"The sage Agastya visits Indra while the gods are planning how to defeat Nahusha. Indra asks how Nahusha fell, and Agastya explains that the proud king mocked the sacred hymns, insulted the sages carrying him, and kicked Agastya on the head. Agastya cursed him to roam the earth as a huge snake for ten thousand years. The gods and all the other beings rejoice at Nahusha's fall."
B05C018,B05,Udyoga Parva,18,18,XVIII,2869,2956,4,648,"Indra returns to the three worlds, riding his elephant, reunited with Sachi and honored by the gods and sages, and he rules well. Salya then tells Yudhishthira that Indra's story shows a fallen rival can be overthrown and that the Pandavas will regain their kingdom in the same way. He predicts that Karna and Duryodhana will also be destroyed and says that hearing the tale brings victory. Yudhishthira asks Salya to undermine Karna by praising Arjuna, and Salya agrees and departs to join Duryodhana."
B05C019,B05,Udyoga Parva,19,19,XIX,2958,3045,1,768,"The chapter lists the armies that gather for the two sides. The Pandavas gather seven akshauhinis, which are large army divisions, from many allied kings. Duryodhana gathers eleven akshauhinis from his own allies, which fill the land around Hastinapura so that the city cannot hold them. The Pandava priest sent to the Kauravas sees how huge the Kaurava force has become."
B05C020,B05,Udyoga Parva,20,20,XX,3047,3116,1,566,"Drupada's priest, now at Hastinapura, addresses the Kaurava leaders. He argues that the Pandavas have a rightful claim to half of their shared inheritance, that they were robbed and humiliated, and that they now want only a peaceful settlement. He points to the strength of the Pandava army and their allies, and urges the Kauravas to return what is due before it is too late."
B05C021,B05,Udyoga Parva,21,21,XXI,3118,3192,3,524,"Bhishma receives the priest courteously and agrees that the Pandavas have a legal claim, while praising Arjuna as unbeatable. Karna cuts in with a harsh reply, mocking the Pandavas and insisting that Duryodhana will not give up any land out of fear. Bhishma rebukes Karna, and Dhritarashtra settles the matter by sending Sanjaya to the Pandavas as his envoy."
B05C022,B05,Udyoga Parva,22,22,XXII,3194,3344,1,1615,"Dhritarashtra instructs Sanjaya to go to the Pandavas at Upaplavya and greet them warmly. He praises the Pandavas' conduct and blames only Duryodhana and Karna for the hostility. Then he lists the Pandava allies and their formidable warriors, admits that he fears Arjuna and Krishna, and especially fears Yudhishthira's anger. He tells Sanjaya to say that he desires peace, but not in words that will provoke war."
B05C023,B05,Udyoga Parva,23,23,XXIII,3346,3453,2,991,"Sanjaya arrives at Upaplavya and greets Yudhishthira warmly, asking after the Pandavas and Draupadi. Yudhishthira responds by asking after the Kaurava elders, the Brahmins, and the women of the household. He then recalls the Pandava feats of arms and asks whether the Kauravas still remember them. He concludes that peace is hard to reach while Duryodhana stays hostile."
B05C024,B05,Udyoga Parva,24,24,XXIV,3455,3513,1,420,"Sanjaya replies that the Kaurava leaders are well, though some of their advisers are wicked. He says that Dhritarashtra himself does not approve of the injustice done to the Pandavas and grieves over it, and that he knows internal strife is a great sin. He praises the Pandava heroes, says that the future cannot be known, and asks Yudhishthira to act with wisdom so that peace is restored. Then he prepares to deliver Dhritarashtra's own message."
B05C025,B05,Udyoga Parva,25,25,XXV,3515,3587,2,553,"Yudhishthira asks Sanjaya to report Dhritarashtra's message to the assembled allies. Sanjaya greets the Pandava leaders, says that Dhritarashtra eagerly welcomes peace, and urges the Pandavas to accept it. He argues that a war would destroy the family, that victory and defeat would be equally empty, and that the Kaurava side is too strong to beat. He ends by asking the Pandavas to keep their ties to the Kurus, which the king and Bhishma also desire."
B05C026,B05,Udyoga Parva,26,26,XXVI,3589,3700,1,1081,"Yudhishthira replies that he would much prefer peace to war, but he refuses to be humiliated. He blames Dhritarashtra for listening to his wicked son Duryodhana and sending away the wise Vidura, and he names Dussasana, Sakuni and Karna as Duryodhana's advisers. He says the Kauravas underestimate Arjuna and the Pandava brothers, and he is willing to forgive if the Kauravas return at least the land of Indraprastha. The speech shows his willingness to compromise, though he holds firm on his share."
B05C027,B05,Udyoga Parva,27,27,XXVII,3702,3809,1,1087,"Sanjaya urges Yudhishthira to give up the war, arguing that a good name is worth more than kingdoms and that begging among his kinsmen would be better than winning by slaughter. He warns that desire, greed and wrath lead to sin, that virtue is the only path to lasting reward, and that the Pandavas had many chances to strike earlier and did not. He says that Bhishma, Drona and the other elders would all fall in the fighting. He ends by urging Yudhishthira to yield, saying that giving everything up is better than the path of war."
B05C028,B05,Udyoga Parva,28,28,XXVIII,3811,3889,1,658,"Yudhishthira answers that righteous conduct is the highest good but that dharma depends on circumstances, and that duties can shift in times of distress. He says that the Pandavas will not seek wealth by unrighteous means, not even the realms of the gods. He calls on Krishna to judge whether his refusal to accept peace or his decision to fight is justified, and he points to the strength of his allies, who follow Krishna's counsel. He closes by saying he always respects Krishna's views."
B05C029,B05,Udyoga Parva,29,29,XXIX,3891,4094,1,2227,"Krishna answers Sanjaya's appeal for peace by defending Yudhishthira's readiness to act and arguing that action, not inaction, brings reward. He points to the gods and sages, who gained their places through disciplined work, and he sets out the duties of each class, saying a king must punish wrongdoers and that Dhritarashtra's seizure of the Pandava share is unlawful. He recalls the insults at the dice game and the humiliation of Draupadi in the council hall. He says he will go to the Kauravas himself to try for peace, but warns that the Kauravas will be destroyed if they refuse."
B05C030,B05,Udyoga Parva,30,30,XXX,4096,4284,2,1975,"Sanjaya takes his leave of Yudhishthira, who praises him for his honest and loyal service as envoy. Yudhishthira then gives him a long list of people to greet in Hastinapura, from Brahmins and the elders to the women, servants, and allied kings. He asks Sanjaya to bring a final message to Duryodhana: return Indraprastha or fight. The chapter closes Sanjaya's mission and leaves the choice of peace or war with the Kauravas."
B05C031,B05,Udyoga Parva,31,31,XXXI,4286,4358,1,590,"Yudhishthira gives Sanjaya his final message for Dhritarashtra. He reminds the old king that the kingdom was given to the Pandavas through his grace, asks him to keep the family together, and urges him not to be indifferent to them. He asks Duryodhana to forgive the injuries done to the Pandavas and to give them five villages, which would end the quarrel. He says he is capable of both war and peace, and the choice rests with the Kauravas."
B05C032,B05,Udyoga Parva,32,32,XXXII,4360,4501,5,1231,"Sanjaya returns to Hastinapura and is admitted to Dhritarashtra's chamber. He passes on Yudhishthira's greetings and the Pandava good wishes, and Dhritarashtra asks after Yudhishthira's family and counselors. Sanjaya then answers with a blunt rebuke, saying that Yudhishthira is virtuous while Dhritarashtra's unjust policy will bring ruin on the family. He asks leave to rest before reporting to the full council the next morning."
B05C033,B05,Udyoga Parva,33,33,XXXIII,4503,4849,5,3669,"Dhritarashtra, anxious after Sanjaya's blunt report and unsure what Yudhishthira's message will be, sends for Vidura. Vidura notes that Yudhishthira was wronged, that the blind king had no claim to the throne, and that the kingdom has been placed in the hands of Duryodhana, Shakuni, Karna and Dussasana. He then gives a long discourse on the marks of wisdom and folly, the value of forgiveness, and the dangers of greed and pride, and he urges the king to return the Pandavas' share of the kingdom."
B05C034,B05,Udyoga Parva,34,34,XXXIV,4851,4993,3,1192,"Dhritarashtra asks Vidura for counsel, since he cannot sleep and fears what Yudhishthira intends. Vidura says he must speak frankly even if the message is unwelcome, and he warns against unjust aims and unrestrained senses. He explains how anger, desire, and cruel speech bring a king to ruin, and that the king's sons have been blinded by their hostility to the Pandavas. He urges Dhritarashtra to let Yudhishthira, who has borne great suffering to protect the king's reputation, rule the kingdom."
B05C035,B05,Udyoga Parva,35,35,XXXV,4995,5230,6,2307,"Dhritarashtra asks for more of Vidura's teaching. Vidura tells the tale of Virochana and Sudhanwan, who wager their lives in a dispute over a seat and then take the question to Prahlada. Prahlada rules that Sudhanwan is the superior and that he, though his own son is at stake, will not lie. Vidura draws from this that a ruler should never lie for land, that false speech brings ruin, and that virtue and good conduct are the only lasting foundation of fortune. He ends by urging the king to trust the Pandavas and to see them as his own sons."
B05C036,B05,Udyoga Parva,36,36,XXXVI,5232,5470,5,2436,"Vidura tells the tale of the sage son of Atri, who teaches the Sadhyas to bear insults patiently, avoid harsh speech, and keep good company. Dhritarashtra then asks what makes a family noble, and Vidura answers that good conduct and disciplined religious life matter more than wealth, and that quarrels and disrespect to Brahmins bring families down. Dhritarashtra admits he has deceived Yudhishthira and fears destruction, and Vidura urges him to restrain greed and anger, make peace with the Pandavas, and stop Duryodhana. The advice is the last part of Vidura's counsel before the king is pressed toward the council."
B05C037,B05,Udyoga Parva,37,37,XXXVII,5472,5706,7,2287,"Vidura lists the kinds of foolish people whose efforts are wasted, then answers Dhritarashtra's question about why people do not live to a hundred by naming six vices that cut life short. He warns that the Kaurava policy is folly, since the king has favored his lesser sons over the Pandavas, and he gives long advice on how a king should treat servants, counselors, and his own household. He presses again for peace, arguing that a rupture with the Pandavas would shame the Kurus and bring ruin, and he closes by praising wisdom as the highest strength."
B05C038,B05,Udyoga Parva,38,38,XXXVIII,5708,5855,1,1508,"Vidura continues his counsel with rules for hospitality, household management, and the handling of secrets. He tells the king which kinds of people to honor and which to shun, how to guard wives and the household, and how a king should choose and test ministers. He stresses patience, careful planning, and restraint in anger and quarrels. He ends by warning that the king has placed power in Duryodhana's hands and cast away the Pandavas, so his fortune will fade like that of Bali."
B05C039,B05,Udyoga Parva,39,39,XXXIX,5857,6104,4,2559,"Dhritarashtra says that people are moved by destiny like puppets, and Vidura replies with maxims on friendship, kinship and good conduct. Vidura again urges that Duryodhana should have been cast off at birth and that the king should protect his relatives, especially the Pandavas, and undo the wrongs done to them. Dhritarashtra admits the force of this advice but says he cannot abandon his son. The chapter sets the old king's weakness against Vidura's steady counsel."
B05C040,B05,Udyoga Parva,40,40,XL,6106,6228,2,1107,"Vidura continues with teaching on the virtues and vices of students and rulers, the value of forgiveness, and the lasting nature of righteousness compared with fleeting pleasure. He describes the duties of each class and says that Yudhishthira is in danger of falling from the duties of a Kshatriya, so Dhritarashtra should restore him to the throne. Dhritarashtra admits that his mind leans toward the Pandavas but that Duryodhana turns him away, and he concludes that destiny cannot be resisted."
B05C041,B05,Udyoga Parva,41,41,XLI,6230,6309,7,340,"Vidura says he has said all he can, since he was born a Sudra, and that the sage Sanatsujata, who teaches that there is no death, can settle Dhritarashtra's doubts. Dhritarashtra asks how he might meet the sage, and Vidura summons him. The sage is then asked to explain the doubts that trouble the king. The section marks a turn toward a more philosophical teaching."
B05C042,B05,Udyoga Parva,42,42,XLII,6311,6543,10,1999,"Dhritarashtra asks Sanatsujata whether death can be avoided or whether there is no death at all. The sage answers that ignorance is death and knowledge is immortality, and that desire, lust and anger are the path to death, while those who conquer their desires are beyond its reach. Dhritarashtra then asks whether ritual action can free a person, and Sanatsujata says that knowledge and renunciation lead more surely to liberation than ritual, while those who show off their learning gain nothing. The teaching shifts the question of salvation from ritual to inner knowledge."
B05C043,B05,Udyoga Parva,43,43,XLIII,6545,6835,15,2407,"Dhritarashtra asks what silence (mauna) means and whether learning can bring liberation, and Sanatsujata explains that the Supreme Soul is silent because the Vedas and mind cannot grasp it. He says that the Vedas do not free a person whose senses are unrestrained or who lives by deceit, and he describes the faults that spoil asceticism along with the forms of renunciation and self-knowledge. He stresses truth as the foundation of all religious life. The chapter closes with Sanatsujata's teaching that the Brahman is one, that it is found within oneself, and that reading alone does not make a true Brahmin."
B05C044,B05,Udyoga Parva,44,44,XLIV,6837,6997,8,1266,"Dhritarashtra asks Sanatsujata to keep teaching about Brahman, which he calls rare because it is free of worldly desire. The sage says Brahman is reached only after the senses are restrained and the will is absorbed into pure intellect, through the discipline of brahmacharya under a teacher. He then describes the steps of a disciple's devotion and says that knowledge alone leads to liberation. Asked what Brahman looks like, he says it cannot be seen in any visible thing, and is the source and basis of all that exists."
B05C045,B05,Udyoga Parva,45,45,XLV,6999,7091,1,780,"Sanatsujata lists the faults that ruin human life, including greed, anger, pride, and jealousy, and the twelve virtues of a Brahmin, such as truth, restraint, and forgiveness. He describes the eighteen faults of arrogance and the signs of true friendship, including sharing a friend's sorrow and giving even what is dear when a friend truly needs it. He teaches that sacrifice performed without knowledge brings no lasting reward, and that the way to Brahman is restraint of the senses and the search within. The chapter ends with his statement that this teaching is the only true philosophy."
B05C046,B05,Udyoga Parva,46,46,XLVI,7093,7265,1,1831,"Sanatsujata gives a long hymn-like teaching on the primal Seed, the Supreme Brahman, which is beyond sight and is seen only by yogins with the inner eye. He describes the body as a chariot, the four states of the Self, and the unity of the Self in all beings, with the refrain that the Eternal One is seen by yogins with their mental eye. He says that the one who knows Brahman is not defiled by good or bad deeds, and ends with the words that the Universal Father dwells in the heart of every creature. The chapter presents the highest teaching of the Sanatsujata section."
B05C047,B05,Udyoga Parva,47,47,XLVII,7267,7327,1,428,"Dhritarashtra and his court spend the night listening to Sanatsujata and Vidura. In the morning the kings, the princes and the Kaurava leaders gather in a splendid hall to hear the envoy's report. Sanjaya returns from the Pandavas and announces his arrival, and he begins to tell the assembly what the Pandavas have sent. The chapter sets the stage for the formal reading of Yudhishthira's message."
B05C048,B05,Udyoga Parva,48,48,XLVIII,7329,7703,3,4052,"Dhritarashtra asks Sanjaya to repeat exactly what Arjuna said in reply to the Kaurava court. Sanjaya relays Arjuna's defiant message: if Duryodhana will not return the kingdom to Yudhishthira, the Kauravas will be destroyed in war. Arjuna names each Pandava hero, predicts that Duryodhana will repent in every battle, and says that Krishna is his ally by divine favor and by Krishna's own past deeds. The message closes with a warning that the Kauravas will perish if they fight, while also stating that the Pandavas wish the Kauravas to keep living."
B05C049,B05,Udyoga Parva,49,49,XLIX,7705,7846,5,1219,"Bhishma warns Duryodhana with an old story: Nara and Narayana, two ancient sages who aided Indra, are the same beings as Arjuna and Krishna, so the Kauravas will face unbeatable foes. Karna answers with boasts that he will kill the Pandavas and that he is loyal to Duryodhana. Bhishma mocks Karna's record, recalling that Karna did nothing when Arjuna defeated the Kauravas and the Gandharvas, and Drona urges peace before war breaks out. Dhritarashtra does not answer them, and the Kauravas begin to lose hope."
B05C050,B05,Udyoga Parva,50,50,L,7848,8002,6,1305,"Dhritarashtra asks how Yudhishthira is bearing the coming war and what forces the Pandavas have gathered. Sanjaya describes the Pandavas and their allies rejoicing and gathering around Yudhishthira, and when asked for the details of the forces he falls senseless. Once he recovers, he names the Pandava warriors and their allies one by one, from Dhrishtadyumna and Bhima to Krishna, Drupada and many kings."
B05C051,B05,Udyoga Parva,51,51,LI,8004,8161,1,1672,"Dhritarashtra is terrified of Bhima, whose strength and mace he describes at length, and he recalls how Bhima overpowered his sons even as children. He mourns that his sons will be destroyed in battle and blames Duryodhana's dice match and the force of Time for the ruin of the Kurus. He ends in despair, saying he cannot see how to save his sons and that Bhima and Arjuna will destroy them."
B05C052,B05,Udyoga Parva,52,52,LII,8163,8233,1,554,"Dhritarashtra despairs of victory, saying that Arjuna with Krishna as charioteer and the Gandiva bow is unbeatable, and that Drona and Karna would not stand against him for long. He recalls Arjuna's past triumphs, including his victory over the gods at Khandava, and says that his sons' follies have brought an unstoppable force against them. He sees omens of ruin all around and believes that the Bharatas will be destroyed."
B05C053,B05,Udyoga Parva,53,53,LIII,8235,8296,1,448,"Dhritarashtra reflects that the Pandava side, with Krishna, Satyaki, Dhrishtadyumna and Yudhishthira's own virtue, is too strong for the Kauravas, and that he himself has treated the Pandavas unjustly. He urges his sons and the Kaurava leaders to consider peace, because the whole Kuru line would be destroyed in a war. The king's fears have turned into a plea for a settlement."
B05C054,B05,Udyoga Parva,54,54,LIV,8298,8370,1,617,"Sanjaya answers Dhritarashtra with a sharp rebuke. He says the king has always taken his sons' side, laughed when the Pandavas lost at dice, and never restrained the cruelty shown to them. He reminds the king that Arjuna once rescued the Kauravas from the Gandharvas, and that Arjuna, his bow, and his charioteer are unmatched. He concludes that the king's grief now comes too late, and that Duryodhana's hostility should be checked."
B05C055,B05,Udyoga Parva,55,55,LV,8372,8549,3,1800,"Duryodhana answers his father's fears with boasts. He recalls that when the Pandavas were in exile, Krishna and the allied kings urged Yudhishthira to reclaim his kingdom, and that the Kaurava elders vowed to defend the Kuru throne. He claims that his skill with the mace makes him a match for Bhima, lists the Kaurava champions, and says that his eleven akshauhinis far outnumber the Pandava forces. He tells Sanjaya to continue with news of the Pandavas."
B05C056,B05,Udyoga Parva,56,56,LVI,8551,8635,4,565,"Duryodhana asks Sanjaya how the Pandavas are preparing, and Sanjaya reports that Yudhishthira and his brothers are cheerful and confident. Arjuna, seeing omens, declares that victory will be theirs. Duryodhana asks about Arjuna's car and banner, and Sanjaya describes the celestial chariot, its magical banner, and the heavenly steeds given to each of the Pandavas."
B05C057,B05,Udyoga Parva,57,57,LVII,8637,8811,6,1522,"Sanjaya lists the Pandava allies who have arrived, including Krishna, Satyaki, Drupada and his sons, Virata, the kings of Magadha and Chedi, and the Kekaya princes, and reports how each Kaurava champion has been assigned to a Pandava warrior. Dhritarashtra despairs that his foolish sons will be crushed by the Pandavas, while Duryodhana insists that the Kauravas are strong enough to win. Sanjaya then reports Dhrishtadyumna's fierce vow to fight and Dhrishtadyumna's message urging the Kauravas to surrender the kingdom before Arjuna destroys them."
B05C058,B05,Udyoga Parva,58,58,LVIII,8813,8912,4,779,"Dhritarashtra pleads with Duryodhana to make peace, arguing that war is never good, that half the earth is enough for him, and that Karna, Dussasana and Shakuni are leading him astray. Duryodhana refuses and declares that he and Karna alone will fight the Pandavas, describing the battle as a sacrifice and vowing not to yield even a needle's point of land. Dhritarashtra then disowns his son, foresees the Kuru army being crushed by Bhima and Satyaki, and asks Sanjaya for more news."
B05C059,B05,Udyoga Parva,59,59,LIX,8914,9006,2,777,"Dhritarashtra asks Sanjaya to report everything Krishna and Arjuna said. Sanjaya describes finding the two at ease in the inner chambers and relays Krishna's message to the Kuru elders, warning of danger and stating that no one can match Arjuna in battle. Arjuna backs him up. The chapter shows the Kuru king hearing from his envoy how formidable the Pandava side is."
B05C060,B05,Udyoga Parva,60,60,LX,9008,9080,1,593,"Vaisampayana reports that Dhritarashtra weighs the strength of both sides after hearing Sanjaya and concludes the Pandavas are stronger. He admits his fear to Duryodhana, expecting the gods and Agni to aid the Pandavas, and names Arjuna's bow and chariot as especially dangerous. He says he prefers peace to war. The chapter records the king's private doubts before the war begins."
B05C061,B05,Udyoga Parva,61,61,LXI,9082,9167,2,706,"Duryodhana answers his father's fear with anger, arguing that the gods act without desire and so will not help the Pandavas. He boasts of his own power over nature, snakes and armies, and predicts the Pandavas will be destroyed by him. He then asks Sanjaya again about Yudhishthira's war plans. The chapter shows the prince's overconfidence set against his father's caution."
B05C062,B05,Udyoga Parva,62,62,LXII,9169,9252,3,617,"Karna, unasked, says Rama cursed him for winning the Brahma weapon by deceit, but he still has it and vows to defeat the Pandavas alone. Bhishma rebukes him, warning that Krishna protects Arjuna. Karna admits Krishna's greatness, lays down his weapons, and says he will fight only in the court. Bhishma then mocks him, and the chapter turns to Duryodhana."
B05C063,B05,Udyoga Parva,63,63,LXIII,9254,9335,1,675,"Duryodhana claims the Pandavas are ordinary men no stronger than the Kurus, and vows that he, Karna and Dussasana will kill them. Vidura replies with a long teaching on self-restraint, listing its virtues and the marks of a self-restrained person. The chapter sets the prince's boasting against the counsel of restraint."
B05C064,B05,Udyoga Parva,64,64,LXIV,9337,9422,2,701,"Vidura tells Dhritarashtra a parable: a fowler's net catches two birds, which quarrel and fall into his hands, showing that kinsmen who fight over wealth become easy prey. He then recounts hunters who died trying to reach a jar of honey guarded by snakes, and warns that Duryodhana is blind to his own ruin in the same way. He urges the king to make peace with Yudhishthira."
B05C065,B05,Udyoga Parva,65,65,LXV,9424,9483,1,435,"Dhritarashtra pleads with his son Duryodhana to give up his course. He names the Pandava champions, Yudhishthira, Bhimasena, Arjuna, Dhrishtadyumna, Satyaki and Krishna, and says none can be easily beaten. He urges Duryodhana to accept the counsel of Bhishma, Drona and the other elders, and to share the kingdom with his cousins."
B05C066,B05,Udyoga Parva,66,66,LXVI,9485,9551,2,451,"Dhritarashtra asks Sanjaya to repeat Arjuna's reply after Krishna's speech. Sanjaya relays Arjuna's warning that the Kaurava kings are doomed unless they return Yudhishthira's share, and otherwise Arjuna will send them to death. Sanjaya then says he has delivered the message and taken leave of Arjuna and Krishna."
B05C067,B05,Udyoga Parva,67,67,LXVII,9553,9612,3,305,"After Duryodhana ignores Sanjaya's message and the kings withdraw, Dhritarashtra asks Sanjaya privately which side will fall. Sanjaya asks that Vyasa and Gandhari be present so he can speak without the king's ill will. Vyasa, now in the court, tells Sanjaya to tell the king all he knows about Vasudeva and Arjuna."
B05C068,B05,Udyoga Parva,68,68,LXVIII,9614,9672,1,396,"Sanjaya tells Dhritarashtra that Arjuna and Krishna are godlike equals, and he describes Krishna's discus and his past victories over demons and kings. He argues that Krishna is the supreme Lord who will use the Pandavas to destroy Duryodhana's sinful sons. Those who know him are not deceived by his illusion."
B05C069,B05,Udyoga Parva,69,69,LXIX,9674,9797,11,667,"Dhritarashtra asks how Sanjaya can know Krishna as the Supreme Lord when he himself cannot. Sanjaya explains that faith and wisdom give him that knowledge, and that the king must subdue his senses to reach it. Duryodhana refuses to submit to Krishna even if he were to destroy mankind, and Gandhari and Vyasa rebuke the king and urge him to listen."
B05C070,B05,Udyoga Parva,70,70,LXX,9799,9872,2,537,"Dhritarashtra asks Sanjaya to explain the names of Krishna, hoping that knowing their meaning will help him reach the Supreme Being. Sanjaya lists many of Krishna's names and gives their meanings, such as Vasudeva, Hrishikesa and Janardana. He ends by saying the slayer of Madhu will come to prevent the slaughter of the Kurus."
B05C071,B05,Udyoga Parva,71,71,LXXI,9874,9921,1,268,"Dhritarashtra says he envies those who will see Krishna in person. He praises Krishna at length as eternal, supreme and the creator of the three worlds. He places himself in Krishna's hands and calls on him by many names. The chapter reflects the king's reverence and longing even as he remains committed to the war."
B05C072,B05,Udyoga Parva,72,72,LXXII,9923,10192,10,2561,"Janamejaya asks what the Pandavas did after Sanjaya returned to the Kurus. Yudhishthira turns to Krishna for help, listing the Kauravas' broken faith and the miseries of poverty, and says he would rather have peace than war. Krishna agrees to go to the Kuru court to try to make peace, and Yudhishthira reluctantly consents."
B05C073,B05,Udyoga Parva,73,73,LXXIII,10194,10300,1,1034,"Krishna tells Yudhishthira that a Kshatriya should not live by begging and that Duryodhana cannot be trusted to keep peace. He recalls the Kauravas' crimes, including the crooked dice game and the humiliation of Draupadi, and calls Duryodhana deserving of death. He agrees to make one attempt at peace, but he expects war, citing omens, and tells the Pandavas to prepare."
B05C074,B05,Udyoga Parva,74,74,LXXIV,10302,10389,2,568,"Bhima urges Krishna to address Duryodhana gently, describing him as proud, wicked and hard to teach. He warns that war will destroy the Bharatas, recalls earlier kings who destroyed their own kin, and would accept humiliation to avoid that ruin. He asks the elders to mediate, and the chapter closes with the start of the next section."
B05C075,B05,Udyoga Parva,75,75,LXXV,10391,10464,1,618,"Krishna laughs at Bhima's sudden plea for peace and reminds him of his nightly rage and his oath to kill Duryodhana with his mace. He calls the change of heart a sign of fear, and urges Bhima to stand firm, since a Kshatriya should only enjoy what he wins by his own prowess. The exchange shows Krishna deliberately provoking Bhima's courage."
B05C076,B05,Udyoga Parva,76,76,LXXVI,10466,10531,1,512,"Bhima, stung by Krishna's rebuke, replies that Krishna does not know his real strength and boasts that he could hold earth and sky apart. He says he could trample the Kshatriyas who oppose the Pandavas. He claims he restrains himself only out of compassion for the Bharata race."
B05C077,B05,Udyoga Parva,77,77,LXXVII,10533,10604,1,598,"Krishna explains that his harsh words were meant to draw out Bhima's real mind, not to reproach him. He argues that human action has uncertain results, so one must act while accepting both fate and effort, without being broken by failure. He promises to seek peace at court, and says that if war comes he will drive Arjuna's chariot."
B05C078,B05,Udyoga Parva,78,78,LXXVIII,10606,10672,1,513,"Arjuna agrees that Yudhishthira has spoken well, but asks Krishna to try for peace anyway, since Krishna is the friend of both sides. He recalls Duryodhana's crooked dice game and the insult to Draupadi, and says Duryodhana deserves death. He doubts that Duryodhana will ever deal justly with the Pandavas."
B05C079,B05,Udyoga Parva,79,79,LXXIX,10674,10744,1,576,"Krishna says he will strive for peace, but notes that fate can defeat human effort, so success is not certain. He calls Duryodhana wicked and expects him to refuse to give back the kingdom, supported by Sakuni, Karna and Dussasana. He reminds Arjuna of the earlier cattle raid of Virata and rebukes him for doubting his commitment."
B05C080,B05,Udyoga Parva,80,80,LXXX,10746,10807,1,447,"Nakula says the Pandavas' circumstances have changed since their exile, and they now have a great army. He advises Krishna to speak mildly to Duryodhana first and then turn to threats, so that the prince grows afraid. He names the great warriors on the Pandava side and expects Krishna's persuasion, with the help of Vidura and the elders, to carry weight."
B05C081,B05,Udyoga Parva,81,81,LXXXI,10809,10861,3,230,"Sahadeva insists that war must come, and urges Krishna to provoke it even if the Kauravas offer peace, since only Duryodhana's death can answer the insult to Draupadi. Satyaki agrees and reminds Krishna of the Pandavas' suffering in the forest. The assembled warriors roar their approval and show their eagerness to fight."
B05C082,B05,Udyoga Parva,82,82,LXXXII,10863,10993,2,1275,"Draupadi, weeping, reminds Krishna of the dice game, the Pandavas' modest request for five villages, and her own humiliation in the assembly. She argues that peace with such enemies is hopeless and asks Krishna to direct his wrath at Dhritarashtra's sons. Krishna comforts her with a vow that the Kauravas will fall and her husbands will prosper."
B05C083,B05,Udyoga Parva,83,83,LXXXIII,10995,11193,5,1905,"Arjuna urges Krishna to act as the friend of both sides and to warn Duryodhana of the consequences of refusing good counsel. Krishna agrees, and at dawn sets out in his chariot with Satyaki, amid omens, blessings from sages and the escort of the Pandavas and many kings. Yudhishthira asks Krishna to greet their mother and the elders, and Arjuna repeats his threat of war if the kingdom is not returned."
B05C084,B05,Udyoga Parva,84,84,LXXXIV,11195,11290,3,744,"Vaisampayana describes Krishna's escort of car-warriors, foot-soldiers and horsemen as he heads to Hastinapura. Janamejaya asks about the omens, and Vaisampayana describes frightening natural signs at the start of the journey, followed by a warm welcome along the road. Krishna spends the night at Vrikasthala, feasting Brahmanas who host him."
B05C085,B05,Udyoga Parva,85,85,LXXXV,11292,11353,1,428,"Dhritarashtra learns from spies that Krishna is coming and urges his elders and sons to give him a grand welcome. Duryodhana builds lavish pavilions and sends gifts, women and garlands along the road. Krishna ignores all of it and goes straight to the Kuru capital."
B05C086,B05,Udyoga Parva,86,86,LXXXVI,11355,11419,1,487,"Dhritarashtra tells Vidura that Krishna will arrive the next day, praising him as the leader of the Vrishnis. He lists the lavish honours he plans, including gold cars, elephants, servants, blankets, a precious gem and a procession of his sons, all but Duryodhana. He also orders Dussasana's mansion made ready as Krishna's lodging."
B05C087,B05,Udyoga Parva,87,87,LXXXVII,11421,11483,1,487,"Vidura rebukes Dhritarashtra, saying the lavish gifts are a deception meant to win Krishna away from the Pandavas. He points out that the king refuses even five villages to his nephews, and says Krishna cannot be bought because of his bond with Arjuna. He urges the king to make peace and treat the Pandavas as his own sons."
B05C088,B05,Udyoga Parva,88,88,LXXXVIII,11485,11575,6,558,"Duryodhana dismisses Vidura's advice, saying Krishna should not be honoured because war is already decided. Bhishma reminds him that Krishna cannot be treated with disrespect and urges peace through Krishna. Duryodhana then proposes to imprison Krishna, Dhritarashtra rejects the plan, and Bhishma, furious, leaves the court."
B05C089,B05,Udyoga Parva,89,89,LXXXIX,11577,11655,1,642,"Krishna leaves Vrikasthala at dawn and is welcomed into Hastinapura by the Kauravas, except Duryodhana, and by crowds of citizens. He is honoured in Dhritarashtra's palace and then visits Vidura's house. There Vidura asks after the Pandavas, and Krishna begins to tell him all they have done."
B05C090,B05,Udyoga Parva,90,90,XC,11657,11952,6,3053,"Krishna visits his aunt Pritha (Kunti), who weeps over her sons' hardships and asks after each of them. She blames her own father for giving her away and sends messages urging her sons to act with Kshatriya courage rather than live on others' charity. Krishna comforts her, and she accepts his words as true. He then leaves for Duryodhana's mansion."
B05C091,B05,Udyoga Parva,91,91,XCI,11954,12086,5,1114,"Krishna goes to Duryodhana's palace, where he is honoured but declines the feast Duryodhana offers, saying envoys eat only once their mission succeeds. He rebukes Duryodhana for his unreasoning hatred of the Pandavas and says he will eat only Vidura's food. He leaves for Vidura's house, where the Kauravas offer him their homes, and he dines there on food Kunti prepares, after feeding Brahmanas first."
B05C092,B05,Udyoga Parva,92,92,XCII,12088,12187,1,922,"After Krishna has dined, Vidura warns him during the night that his mission is ill-judged. He describes Duryodhana as wicked, proud and convinced of victory, backed by Bhishma, Drona and Karna and by kings who fear Krishna. He argues that Krishna's words will be wasted on such men and asks him not to walk into a hostile assembly."
B05C093,B05,Udyoga Parva,93,93,XCIII,12189,12274,2,702,"Krishna answers Vidura that he knows Duryodhana's wickedness but goes anyway, since a sincere attempt at peace earns merit even if it fails. He argues that a friend should be pulled back from ruin and that his conscience will be clear if the Kauravas refuse. He then lies down to sleep."
B05C094,B05,Udyoga Parva,94,94,XCIV,12276,12416,2,1342,"At dawn Krishna performs his rites, gives gifts to Brahmanas, and rides in procession through the decorated streets to the Kuru court. The kings rise to honour him, and he greets Dhritarashtra and Bhishma, and asks that the Rishis who have come down from the sky be given seats. Once Krishna is seated, the whole assembly falls silent."
B05C095,B05,Udyoga Parva,95,95,XCV,12418,12591,2,1844,"Krishna addresses Dhritarashtra before the whole assembly and urges peace to avoid the slaughter of heroes. He asks the king to restrain Duryodhana and give the Pandavas their share of the kingdom, recalling their loyal exile and the Kauravas' dice fraud. He warns of the ruin war would bring, and the assembled kings silently approve, though none dares speak against Duryodhana."
B05C096,B05,Udyoga Parva,96,96,XCVI,12593,12738,2,1406,"Rama, son of Jamadagni, tells the Kuru court the parable of King Dambhodbhava, who boasted of his strength until he sought battle with the ascetics Nara and Narayana. Nara defeated him with blades of grass, and the humbled king learned restraint. Rama then reveals that Nara and Narayana are now Arjuna and Krishna, and urges Duryodhana to make peace."
B05C097,B05,Udyoga Parva,97,97,XCVII,12740,12820,3,584,"The sage Kanwa adds his counsel to Duryodhana: only Vishnu is eternal, while all else, kings included, is perishable and reborn. He urges Duryodhana not to trust in mere strength and to make peace with Yudhishthira. He then tells the tale of Matali's search for a husband for his daughter Gunakesi, which ends with Matali entering the world of the Nagas."
B05C098,B05,Udyoga Parva,98,98,XCVIII,12822,12908,2,707,"Kanwa continues the tale of Matali's search. Narada meets Matali on the road, learns his errand, and takes him down to Varuna's realm to look for a groom. There Narada describes the marvels of the Naga world, including Varuna's son Pushkara, the weapons of defeated Daityas, and a bow that gave Arjuna's Gandiva its name."
B05C099,B05,Udyoga Parva,99,99,XCIX,12910,12999,2,603,"Narada shows Matali the city of Patala and its marvels, including a fire fed by water, the moon's healing rays, Airavata's rain, and a mysterious egg that has no known origin. Matali finds no suitable groom there and asks to leave. The chapter then turns to a new section."
B05C100,B05,Udyoga Parva,100,100,C,13001,13069,1,528,"Narada shows Matali Hiranyapura, the Danava city built with illusions and guarded by mighty demons who could not be defeated by the gods. He describes their mansions and treasures, and asks Matali to look for a groom there. Matali refuses to seek a match among the enemies of the gods and asks to move on."
B05C101,B05,Udyoga Parva,101,101,CI,13071,13126,1,326,"Narada takes Matali to the realm of the birds, the sons of Garuda, who feed on snakes but revere Vishnu. He names their many chiefs and offers to move on to another region if none of them suits. The chapter continues the catalogue of possible grooms."
B05C102,B05,Udyoga Parva,102,102,CII,13128,13187,1,441,"Narada describes Rasatala, the home of Surabhi, mother of cows, whose milk formed the Milky Ocean. He explains that her offspring cows support the four quarters of the world, and that her milk becomes food suited to each kind of being. He quotes an old verse praising Rasatala above all other realms."
B05C103,B05,Udyoga Parva,103,103,CIII,13189,13270,3,541,"Narada describes Bhogavati, the Naga city ruled by Vasuki, where Shesha holds up the earth and countless Nagas dwell. Matali notices a young Naga standing by Aryaka and asks about him, saying he would make a fine husband for Gunakesi. Narada reveals the youth is Sumukha, grandson of Aryaka, whose father Chikura was killed by Garuda, and Matali is pleased to choose him."
B05C104,B05,Udyoga Parva,104,104,CIV,13272,13377,4,835,"Narada praises Matali and asks Aryaka to accept Sumukha as a groom for Gunakesi. Aryaka hesitates, because Garuda killed his son and has threatened to devour Sumukha within a month. Matali takes the matter to Indra's court, where Vishnu suggests a gift of Amrita, but Indra grants Sumukha only long life, and the marriage goes ahead."
B05C105,B05,Udyoga Parva,105,105,CV,13379,13508,4,1163,"Garuda, furious that Indra has spared the Naga Sumukha and so cheated him of his food, boasts that he is as strong as the gods' king. Vishnu presses one arm on him, humbling him, and then restores Sumukha to his breast so that the two become friends. Kanwa applies the lesson to Duryodhana, warning him to avoid battle with the Pandavas and to trust in Krishna, but Duryodhana scoffs and says fate rules him."
B05C106,B05,Udyoga Parva,106,106,CVI,13510,13601,3,737,"Janamejaya asks why Duryodhana's friends and elders did not restrain him. Vaisampayana replies that Krishna, Bhishma and Narada all counselled him, and Narada tells the tale of Galava, an obstinate disciple of the sage Viswamitra. The story shows how refusing good counsel brings disgrace and trouble."
B05C107,B05,Udyoga Parva,107,107,CVII,13603,13671,1,561,"Galava is stricken with grief and remorse at being unable to repay his teacher, and resolves to end his life. He resolves instead to seek Vishnu's protection, when his friend Garuda appears and offers to carry him across the sea to find the horses."
B05C108,B05,Udyoga Parva,108,108,CVIII,13673,13736,1,492,"Garuda offers to show Galava the world, beginning with the eastern quarter. He describes it as the gate of day and time, where the sun rises, the gods were first anointed, and the Vedas were first sung. He asks whether Galava would prefer to go there or to hear about another quarter."
B05C109,B05,Udyoga Parva,109,109,CIX,13738,13811,1,603,"Garuda describes the southern quarter, given as a gift by Vivaswat to his teacher and home to the ancestors and to Yama's realm. He recounts many tales of kings, sages and sinners associated with it, including the river of the dead and the city of Bhogavati. He asks whether Galava wants to go there or hear about the west."
B05C110,B05,Udyoga Parva,110,110,CX,13813,13883,1,571,"Garuda describes the western quarter, the realm of Varuna, where the sun sets and the sea is said to begin. He recounts its wonders, including the defeat of the Daityas, the Maruts' birth and the home of Vishnu and Kasyapa. He then asks Galava which way they should go."
B05C111,B05,Udyoga Parva,111,111,CXI,13885,13984,2,892,"Garuda describes the northern quarter as the most sacred direction, where Krishna and Arjuna dwell at the Vadari hermitage and Shiva rests on the Himalayas. He lists its wonders, including the Ganges falling from heaven, Kuvera's realm, the sages who guard the river's source, and Vishnu's footprint. He then offers to show Galava any quarter he likes."
B05C112,B05,Udyoga Parva,112,112,CXII,13986,14065,3,613,"Galava asks Garuda to carry him east, where the gods and virtue are said to dwell. The flight is so fast that Galava is terrified by the storm and the sparks, and he despairs of ever finding the steeds, saying death seems the only way out. Garuda laughs at him and proposes they rest on Mount Rishabha."
B05C113,B05,Udyoga Parva,113,113,CXIII,14067,14146,1,679,"On Mount Rishabha they honour the ascetic lady Sandili and eat her food, after which Garuda wakes to find his wings gone. He admits he had wished to carry her off, and she forgives him on condition he never looks down on women, then restores his wings. The steeds still cannot be found, and Viswamitra meets Galava and demands his fee."
B05C114,B05,Udyoga Parva,114,114,CXIV,14148,14224,1,645,"Garuda tells Galava that wealth must be begged from a king, and proposes King Yayati of Pratisthana, a descendant of Nahusha. When they reach the court, Yayati welcomes them, and Garuda explains how Galava has been sent by Viswamitra to fulfil his fee."
B05C115,B05,Udyoga Parva,115,115,CXV,14226,14298,1,591,"Yayati, though poorer than Garuda supposes, refuses to send Galava away empty-handed and offers his daughter Madhavi as a gift to pay the debt. Garuda departs, and Galava takes Madhavi to King Haryyaswa of Ayodhya, seeking a dower for her."
B05C116,B05,Udyoga Parva,116,116,CXVI,14300,14379,3,587,"Haryyaswa admires Madhavi, but when Galava asks for eight hundred steeds he has only two hundred. Madhavi suggests four kings could each give steeds for one son, and Haryyaswa takes her for a single son, Vasumanas. When Galava returns for the balance, Haryyaswa cannot pay, so he gives Madhavi back, and Galava moves on to King Divodasa."
B05C117,B05,Udyoga Parva,117,117,CXVII,14381,14448,2,453,"Galava takes Madhavi to Divodasa, king of Kasi, and asks him to father a son by her. Divodasa agrees to one son but says his wealth cannot cover the steeds. Narada lists many divine and royal couples, and Madhavi bears Pratardana; when Galava returns, Divodasa gives her back as agreed."
B05C118,B05,Udyoga Parva,118,118,CXVIII,14450,14517,1,551,"Madhavi, again a maiden, goes with Galava to King Usinara of the Bhojas. Galava asks for four hundred steeds for two sons, and Usinara, who has only two hundred of the right kind, agrees to father one son, Sivi. Galava then takes Madhavi back and goes to see Garuda."
B05C119,B05,Udyoga Parva,119,119,CXIX,14519,14595,1,639,"Garuda tells Galava that the missing steeds cannot be found, since the kings bought them from Brahmanas and some were lost in a river. He advises Galava to offer Madhavi to Viswamitra as the remaining price, and Viswamitra accepts her, fathers a son, Ashtaka, and receives the six hundred steeds. Galava then returns Madhavi to her father and goes into the woods."
B05C120,B05,Udyoga Parva,120,120,CXX,14597,14671,2,527,"King Yayati brings Madhavi to a swayamvara at a sacred hermitage, but she passes over all suitors and chooses the forest as her lord, living as an ascetic like a deer. Years later Yayati grows proud in heaven and disregards the gods and sages. None there recognise him, and he loses his splendour."
B05C121,B05,Udyoga Parva,121,121,CXXI,14673,14771,2,869,"Yayati, stripped of his heavenly glory, is hurled from heaven, and he asks to fall among the righteous. He lands among four kings holding a sacrifice in Naimisha, who ask who he is. Madhavi arrives and tells her father her sons will save him, and Galava offers an eighth of his austerities to help him back to heaven."
B05C122,B05,Udyoga Parva,122,122,CXXII,14773,14837,1,482,"Yayati is recognised by the virtuous kings and rises back to heaven. Each of his four grandsons gives him the merit of his good deeds: Vasumanas his liberality, Pratardana his valour, Sivi his truthfulness, and Ashtaka his sacrifices. Yayati ascends on their gifts, and the kings declare themselves his daughter's sons."
B05C123,B05,Udyoga Parva,123,123,CXXIII,14839,14924,2,683,"Yayati returns to heaven with honours and asks why his merit was exhausted. Brahma replies that vanity alone caused his fall, and that pride and contempt for others are the greatest sins. Narada then turns the lesson to Duryodhana, urging him to give up pride and wrath and make peace with the Pandavas."
B05C124,B05,Udyoga Parva,124,124,CXXIV,14926,15103,2,1807,"Dhritarashtra tells Narada he agrees with his counsel but has no power to make Duryodhana follow it. He asks Krishna to persuade his son, and Krishna gives a long plea for peace, urging Duryodhana to obey his father, make peace with the Pandavas, and stop relying on weak allies. Krishna warns that no one can defeat Arjuna, and that the Kauravas will be destroyed if they go to war."
B05C125,B05,Udyoga Parva,125,125,CXXV,15105,15194,2,754,"Bhishma and Drona urge Duryodhana to heed Krishna and make peace, warning that the Pandavas cannot be beaten and that war will destroy the Bharata race. Vidura grieves for the aged Dhritarashtra and Gandhari, who would be left to wander as beggars. Dhritarashtra begs his son to accept Krishna's offer of reconciliation."
B05C126,B05,Udyoga Parva,126,126,CXXVI,15196,15260,1,468,"Bhishma and Drona plead once more with Duryodhana. They list the terrible scenes of war that have not yet begun, such as Krishna and Arjuna arming for battle and Bhima raising his mace, and urge him to make peace before those scenes come true. They ask him to embrace Yudhishthira and his brothers, who will embrace him in return."
B05C127,B05,Udyoga Parva,127,127,CXXVII,15262,15341,1,710,"Duryodhana angrily answers Krishna that he alone is blamed, that the Pandavas accepted the dice game, and that he has already returned the stolen wealth. He refuses to bow to the Pandavas, or even to Indra, and says he will not give them back even a needle's point of land while his father lives. He declares that a Kshatriya should die on the battlefield rather than yield."
B05C128,B05,Udyoga Parva,128,128,CXXVIII,15343,15486,3,1339,"Krishna rebukes Duryodhana for his crimes against the Pandavas, from the dice game and the insult to Draupadi to the attempts to burn and poison them. Dussasana threatens that the Kauravas will bind Duryodhana and hand him over to the Pandavas. Duryodhana storms out, and Krishna urges the elders to bind him, citing old examples of wicked men who were restrained for the good of all."
B05C129,B05,Udyoga Parva,129,129,CXXIX,15488,15663,5,1510,"Dhritarashtra asks Vidura to fetch Gandhari, hoping she can persuade their son. Gandhari blames her husband for indulging Duryodhana, then pleads with her son to restrain his greed and wrath, make peace with the Pandavas, and accept Krishna's counsel. Vidura brings Duryodhana back, and the chapter closes with the next section heading."
B05C130,B05,Udyoga Parva,130,130,CXXX,15665,15816,4,1345,"Duryodhana, with Karna, Sakuni and Dussasana, plots to seize Krishna first. Satyaki overhears the plot and warns Krishna and the elders, and Krishna says he will not stoop to violence even if the plotters try. Dhritarashtra then orders Duryodhana back into the court, rebukes him, and Vidura recalls Krishna's feats to show that no one can seize him."
B05C131,B05,Udyoga Parva,131,131,CXXXI,15818,15921,2,904,"Krishna mocks Duryodhana's plan to seize him and reveals a dazzling universal form, from which gods, heroes and his own allies appear. Most of the kings are terrified, though Drona, Bhishma and Vidura hold firm. Dhritarashtra then protests his good faith, and Krishna takes leave of the elders and rides to Kunti's house in full view of the Kurus."
B05C132,B05,Udyoga Parva,132,132,CXXXII,15923,16028,2,949,"Krishna reports the failure of his mission to Kunti and asks what message she wants him to take to the Pandavas. Kunti urges Yudhishthira to act as a Kshatriya and fight rather than live on alms. She cites the example of Muchukunda and the power of kings to bring about a good or bad age, and warns that shirking battle brings shame."
B05C133,B05,Udyoga Parva,133,133,CXXXIII,16030,16165,3,1305,"Kunti tells an old tale of the warrior mother Vidula, who scolds her defeated son for lying down in despair. Vidula calls him a coward and urges him to rise and fight, saying that a man who avoids battle is no true man. The son replies that he has no use for the earth without his mother's favour, and she answers that a brave man should support others by his own strength."
B05C134,B05,Udyoga Parva,134,134,CXXXIV,16167,16281,1,1182,"Vidula continues her rebuke, telling her son that a Kshatriya who avoids battle is like a thief and that his fame depends on fighting. She recalls a Brahmana's prophecy that the son would one day regain greatness, and urges him to win back the kingdom. She argues that sovereignty is the door to heaven, and says a Kshatriya must bow only to Brahmanas."
B05C135,B05,Udyoga Parva,135,135,CXXXV,16283,16421,6,1201,"In Kunti's tale, Vidula scolds her son for his despair and tells him a Kshatriya is made for battle, and that shirking action brings shame. The son replies that he lacks wealth and allies and asks what he can do. Vidula urges him to act with energy, win over the wronged and the angry, and treat his followers generously."
B05C136,B05,Udyoga Parva,136,136,CXXXVI,16423,16510,3,642,"Vidula tells her son that a king in distress must not betray his cause, since his friends and loyal followers will stand by him. She offers him hidden treasure and faithful allies. The son's despair lifts, and he vows to win back his kingdom or perish in the attempt. Kunti then says this tale of Jaya should be read to any king who is down."
B05C137,B05,Udyoga Parva,137,137,CXXXVII,16512,16610,3,808,"Kunti gives Krishna a message for each of her sons. She recalls a celestial voice that foretold Arjuna's victory and the recovery of the kingdom, urges Bhima and the twins to act as warriors, and reminds all of Draupadi's insult. She asks Krishna to protect her sons. Krishna takes leave of Kunti, speaks with Karna, and drives swiftly back to Upaplavya, while the Kurus lament Duryodhana's folly."
B05C138,B05,Udyoga Parva,138,138,CXXXVIII,16612,16696,1,722,"Bhishma and Drona warn Duryodhana that Kunti's words will be heeded, since the Pandavas now have Arjuna, Bhima, Gandiva and Krishna on their side. They recall Arjuna's past feats at Virata and in the cattle raid, and list the evil omens of coming slaughter. They beg Duryodhana to make peace and embrace Yudhishthira and his brothers."
B05C139,B05,Udyoga Parva,139,139,CXXXIX,16698,16786,3,651,"Duryodhana says nothing, cheerless and with his face cast down. Bhishma laments that he must fight Yudhishthira, a man devoted to his elders and free of envy. Drona confesses his deep love for Arjuna but says his duty as a warrior forces him to fight him, and he urges Duryodhana to make peace."
B05C140,B05,Udyoga Parva,140,140,CXL,16788,16881,3,743,"Dhritarashtra asks Sanjaya what Krishna said to Karna during their ride out of the city. Sanjaya reports that Krishna revealed Karna to be Kunti's firstborn son, and so the eldest of the Pandavas by birth. Krishna urges Karna to join his brothers and be crowned king, with Yudhishthira serving as his heir."
B05C141,B05,Udyoga Parva,141,141,CXLI,16883,17036,2,1526,"Karna declines Krishna's offer. He says he was raised by the charioteer Adhiratha and cannot abandon Duryodhana, who made him king, and he asks Krishna to keep their talk secret. He then describes the coming war as a great sacrifice, with Arjuna as the Hotri, Gandiva as the ladle and the dead as the offerings. He prays that the Kshatriyas die at Kurukshetra and asks Krishna to bring Arjuna before him in single combat."
B05C142,B05,Udyoga Parva,142,142,CXLII,17038,17107,1,542,"Krishna answers Karna with a smile, telling him that the Pandavas' victory is already certain. He points to Arjuna's banner and the signs that the Krita, Treta and Dwapara ages will vanish in battle. He sends word to Drona, Bhishma and Kripa that the season is good and the battle should begin on the new moon, a day ruled by Indra."
B05C143,B05,Udyoga Parva,143,143,CXLIII,17109,17249,5,1196,"Karna answers Krishna that the destruction of the earth is at hand, and lists omens of defeat for the Kauravas, drawn from planets, animals, birds and the state of the camp. He then describes a vision in which the Pandavas triumph and the Kauravas go to Yama. Krishna replies that when a man cannot accept good counsel, his doom is near. Karna embraces Krishna, saying they will meet again in battle or in heaven, and Sanjaya reports that Karna went back in gloom."
B05C144,B05,Udyoga Parva,144,144,CXLIV,17251,17351,2,853,"After Krishna leaves, Vidura tells Kunti that Duryodhana will not hear reason and that war is near. Kunti laments the coming slaughter of kin, and recalls the mantra Durvasa gave her in girlhood, which she used to summon the sun god Surya and conceive Karna. She goes to the Ganga, where Karna is at prayer, and resolves to reveal the truth to him."
B05C145,B05,Udyoga Parva,145,145,CXLV,17353,17408,2,342,"Karna meets Kunti at the Ganga and asks what she wants of him. Kunti reveals that he is her firstborn son by Surya, not Radha's or Adhiratha's, and urges him to join the Pandavas and take his place among them."
B05C146,B05,Udyoga Parva,146,146,CXLVI,17410,17503,3,771,"Kunti makes a final plea for Karna to join the Pandavas, and a voice from the sun god Surya backs her. Karna refuses, citing his loyalty to Duryodhana, his honor, and the wrong Kunti did him by abandoning him at birth. He promises that Kunti will keep five sons either way, since he will spare the other Pandavas and fight only Arjuna, and then mother and son part."
B05C147,B05,Udyoga Parva,147,147,CXLVII,17505,17636,3,1245,"Krishna returns from Hastinapura and reports to the Pandavas, who ask him to repeat exactly what was said in the Kuru assembly. He repeats Bhishma's speech, in which Bhishma explains how the throne passed through Santanu's line and how his own vow shaped that line. Bhishma concludes that Pandu's sons are the rightful heirs and that Duryodhana should give them half the kingdom."
B05C148,B05,Udyoga Parva,148,148,CXLVIII,17638,17756,3,1045,"Drona backs Bhishma and tells Duryodhana to give the Pandavas half the kingdom, since righteousness brings victory. Vidura blames Bhishma for allowing Duryodhana's wrongdoing and warns of a great slaughter. Suvala's daughter then argues in the assembly that the kingdom lawfully belongs to the Pandavas."
B05C149,B05,Udyoga Parva,149,149,CXLIX,17758,17861,1,956,"Dhritarashtra speaks to Duryodhana and recounts a long family history of rulers who passed over eldest sons for the throne, including Yayati, who chose Puru over Yadu, and Pratipa, who passed over Devapi because of a skin disease. He applies the same logic to himself, since he was passed over for a bodily defect, and says Yudhishthira is the rightful heir. He ends by urging Duryodhana to give the Pandavas half the kingdom."
B05C150,B05,Udyoga Parva,150,150,CL,17863,17931,1,505,"Krishna reports to the Pandavas on his failed mission. He describes Duryodhana storming out of the assembly and sending the allied kings to Kurukshetra under Bhishma's command. He recounts each stage of his peace effort, from conciliation to stirring division to offering five villages, and concludes that war is now the only path."
B05C151,B05,Udyoga Parva,151,151,CLI,17933,18088,7,1305,"Yudhishthira asks his brothers to name a commander for his seven akshauhinis, and each brother proposes a candidate. Yudhishthira then leaves the final choice to Krishna, who approves the names and picks Dhrishtadyumna as overall leader. The army is set to march at dawn."
B05C152,B05,Udyoga Parva,152,152,CLII,18090,18163,1,574,"The Pandava army sets out for Kurukshetra with a tremendous din, its divisions moving in order. The narrator describes the commanders, the supply train, and Draupadi remaining at Upaplavya under guard. On reaching the field, the warriors blow their conches, and the noise fills the earth and sky."
B05C153,B05,Udyoga Parva,153,153,CLIII,18165,18242,2,424,"Yudhishthira's army makes camp on level, grassy ground by the Hiranwati river, avoiding sacred sites. Krishna has a moat dug and sets up guarded tents and well-stocked camps for the allied kings. Skilled workers and healers join the camp, and many kings arrive to support the Pandavas."
B05C154,B05,Udyoga Parva,154,154,CLIV,18244,18330,2,691,"Janamejaya asks Vaisampayana what Duryodhana did once the Pandavas camped at Kurukshetra with their powerful allies. Duryodhana tells Karna, Dussasana, and Sakuni to prepare the camps and the road, and the kings arm themselves. The narrator describes the capital filled with war preparations, comparing it to the sea stirred by the rising moon."
B05C155,B05,Udyoga Parva,155,155,CLV,18332,18431,5,703,"Yudhishthira asks Krishna what they should do, given the views of Duryodhana, Karna, Sakuni, Vidura, Bhishma, and Kunti. Krishna replies that Duryodhana rejects every counsel, so war is the only way forward. Yudhishthira reluctantly orders the army arrayed, and Arjuna insists they must fight, so the brothers resolve on war and spend the night in good spirits."
B05C156,B05,Udyoga Parva,156,156,CLVI,18433,18547,2,994,"Duryodhana arranges his eleven akshauhinis, equipping each division with cars, elephants, horses, foot soldiers, and an enormous range of weapons and supplies. The narrator defines the military units from a sena up to a vahini, and gives the totals: seven akshauhinis for the Pandavas and eleven for the Kauravas. Duryodhana places a senior warrior over each division, and they all become eager to please him."
B05C157,B05,Udyoga Parva,157,157,CLVII,18549,18657,4,866,"Duryodhana asks Bhishma to lead the army, arguing from an old story that an army needs one commander to win. Bhishma accepts but says he loves the Pandavas and will kill ten thousand men each day, and he asks that either Karna or he fight first. Karna vows not to fight while Bhishma lives. Bhishma is installed with gifts, omens appear, and Duryodhana marches his army to Kurukshetra."
B05C158,B05,Udyoga Parva,158,158,CLVIII,18659,18778,6,917,"Janamejaya asks what the Pandavas said on hearing that Bhishma led the Kaurava army. Yudhishthira calls his brothers and Krishna and asks them to choose seven leaders for his seven divisions. Dhrishtadyumna is placed over all the troops, and Arjuna over the leaders, with Krishna as his charioteer. Balarama arrives, speaks sadly of the coming slaughter, and leaves on a pilgrimage to the Saraswati rather than watch the battle."
B05C159,B05,Udyoga Parva,159,159,CLIX,18780,18895,2,1088,"Rukmi, a southern king and master of the celestial bow Vijaya, arrives at the Pandava camp with a large army. He recalls his old feud with Krishna over Rukmini and offers to kill the Kuru champions for Arjuna. Arjuna refuses his help, and Duryodhana also turns him away, so Rukmi withdraws and the Pandavas gather to consult again."
B05C160,B05,Udyoga Parva,160,160,CLX,18897,18969,4,454,"Janamejaya asks what the Kauravas did once the armies stood ready on Kurukshetra. Dhritarashtra asks Sanjaya to report what is happening in both camps, lamenting that he cannot restrain Duryodhana. Sanjaya says the blame lies with Duryodhana rather than fate or the gods, and then sets out three views on whether human acts are fated, freely chosen, or shaped by past lives."
B05C161,B05,Udyoga Parva,161,161,CLXI,18971,19313,10,3491,"Duryodhana sends his envoy Uluka to the Pandavas with a defiant message. Uluka first tells Yudhishthira the story of a cat who won the mice's trust and then devoured them, calling Yudhishthira a hypocrite, and then taunts each brother and Krishna over their past humiliations and dares them to fight. Duryodhana lists the Kaurava army and its leaders as unbeatable and rules out any compromise, so the war will go ahead."
B05C162,B05,Udyoga Parva,162,162,CLXII,19315,19448,4,1192,"Uluka delivers Duryodhana's message to Yudhishthira before the assembled Pandavas and their allies. He repeats the old taunts about the dice loss, the exile, and the humiliation of Krishna, and dares Bhima to fulfil his vow. He then turns to Arjuna, telling him to stop boasting and calling the Kaurava army, led by Drona and Bhishma, too strong to beat."
B05C163,B05,Udyoga Parva,163,163,CLXIII,19450,19624,6,1616,"The Pandavas are enraged by Uluka's repeated taunts. Bhima vows to drink Dussasana's blood and kill Duryodhana's brothers, Sahadeva threatens Sakuni, and Arjuna says his answer will come through his bow. Yudhishthira rebukes Duryodhana as a crooked coward who relies on others, and Krishna promises to act only as Arjuna's charioteer."
B05C164,B05,Udyoga Parva,164,164,CLXIV,19626,19799,9,1501,"Arjuna replies to Duryodhana with a vow to kill Bhishma before the eyes of the Kurus, and calls him a coward who hides behind others. The other Pandavas, Virata and Drupada, Sikhandin, and Dhrishtadyumna each send a reply, several swearing to kill Bhishma or Drona. Yudhishthira says he does not want the slaughter of kinsmen but accepts the war, and Uluka returns and reports to Duryodhana, who orders his army arrayed before dawn."
B05C165,B05,Udyoga Parva,165,165,CLXV,19801,19852,1,297,"Sanjaya describes how Dhrishtadyumna arranges the Pandava army. He pairs each of his warriors against a Kaurava champion, with Arjuna against Karna, Bhima against Duryodhana, and Sikhandin against Bhishma, and keeps Drona for himself. The Pandava force then waits, steady as the ocean, for the battle to begin."
B05C166,B05,Udyoga Parva,166,166,CLXVI,19854,19968,5,898,"Dhritarashtra asks Sanjaya what his sons and Bhishma did after Arjuna vowed to kill Bhishma. Bhishma accepts command and reassures Duryodhana that he knows the military arts. Duryodhana asks Bhishma to rank the warriors on both sides, and Bhishma begins by ranking Duryodhana's brothers, Kritavarman, Salya, Bhurisravas, and Jayadratha."
B05C167,B05,Udyoga Parva,167,167,CLXVII,19970,20040,1,564,"Bhishma continues ranking Duryodhana's warriors, naming Sudakshina of the Kamvojas, Nila of Mahishmati, the Avanti princes Vinda and Anuvinda, and the five Trigarta brothers. He also names Lakshmana, Dussasana's son, Dandadhara, Vrihadvala of Kosala, and Kripa, each as a strong fighter who will fight hard for Duryodhana."
B05C168,B05,Udyoga Parva,168,168,CLXVIII,20042,20150,1,1025,"Bhishma continues the ranking with Sakuni, Ashvatthama, and Drona, whom he praises as a great teacher but says will not kill Arjuna out of affection. He names a further group of Kaurava fighters, including Vrishasena, Jalasandha, Vahlika, Satyavan, the rakshasa Alambhusha, and Bhagadatta. The chapter ends with Bhagadatta, a king who fights from an elephant and was once a friend to Arjuna."
B05C169,B05,Udyoga Parva,169,169,CLXIX,20152,20276,4,1116,"Bhishma calls Karna only half a ratha, and Drona agrees, saying Karna boasts before every battle but retreats from each one. Karna angrily answers that he tolerates the insults only for Duryodhana's sake and vows not to fight while Bhishma lives. Bhishma says he will take on the battle himself, and Duryodhana asks his commanders to report on the strengths and weaknesses of the enemy before dawn."
B05C170,B05,Udyoga Parva,170,170,CLXX,20278,20367,2,754,"Bhishma now ranks the Pandava warriors, with Yudhishthira and the twins as rathas, Bhima equal to eight rathas, and Arjuna, with Krishna as his driver, unmatched on the field. He says that he and Drona are old while Arjuna is young and fierce. The Kaurava kings grow fearful as they listen."
B05C171,B05,Udyoga Parva,171,171,CLXXI,20369,20426,1,392,"Bhishma names the Pandava allies, rating Draupadi's five sons as maharathas and Virata's son Uttara as a foremost ratha. He praises Abhimanyu as nearly the equal of Arjuna, and Satyaki, Uttamaujas, and Yudhamanyu as strong car-warriors. He also says the aged kings Virata and Drupada will fight hard for the Pandavas."
B05C172,B05,Udyoga Parva,172,172,CLXXII,20428,20509,1,681,"Bhishma continues the ranking with Sikhandin and Dhrishtadyumna, whom he calls an atiratha and the leader of the Pandava army. He gives lower ratings to Dhrishtadyumna's young son Kshattradharman, who is only half a ratha, and rates many Panchala, Chedi, and other allied kings as rathas or maharathas. The list ends with Srenimat and Vasudeva, both named atirathas."
B05C173,B05,Udyoga Parva,173,173,CLXXIII,20511,20591,3,575,"Bhishma names Kuntibhoja, Bhima's maternal uncle, and Ghatotkacha, Bhima's rakshasa son, as strong Pandava fighters. He says he will oppose Arjuna and Krishna, but he declares he will never strike Sikhandin, because Sikhandin was born a daughter and Bhishma has sworn never to slay a woman or a former woman."
B05C174,B05,Udyoga Parva,174,174,CLXXIV,20593,20668,2,581,"Duryodhana asks why Bhishma will not kill Sikhandin, given his earlier boast. Bhishma tells the story of his father Santanu and his vows, and of how he carried off the three princesses of Kasi, Amba, Ambika, and Ambalika, for his brother Vichitravirya. He brought them to Satyavati, after defeating the assembled kings."
B05C175,B05,Udyoga Parva,175,175,CLXXV,20670,20716,1,263,"Bhishma tells his mother Satyavati that he has abducted the princesses of Kasi, and she is delighted by his victory. When the wedding nears, the eldest princess, Amba, reveals that she had already chosen the king of Salwa and asks Bhishma, as a moral man, to let her go to him."
B05C176,B05,Udyoga Parva,176,176,CLXXVI,20718,20802,2,716,"Bhishma lets Amba go to Salwa's city, but Salwa rejects her, mocking that Bhishma had carried her off. Amba protests her innocence and swears she never chose another husband, but Salwa refuses. Amba leaves in grief and anger, vowing that the righteous will protect her."
B05C177,B05,Udyoga Parva,177,177,CLXXVII,20804,20890,3,535,"Rejected by Salwa, Amba laments that she has no one, blames Bhishma, her father, Salwa, and herself, and vows to take vengeance on Bhishma. She goes to a hermitage and tells the sages her story. The learned sage Saikhavatya comforts her and promises to help."
B05C178,B05,Udyoga Parva,178,178,CLXXVIII,20892,21054,4,1559,"The ascetics in the forest argue over what to do with Amba, some urging her to go home and others urging her to plead again with Salwa. Amba refuses to return to Kasi and asks to live as an ascetic. Her maternal grandfather, King Hotravahana, arrives, hears her story, and sends her to the sage Rama, son of Jamadagni, who he believes can end her grief and even kill Bhishma."
B05C179,B05,Udyoga Parva,179,179,CLXXIX,21056,21186,5,1147,"Akritavrana asks Amba whether she wants Salwa to marry her or Bhishma to be defeated, and she says her heart was given to Salwa before Bhishma seized her. Rama arrives, and Amba begs for his protection. Rama promises to send word to Bhishma and fight him if Bhishma refuses, but Amba insists that Bhishma must be slain."
B05C180,B05,Udyoga Parva,180,180,CLXXX,21188,21285,6,652,"Rama tells Amba he takes up arms only at the command of Brahmanas, but says he will act for her, since both Bhishma and Salwa obey him. Amba repeatedly asks him to slay Bhishma. Akritavrana reminds Rama of his old vow to protect those who seek shelter and to slay the foes of Brahmanas, and Rama agrees to go to Bhishma with Amba, and to slay him if he refuses. The party reaches Kurukshetra and camps by the Saraswati."
B05C181,B05,Udyoga Parva,181,181,CLXXXI,21287,21488,5,2084,"Rama, son of Jamadagni, orders Bhishma to take Amba as his wife, since Salwa rejected her after Bhishma carried her off. Bhishma refuses, citing his vow, and Rama challenges him to a duel at Kurukshetra. Bhishma's mother Ganga pleads with him to back down, but he accepts the challenge and sets out for the field."
B05C182,B05,Udyoga Parva,182,182,CLXXXII,21490,21604,2,1062,"Bhishma and Rama fight on Kurukshetra, with Rama in a celestial car and Bhishma first dismounting to honor his teacher. Rama wounds Bhishma first, but Bhishma breaks Rama's bow and wounds him in return, sparing his brahminical status. At sunset Bhishma stops, grieved that he has fought his teacher."
B05C183,B05,Udyoga Parva,183,183,CLXXXIII,21606,21711,1,1013,"The duel resumes at dawn with celestial weapons. Rama wounds Bhishma until he falls into a swoon, but Bhishma revives and wounds Rama in turn, and the ascetics comfort their teacher. The two warriors fill the sky with arrows until dusk, when the fight stops with neither side winning."
B05C184,B05,Udyoga Parva,184,184,CLXXXIV,21713,21782,1,547,"The duel with Rama resumes the next day and escalates, as both use celestial weapons. Bhishma cuts down Rama's lance and darts, but Rama's arrows break his chariot and wound him. Bhishma in turn wounds his teacher heavily, and the fight ends at sunset."
B05C185,B05,Udyoga Parva,185,185,CLXXXV,21784,21873,1,810,"The fight resumes the next morning, and Rama kills Bhishma's charioteer and then knocks Bhishma down. Eight Brahmanas raise him up, and his mother Ganga guides his chariot, letting him wound Rama into unconsciousness. Omens of disaster follow, and the battle goes on for twenty-three days."
B05C186,B05,Udyoga Parva,186,186,CLXXXVI,21875,21935,1,458,"Bhishma, unable to defeat Rama, goes to bed and prays for the gods to show him a sign. In a dream eight Brahmanas promise that he will overcome Rama, and they reveal two weapons: Praswapa, which puts a foe to sleep, and Samvodhana, which wakes him."
B05C187,B05,Udyoga Parva,187,187,CLXXXVII,21937,22007,1,563,"Bhishma resumes the battle, remembering his dream. Rama hurls a dart that wounds Bhishma's shoulder, and Bhishma's arrow wounds Rama, who falls and recovers. Both invoke the Brahma weapon, and the world burns, so Bhishma resolves to use the Praswapa."
B05C188,B05,Udyoga Parva,188,188,CLXXXVIII,22009,22110,2,907,"As Bhishma aims the Praswapa, the sage Narada and the gods warn him not to use it, since Rama is a Brahmana and his teacher. Bhishma withdraws the weapon, and Rama admits defeat, but his ancestors urge him to give up the fight, and Bhishma gives way too. The two part with mutual respect, and Rama summons Amba."
B05C189,B05,Udyoga Parva,189,189,CLXXXIX,22112,22225,1,1114,"Rama admits defeat and tells Amba to seek Bhishma's protection, but Amba vows to kill Bhishma and leaves for severe penance. Bhishma has his spies follow her and consults Narada and Vyasa, who tell him not to grieve. After years of penance across many sacred sites, Ganga foretells that Amba will become a river, and half of her body stays a maiden."
B05C190,B05,Udyoga Parva,190,190,CXC,22227,22295,1,575,"Amba tells the ascetics of Vatsabhumi that she will not stop her penance until Bhishma is slain, even if it means taking on a man's form. The god with the trident, lord of Uma, appears and promises that she will kill Bhishma and be reborn as a man in Drupada's line. She then builds a funeral pyre by the Yamuna and burns herself, crying out that it is for Bhishma's destruction."
B05C191,B05,Udyoga Parva,191,191,CXCI,22297,22365,2,498,"Duryodhana asks how Sikhandin, born a daughter, became a man. Bhishma explains that King Drupada prayed to Shiva for a son to avenge himself on Bhishma, and the god promised a child who would first be a daughter and later a male. The queen had a daughter, whom the king had raised as a son and named Sikhandin, with only a few people knowing the secret."
B05C192,B05,Udyoga Parva,192,192,CXCII,22367,22438,1,575,"Drupada has Sikhandin trained in the arts and in arms under Drona, and when Sikhandin reaches maturity, the royal couple arrange a marriage with the daughter of the Dasarnaka king Hiranyavarman. The bride soon discovers that her husband is a woman, and her nurses tell the king. Hiranyavarman is enraged and sends a threatening messenger to Drupada."
B05C193,B05,Udyoga Parva,193,193,CXCIII,22440,22512,2,543,"Drupada is caught out and frightened, and tries to calm his brother-in-law with conciliatory messages, but Hiranyavarman prepares an army to march. His allies plan to bind Drupada, install a new king, and kill Drupada and Sikhandin. Drupada, afraid, turns to his queen for the truth about their child."
B05C194,B05,Udyoga Parva,194,194,CXCIV,22514,22603,1,796,"Sikhandin's mother admits that she had the daughter's birth concealed out of fear of her co-wives and because of the god's words, and Drupada confirms the deception. The king prepares his city's defences and prays, while Sikhandini, shamed by the trouble she has caused, goes to a haunted forest and fasts until the Yaksha Sthunakarna appears. She asks him to make her a true man so that her parents can be spared."
B05C195,B05,Udyoga Parva,195,195,CXCV,22605,22792,4,1858,"Sikhandini and the Yaksha Sthuna swap sexes for a time, so that Sikhandin becomes a man and can save the city. Sikhandin tells Drupada, and the Dasarnaka king's envoys are satisfied after women he sends confirm that Sikhandin is male. Kubera, lord of the Yakshas, learns of the swap and curses Sthuna to stay a woman until Sikhandin dies. Bhishma tells the Kauravas why he will not fight Sikhandin, and Duryodhana accepts his reasoning."
B05C196,B05,Udyoga Parva,196,196,CXCVI,22794,22874,3,608,"Duryodhana asks Bhishma how many days he needs to destroy the Pandava army, and Bhishma answers that he can slay ten thousand foot soldiers and a thousand chariot warriors each day, finishing in a month with his great weapons. The other commanders offer their own timelines, with Drona saying a month, Kripa two months, Ashvatthama ten nights, and Karna five days. Bhishma laughs at Karna's boast."
B05C197,B05,Udyoga Parva,197,197,CXCVII,22876,22951,2,570,"Yudhishthira, informed by his spies of the Kaurava commanders' boasts, asks Arjuna how long he needs to destroy the enemy. Arjuna answers that with Krishna's help he could destroy the three worlds in an instant, that he holds Shiva's weapon, and that it is not right to kill ordinary men with celestial weapons. He names the Pandava allies whose strength will win the day."
B05C198,B05,Udyoga Parva,198,198,CXCVIII,22953,23019,1,498,"On the next morning, the Kaurava kings march out under Duryodhana, purified and armed, and take position at the far end of Kurukshetra in three divisions. Drona leads the first, Ashvatthama and Bhishma the second, and Kritavarman, Bhurisravas, and Salya lead the rear with Duryodhana. Duryodhana sets up a camp that looks like a second Hastinapura, with ample provisions for kings, followers, traders, and spectators."
B05C199,B05,Udyoga Parva,199,199,CXCIX,23021,23536,26,2502,"Yudhishthira sends out his army in ordered divisions, with Dhrishtadyumna, Abhimanyu, and Draupadi's sons in front, Bhima and the twins in a leading division, and Krishna and Arjuna in the centre with Virata and the Panchala princes. Kshatrahan and Kshatradeva guard the rear, and Yudhishthira himself marches slowly behind the main divisions, with the baggage, the sick, and the weak. The chapter closes the Udyoga Parva, and the rest of the section is editorial footnotes explaining Sanskrit terms, the weapons, and the philosophy of the earlier sage's answers."
B06C001,B06,Bhishma Parva,1,1,I,746,861,5,827,"The Kurus, Pandavas and Somakas gather their armies on the plain of Kurukshetra, and Yudhishthira camps on the western side with troops drawn from all of Jamvudwipa. Both sides blow their conches, and then they agree on rules of fair single combat, such as matching opponents by vehicle and never striking those who are unready, fleeing, or unarmed. The chapter sets the stage for the battle and shows the code of conduct the fighters are meant to keep."
B06C002,B06,Bhishma Parva,2,2,II,863,971,5,809,"Vyasa, seeing the two armies ready to fight, takes the distressed Dhritarashtra aside and offers to let him watch the battle. Dhritarashtra says he does not want to see his kinsmen slaughtered and asks only to hear about it, so Vyasa grants the bard Sanjaya, son of Gavalgani, the power to see and narrate the whole war. Vyasa then lists frightening omens in the sky and on earth that foreshadow terrible losses."
B06C003,B06,Bhishma Parva,3,3,III,973,1222,7,2416,"Vyasa lists more portents, including monstrous births, unseasonal crops, planetary disturbances, eclipses on unusual days and bloody rivers, all forecasting a massacre. Dhritarashtra accepts that the slaughter is fated, but Vyasa urges him to restrain his sons and let the Pandavas have their kingdom, and Dhritarashtra admits his sons will not obey him. Dhritarashtra then asks what signs will show that a side is destined to win, and Vyasa lists omens of success and says that victory depends on chance."
B06C004,B06,Bhishma Parva,4,4,IV,1224,1301,2,563,"After Vyasa leaves, Dhritarashtra sighs over the many kings gathered to kill one another and asks Sanjaya to describe the lands they came from. Sanjaya sorts living things into mobile and immobile, lists the fourteen kinds of animals and the plants, and says all creatures live by consuming one another. He concludes that the earth sustains everything, which is why kings kill each other to possess it."
B06C005,B06,Bhishma Parva,5,5,V,1303,1378,3,512,"Dhritarashtra asks Sanjaya for the names and measures of the rivers, mountains, provinces and forests on the earth. Sanjaya first explains that all things are made from five elements, each with its own quality, and that the earth holds the qualities of the others as well. He then describes the wheel-shaped island Sudarsana, which he says resembles a peepul tree and a hare when seen in the moon."
B06C006,B06,Bhishma Parva,6,6,VI,1380,1547,4,1496,"Dhritarashtra asks Sanjaya for more detail on the hare-shaped and peepul-shaped parts of the island. Sanjaya describes the six mountains that cross the land, the Varshas between them, and the golden mountain Meru at the centre with its surrounding islands, including Jamvudwipa where the listeners live. He covers the sacred places, the course of the Ganga and the lives of gods, sages and peoples around these mountains, which sets out the world in which the Kurus fight."
B06C007,B06,Bhishma Parva,7,7,VII,1549,1654,4,851,"Dhritarashtra asks about the regions north and east of Meru and the Malyavat mountain. Sanjaya describes the Northern Kurus, a land of sweet fruit, milk-giving trees, golden sands and long-lived people, then the eastern land of Bhadraswa with its great Kalamra and Jamvu trees, which gave Jamvudwipa its name. He ends with Malyavat, where the fire Samvataka burns at the end of an age and ascetics enter the sun and then the moon."
B06C008,B06,Bhishma Parva,8,8,VIII,1656,1736,3,579,"Dhritarashtra asks for the names of all the Varshas, mountains and their inhabitants. Sanjaya lists Romanaka, Hiranmaya and the Airavata Varsha beyond the Sringavat mountains, with their long-lived peoples, and describes Hari (Vishnu) riding a golden car in the northern ocean as the source and end of all creatures. Dhritarashtra, lost in thought about his sons, answers that Time both destroys and creates everything and names Narayana and Vishnu as the power that destroys all creatures."
B06C009,B06,Bhishma Parva,9,9,IX,1738,1910,4,1494,"Dhritarashtra asks about Bharatavarsha, the land his son Duryodhana covets, and Sanjaya replies that the Pandavas do not covet it, while Duryodhana, Sakuni and other rulers do. He then names the mountains, rivers and many peoples and provinces of the land and of the south and north. He ends by saying kings have become greedy for earth like dogs fighting over meat, which is why the Kurus and Pandavas strive for it."
B06C010,B06,Bhishma Parva,10,10,X,1912,1974,2,407,"Dhritarashtra asks about the lifespan, strength and condition of the people of Bharatavarsha, Himavat and Harivarsha. Sanjaya explains the four ages, Krita, Treta, Dwapara and Kali, and how lifespans shrink from four thousand years to an uncertain span, while human character declines in the Kali age. He concludes that Haimavat and Harivarsha are superior to Bharatavarsha in every quality."
B06C011,B06,Bhishma Parva,11,11,XI,1976,2122,8,1091,"Dhritarashtra asks Sanjaya for the size of Jamvudwipa and the oceans and islands beyond it, including Sakadwipa, Kusadwipa, Salmalidwipa and Kraunchadwipa, along with the sun, moon and Rahu. Sanjaya describes Sakadwipa, an island twice the size of Jamvudwipa where people are righteous and do not die, and then names its seven mountains, the Varshas between them, and the sacred Saka tree. The account gives the king a cosmic map of the world beyond his own land."
B06C012,B06,Bhishma Parva,12,12,XII,2124,2276,5,1322,"Sanjaya describes the northern islands, each surrounded by an ocean of clarified butter, curds, wine or water, with their mountains, Varshas and long-lived, peaceful peoples. He covers the outer islands and Pushkara where Prajapati dwells, and the four great elephants whose breath gives life to creatures. He ends with the sizes of the planet Swarbhanu, the moon and the sun, urges Dhritarashtra to pacify Duryodhana, and closes by saying that hearing this Bhumi Parva brings merit."
B06C013,B06,Bhishma Parva,13,13,XIII,2278,2341,3,377,"Sanjaya rushes back from the battlefield and tells the grieving Dhritarashtra that Bhishma, the grandsire of the Bharatas, has been slain by Sikhandin and lies on a bed of arrows. He recalls Bhishma's great feats and his long resistance against the Pandavas, and blames the king's evil counsel for the disaster. The news marks a turning point, since Bhishma had been the mainstay of the Kaurava army."
B06C014,B06,Bhishma Parva,14,14,XIV,2343,2549,2,2162,"Dhritarashtra, stunned, asks how Bhishma could have been killed by Sikhandin, who protected him, and how the Pandavas overcame him. He calls his own heart as hard as adamant for not breaking, and fears for the outcome now that the army has lost its foremost warrior. He demands every detail of the battle, saying he cannot regain his composure without it."
B06C015,B06,Bhishma Parva,15,15,XV,2551,2641,4,522,"Sanjaya tells Dhritarashtra not to blame Duryodhana, since men bring evil upon themselves by their own misdeeds, and recalls that the Pandavas long bore their injuries in the woods. He then says that the events were predestined and that he now has divine sight and hearing, granted through Vyasa, to report them. He recounts Duryodhana's orders to protect Bhishma at all costs, as Bhishma had vowed not to strike Sikhandin, and the guards Duryodhana names on the Pandava side."
B06C016,B06,Bhishma Parva,16,16,XVI,2643,2721,1,613,"After the night passes, the kings shout Array! and the armies rise and take their positions at dawn. Sanjaya describes the great show of banners, chariots and warriors, the Kaurava commanders such as Sakuni, Salya and Jayadratha who each lead an Akshauhini, and Bhishma in white at the head of the Kaurava vanguard. He ends by comparing the two armies to oceans at the end of an age."
B06C017,B06,Bhishma Parva,17,17,XVII,2723,2829,1,960,"Sanjaya describes the first day of the great battle, with ominous signs in the sky and the kings assembling as Vyasa had foretold. Bhishma urges the kings to fight bravely, since death in battle is a Kshatriya's duty and leads to heaven, and Karna alone lays down his weapons out of respect for him. The Kaurava divisions then advance under their named leaders, and their great formation is described in detail."
B06C018,B06,Bhishma Parva,18,18,XVIII,2831,2891,1,414,"The field fills with uproar, banners and glittering armour as the two armies face each other. Sanjaya lists the Kaurava warriors who guard Bhishma from behind, the peoples pledged to fight to the death, and the huge forces of foot soldiers and chariots. He sums up the Kaurava army of eleven Akshauhinis as a great river divided."
B06C019,B06,Bhishma Parva,19,19,XIX,2893,3026,3,1184,"Dhritarashtra asks how Yudhishthira could form a counter-array against Bhishma's great army with fewer troops. Sanjaya reports that Yudhishthira cites a precept of Vrihaspati for few against many, and Arjuna proposes the Vajra array, with Bhima at the front and the other Pandava warriors and allies placed around him, Sikhandin facing Bhishma, and Yudhishthira in the centre. Dawn then brings wind, dust, thunder and falling meteors, which the sons of Pandu face calmly."
B06C020,B06,Bhishma Parva,20,20,XX,3028,3116,2,732,"Dhritarashtra asks Sanjaya which side was eager to fight first and which side the omens favoured. Sanjaya says both armies were equally joyful and grand, with the Kauravas facing west and the Pandavas facing east, and the wind blowing against the Kauravas. He describes the Kaurava positions, with Duryodhana in the centre, Bhishma at the front in white, Drona at the rear and other leaders in their places, and says the Pandava army seemed invincible because Krishna and Arjuna led it."
B06C021,B06,Bhishma Parva,21,21,XXI,3118,3181,1,436,"Seeing Bhishma's impenetrable array, Yudhishthira grows pale and asks Arjuna how the few can hope to beat the many. Arjuna replies that victory comes through truth, compassion, righteousness and energy rather than sheer might, and that victory is wherever Krishna is. He backs this with the old story of the gods' victory through Hari's grace."
B06C022,B06,Bhishma Parva,22,22,XXII,3183,3257,2,502,"Yudhishthira sets the Pandava forces in counter-array and urges them to fight fairly and seek the highest heaven. Sanjaya describes the commanders in their places, Arjuna's car drawn by white horses and driven by Krishna, and Bhima leading the van. Krishna then points out Bhishma standing in the midst of his army and urges Arjuna to attack him."
B06C023,B06,Bhishma Parva,23,23,XXIII,3259,3384,8,910,"As the Kaurava army approaches, Krishna tells Arjuna to purify himself and recite a hymn to Durga for victory. Arjuna dismounts and recites a long hymn praising the goddess by many names, and she appears in the sky and promises that he will soon defeat his foes with Narayana's help. The chapter ends with Krishna and Arjuna blowing their conches and with a list of the protections that reciting the hymn brings."
B06C024,B06,Bhishma Parva,24,24,XXIV,3386,3431,2,192,"Dhritarashtra asks who advanced cheerfully, who struck the first blow, and whose troops were in higher spirits. Sanjaya replies that both armies were equally cheerful and fragrant, and that the collision was fierce, with music, conches, drums and roars."
B06C025,B06,Bhishma Parva,25,25,XXV,3433,3589,9,1132,"The Bhagavad Gita opens as Dhritarashtra asks what his sons and the Pandavas did on the plain of Kurukshetra. Sanjaya reports that Duryodhana names the Pandava warriors and his own leaders to Drona, the conches sound, and Arjuna asks Krishna to drive his car between the armies. Krishna does so, Arjuna sees his kinsmen on both sides, and he sinks into grief, lays down his bow and sits down in his car."
B06C026,B06,Bhishma Parva,26,26,XXVI,3591,3816,8,2093,"Arjuna, overcome with pity, lays down his weapons and refuses to fight his teachers and kin, and Krishna rebukes his weakness. Krishna then teaches that the soul is eternal and cannot be killed, that a warrior should fight a just battle as his duty, and that one should act without attachment to the results. He ends by describing the steady-minded sage who is content within and free from desire, fear and anger."
B06C027,B06,Bhishma Parva,27,27,XXVII,3818,3955,5,1137,"Arjuna asks why Krishna praises devotion through knowledge yet urges him to dreadful action, and Krishna answers that no one escapes action by refraining from it. He teaches that one should act without attachment, as an offering, and gives the examples of the Lord of creation and of himself, who acts to keep the world in order. Krishna then names desire, born of passion, as the great enemy that drives people to sin and must be conquered."
B06C028,B06,Bhishma Parva,28,28,XXVIII,3957,4093,4,1223,"Krishna says he first taught this imperishable path to Vivaswat, who passed it to Manu and Ikshaku, and that it was lost over time until he gave it again to Arjuna. Arjuna asks how this can be, since Vivaswat was born before Krishna, and Krishna answers that he is unborn yet appears in every age to protect righteousness. He then explains action without craving, the many kinds of sacrifice, and says that the sacrifice of knowledge burns away all action, urging Arjuna to cut his doubt with it."
B06C029,B06,Bhishma Parva,29,29,XXIX,4095,4201,3,851,"Arjuna asks whether giving up action or acting with devotion is the better path, and Krishna answers that both lead to freedom but that acting with devotion is superior. He says the wise see the two paths as one, and that a person who acts without attachment, offering the fruit to Brahman, is untouched by sin. The chapter closes with the portrait of the sage who is at peace, equal toward all beings, and who knows Krishna as the enjoyer of sacrifice."
B06C030,B06,Bhishma Parva,30,30,XXX,4203,4363,6,1408,"Krishna explains that a true renouncer does what is required without seeking the fruit, and he describes the practice of meditation, including posture, moderation in food and sleep, and steady attention on him. Arjuna protests that the restless mind is as hard to control as the wind, and Krishna replies that practice and detachment can tame it. Krishna then assures Arjuna that a devotee who falls short is not lost, and that the one who worships him with faith is the most devout."
B06C031,B06,Bhishma Parva,31,31,XXXI,4365,4463,2,839,"Krishna explains that his nature has a lower eightfold form of earth, water, fire, air, space, mind, understanding and self-awareness, and a higher living form that sustains the universe. He is the source of all things, present in their qualities, but people are deluded by the three qualities and his illusion, so few know him truly. Those who turn to him reach him, while those who worship other gods receive only fleeting rewards."
B06C032,B06,Bhishma Parva,32,32,XXXII,4465,4565,3,814,"Arjuna asks Krishna to define Brahman, the self, action and the other terms, and asks how the self-restrained can be known at the hour of death. Krishna answers that Brahman is supreme and indestructible, and that whoever remembers him at death goes to him. He describes meditation at the moment of death, with the breath held between the brows and the sacred syllable Om uttered, and explains the cycles of Brahman's day and night and the two paths, the bright path with no return and the dark path that leads back to rebirth."
B06C033,B06,Bhishma Parva,33,33,XXXIII,4567,4674,2,953,"Krishna calls his teaching the royal knowledge and royal mystery, and says he pervades all things while not being bound by them. He describes how he creates and dissolves creatures in cycles, and how those who worship him with devotion are cared for, even when they worship other gods without knowing it. He declares that devotion is open to all, including women, Vaisyas and Sudras, and urges Arjuna to fix his mind on him."
B06C034,B06,Bhishma Parva,34,34,XXXIV,4676,4804,4,1112,"Krishna reveals that he is the source of the gods and great sages, so that they do not know his origin, and that whoever knows him as the unborn Lord is freed from sin. Arjuna asks him to describe his divine powers, and Krishna lists many of his manifestations, from Vishnu and Ganga to the Himalaya and the sacred syllable Om. He concludes that every glorious thing is only a fragment of his power, and that he upholds the whole universe with a part of himself."
B06C035,B06,Bhishma Parva,35,35,XXXV,4806,5034,13,1781,"Arjuna says that Krishna's teaching has dispelled his delusion and asks to see his true, sovereign form. Krishna grants him divine sight, and Arjuna sees a vast cosmic form with countless faces and weapons, in which warriors rush into Krishna's flaming mouths. Krishna reveals himself as Time, the destroyer, tells Arjuna to fight as his instrument, and then returns to his gentle human form, saying that only devotion can truly reach him."
B06C036,B06,Bhishma Parva,36,36,XXXVI,5036,5116,3,569,"Arjuna asks whether those who worship Krishna in personal form or those who meditate on the unmanifest are the best devotees. Krishna answers that those who fix their minds on him with faith are the most devoted, though the unmanifest path is harder. He offers to rescue such devotees and lays out a graded path for those who cannot manage fully, and he ends by describing the qualities of the devotees he loves most, who are free from hatred, content, steady and detached."
B06C037,B06,Bhishma Parva,37,37,XXXVII,5118,5218,2,809,"Krishna explains that the body is the field and the embodied self is its knower, and he lists the elements, qualities and virtues that make up the field and true knowledge. He describes the supreme Brahman as present everywhere, beyond the senses, and the light of all luminaries. He ends by saying that nature and spirit are both without beginning, that nature produces all the qualities while spirit only witnesses them, and that one who sees this is freed."
B06C038,B06,Bhishma Parva,38,38,XXXVIII,5220,5320,4,697,"Krishna says he will teach again the supreme knowledge by which sages have reached perfection, and that the three qualities of nature, goodness, passion and darkness, bind the embodied soul. Each quality shapes a person's death, rebirth and reward, and a soul that sees the qualities as the only agents and rises above them attains immortality. Arjuna asks how such a person behaves, and Krishna describes his even-mindedness and his exclusive devotion."
B06C039,B06,Bhishma Parva,39,39,XXXIX,5322,5403,2,615,"Krishna describes the eternal fig tree, with roots above and branches below and leaves that are the Vedas, which must be cut down with detachment so that one can seek the supreme seat that no one returns from. He says that the individual soul is an eternal part of himself, carried from body to body like scent on the wind, and that he is the light in the sun, moon and fire. He identifies himself as the Supreme Person, beyond both the perishable and the imperishable, and says that whoever knows him worships him fully."
B06C040,B06,Bhishma Parva,40,40,XL,5405,5487,2,572,"Krishna lists the divine qualities, such as fearlessness, purity, self-control, compassion and humility, which lead to liberation, and contrasts them with the demonic qualities of hypocrisy, pride, anger and ignorance, which lead to bondage. He describes demonic people who deny moral order, pursue endless desires, and are cast down into hell. He names lust, anger and greed as the three gates to hell and tells Arjuna that scripture should guide what he does."
B06C041,B06,Bhishma Parva,41,41,XLI,5489,5591,3,828,"Arjuna asks whether the worship of those who act outside the scriptures, but with faith, is of goodness, passion or darkness. Krishna explains that faith and everything else, including food, sacrifice, penance and gifts, come in these three forms according to a person's nature. He ends by naming Brahma as OM, TAT and SAT, and says that any act done without faith counts for nothing here or hereafter."
B06C042,B06,Bhishma Parva,42,42,XLII,5593,5816,6,2122,"Arjuna asks Krishna to explain the true nature of renunciation and abandonment. Krishna distinguishes three kinds of each by quality, teaches the causes of action, the three qualities of knowledge, action, agent and understanding, and the natural duties of each social class, saying one's own duty is better even when imperfect. He then urges Arjuna to surrender everything to him and promises deliverance, and Arjuna says his delusion is gone and he will act as Krishna bids. Sanjaya closes by saying that he heard this dialogue through Vyasa's favour, and that where Krishna and Partha are, there is victory and justice."
B06C043,B06,Bhishma Parva,43,43,XLIII,5818,6224,38,2720,"Yudhishthira puts down his armour and weapons and walks on foot toward the Kaurava elders, followed by his brothers and Krishna, while the Kaurava side mocks him as frightened. He asks Bhishma, Drona, Kripa and Salya for leave and blessings to fight, and each grants it while confessing that he is bound to the Kauravas by their wealth and must fight for them. Krishna then tries to win Karna to the Pandava side, Karna refuses out of loyalty to Duryodhana, and Yuyutsu, a son of Dhritarashtra, joins the Pandavas amid general praise."
B06C044,B06,Bhishma Parva,44,44,XLIV,6226,6322,2,809,"Dhritarashtra asks who struck the first blow when the two armies were drawn up. Sanjaya describes the rush of Dussasana and Bhishma against the Pandavas, led by Bhima, and the awful roar that frightens Dhritarashtra's sons. The fierce first encounter is then described, with the Kaurava princes surrounding Bhima, the Pandava warriors striking back, and Bhishma shining above all the rest."
B06C045,B06,Bhishma Parva,45,45,XLV,6324,6525,1,2049,"The battle begins in earnest on the forenoon of the terrible day, and Sanjaya describes a long series of single combats across the field. Bhishma and Arjuna, Satyaki and Kritavarman, Abhimanyu and Vrihadbala, Bhima and Duryodhana, the twins Nakula and Sahadeva, Yudhishthira and the king of Madra, and many others fight fiercely, until the whole field becomes a confused melee that the onlookers compare to a war of gods and demons."
B06C046,B06,Bhishma Parva,46,46,XLVI,6527,6654,1,1198,"Sanjaya describes the fighting among the foot soldiers, where men lose all regard for one another, and sires, sons, brothers and friends kill each other. Elephants, horses, chariots and foot soldiers are shattered in the chaos, and the wounded cry out for kin and water while some brave men endure in silence. Under this assault the Pandava divisions begin to waver before Bhishma, who shines on his silver-standard chariot."
B06C047,B06,Bhishma Parva,47,47,XLVII,6656,6820,1,1675,"Sanjaya describes how Bhishma, protected by Durmukha, Kritavarman, Kripa, Salya and Vivinsati, cuts through the Pandava ranks. Abhimanyu duels with Bhishma and his guards, knocks down Bhishma's palmyra standard, and is cheered by the Pandavas. Sweta, son of Virata, then charges Salya until seven Kaurava champions hold him back, and Duryodhana and Bhishma rescue Salya."
B06C048,B06,Bhishma Parva,48,48,XLVIII,6822,7086,2,2817,"Dhritarashtra asks what the two armies did when Sweta charged Salya, and Sanjaya describes a great slaughter in which Bhishma stands alone among the Kauravas. Bhishma and Sweta duel, breaking each other's bows and standards, and a celestial voice tells Bhishma that his hour of victory has come. Bhishma kills Sweta with a shaft, the Pandavas grieve and the Kauravas rejoice, and at nightfall both armies withdraw."
B06C049,B06,Bhishma Parva,49,49,XLIX,7088,7212,2,1163,"Dhritarashtra, having heard of Sweta's death, asks what the Pandavas did next, reproaches Duryodhana for provoking the war, and fears what Arjuna will do in his anger. Sanjaya tells him to own his own part, then describes Sankha's attack on Salya, Arjuna's stand against Bhishma in his defence, and Bhishma's rout of the Panchala and Matsya troops until the Pandavas withdraw at sunset."
B06C050,B06,Bhishma Parva,50,50,L,7214,7379,3,1428,"After the first day's fighting, Yudhishthira goes to Krishna in despair at Bhishma's power and says he would rather retire to the forest than see his kings destroyed, while complaining that Arjuna seems indifferent. Krishna comforts him and Yudhishthira makes Dhrishtadyumna commander of the army, who vows to slay Bhishma and Drona. Dhrishtadyumna then forms the Krauncharuma array, with Arjuna in the van and Drupada at its head, ready for the next morning's battle."
B06C051,B06,Bhishma Parva,51,51,LI,7381,7461,1,630,"Duryodhana, seeing the Pandava Krauncha array, urges Bhishma, Drona and the other commanders to protect the front, and arranges his own army with Bhishma at its head, Drona and Ashvatthama in support, and Duryodhana's brothers and allied kings on the flanks and rear. Both sides then blow their conches, and the two armies advance to battle once more."
B06C052,B06,Bhishma Parva,52,52,LII,7463,7635,2,1719,"Duryodhana orders his army to attack, and Bhishma's arrows drive back the Pandava divisions. Arjuna asks Krishna to drive him straight at Bhishma, vowing to slay him, and Bhishma wounds many warriors, including Krishna. Duryodhana then urges Bhishma to kill Arjuna because Karna refuses to fight, and Bhishma goes after him in a duel that the gods watch with wonder, since neither man gains the advantage."
B06C053,B06,Bhishma Parva,53,53,LIII,7637,7745,2,948,"Dhritarashtra asks how Drona and Dhrishtadyumna fought, and says that fate seems stronger than effort, since even Bhishma could not escape Arjuna. Sanjaya describes the duel in which Drona breaks Dhrishtadyumna's bow, chariot and steeds, and in which Dhrishtadyumna's mace and dart are also broken. When Dhrishtadyumna charges on foot with shield and sword, Bhima comes to his rescue, and Duryodhana sends the Kalingas against Bhima."
B06C054,B06,Bhishma Parva,54,54,LIV,7747,8015,2,2930,"Urged on by Duryodhana, the Kalinga king and his allies attack Bhima, but Bhima slays the king's son Sakradeva with a mace and cuts down the king's elephant and many of his men in a rampage. Dhrishtadyumna and Satyaki come to his aid, and Satyaki kills Bhishma's charioteer, forcing Bhishma to be carried from the field. The Kalinga army is broken and Bhima stands triumphant in the middle of the troops."
B06C055,B06,Bhishma Parva,55,55,LV,8017,8125,1,1000,"In the afternoon Dhrishtadyumna fights Drona's son, Salya and Kripa, while Abhimanyu duels with Duryodhana's son Lakshmana, breaking his bow before Duryodhana comes to his son's aid. Arjuna then rushes to rescue Abhimanyu, and the Kaurava kings charge him, but his arrows scatter them and fill the field with broken weapons. Bhishma sees the army routed and orders its withdrawal as the sun sets."
B06C056,B06,Bhishma Parva,56,56,LVI,8127,8196,1,527,"At dawn Bhishma forms the Kaurava army in the shape of a Garuda, the eagle, with himself at its beak, Drona and Kritavarman at its eyes, and Duryodhana on its back. Arjuna answers with a half-moon formation, with Bhima on one horn, Dhrishtadyumna and Sikhandin in the middle, Yudhishthira with his elephants, and Krishna guarding the other horn. The two armies then clash in a roar that reaches the heavens."
B06C057,B06,Bhishma Parva,57,57,LVII,8198,8294,1,798,"Once the armies are drawn up, Arjuna cuts down the leaders of the Kaurava car divisions, and the fighting becomes a general melee of cars, elephants, cavalry and infantry, with the field strewn with broken weapons and bodies. Bhishma, Drona, Jayadratha, Sakuni and others break the Pandava ranks in turn, while Bhima, Ghatotkacha and the sons of Draupadi grind down the Kaurava host. The chapter ends with Duryodhana, Abhimanyu and Satyaki joining the fight in a new, fierce round of combat."
B06C058,B06,Bhishma Parva,58,58,LVIII,8296,8410,1,1105,"Kings surround Arjuna with a storm of weapons, while Satyaki and Abhimanyu fight Sakuni's forces. Bhima wounds Duryodhana in the chest, and when Duryodhana swoons and is carried away, the Kaurava army flees, leaving Bhishma and Drona unable to stop it. Duryodhana rallies his men and rebukes Bhishma for sparing the Pandavas, and Bhishma vows to check them alone, so both sides sound their conches for the next round."
B06C059,B06,Bhishma Parva,59,59,LIX,8412,8793,2,4337,"Stung by Duryodhana's taunts, Bhishma charges into the Pandava army, slaughtering their warriors so swiftly that he seems to be everywhere at once, and the Pandava host breaks. Krishna urges Arjuna to strike Bhishma, and their duel leaves Krishna and Arjuna pierced by arrows. Krishna leaps down with his discus to kill Bhishma, who invites the blow, but Arjuna holds Krishna back, and then Arjuna unleashes the Indra weapon, making a river of blood, until the Kauravas withdraw at nightfall lamenting their losses."
B06C060,B06,Bhishma Parva,60,60,LX,8795,8913,2,1047,"On the next morning Bhishma leads the Kaurava army forward, surrounded by Drona, Duryodhana, Jayadratha and other princes, against Arjuna's array. The two sides clash amid a storm of dust, conches and falling warriors. Bhishma then turns on Arjuna, and their arrowy single combat is watched by both armies as Abhimanyu charges deep into the Kaurava host."
B06C061,B06,Bhishma Parva,61,61,LXI,8915,9011,1,876,"Abhimanyu fights alone against Drona's son, Bhurisravas, Chitrasena and other warriors, and the Kaurava princes surround him. Dhrishtadyumna comes to his rescue, and in a duel Dhrishtadyumna kills Samyamani's son with a mace, provoking Samyamani to attack Dhrishtadyumna in turn. Salya joins the attack on Dhrishtadyumna, and a new round of fighting begins."
B06C062,B06,Bhishma Parva,62,62,LXII,9013,9167,2,1469,"Dhritarashtra, doubting that his sons can win, presses Sanjaya for news, and Sanjaya blames the war on Duryodhana's policy. He reports the fighting in which Bhima, after the Kaurava elephant division is massed against him, leaps down and smashes the elephants with his mace. The chapter shows the Pandava side pressing hard and the Kaurava line breaking."
B06C063,B06,Bhishma Parva,63,63,LXIII,9169,9264,1,837,"Duryodhana orders his whole army to surround and kill Bhima, and Bhima holds the line like a shore against the sea. Bhima's mace destroys ranks of men, horses and chariots, and Bhishma advances against him. Satyaki pushes forward toward Bhishma, and Bhurisravas moves to block him."
B06C064,B06,Bhishma Parva,64,64,LXIV,9266,9452,1,1895,"Satyaki and Bhurisravas duel while the two armies gather around them, and Bhima fights Duryodhana and his brothers. Bhima is wounded and swoons, then recovers and kills many of Dhritarashtra's sons, and Bhagadatta blinds him with arrows. Ghatotkacha attacks Bhagadatta's elephant, and Bhishma calls off the fight at nightfall, so both sides return to camp, Duryodhana grieving for his brothers."
B06C065,B06,Bhishma Parva,65,65,LXV,9454,9683,5,2268,"Dhritarashtra asks Sanjaya why the Pandavas cannot be beaten, and Sanjaya answers that their righteousness protects them while his sons' cruelty weakens them. Duryodhana then asks Bhishma what makes the Pandavas invincible, and Bhishma says it is Krishna who guards them. To prove the point he recounts how Brahma praised Vishnu and asked him to take birth among men."
B06C066,B06,Bhishma Parva,66,66,LXVI,9685,9799,2,1063,"Vishnu agrees to Brahma's request and then vanishes, and Brahma tells the gods that Vasudeva must not be treated as a mere man. Bhishma says the sages taught him the same truth and that Krishna's presence brings righteousness and victory. He also says Dhritarashtra's sons are wrong to hate Krishna and Arjuna."
B06C067,B06,Bhishma Parva,67,67,LXVII,9801,9876,2,595,"Duryodhana asks Bhishma about Vasudeva's origin and greatness. Bhishma describes Vasudeva as the supreme being who created the elements, the gods, and the four social classes, and lists his deeds and titles. He ends by saying Yudhishthira has sought Krishna's protection."
B06C068,B06,Bhishma Parva,68,68,LXVIII,9878,9947,2,537,"Bhishma recites a hymn that sages say Brahman himself composed, in which many seers name Vasudeva as the highest lord. Sanjaya reports that Duryodhana begins to respect Krishna and the Pandavas, and Bhishma again urges peace. Duryodhana then withdraws to his tent and lies down to sleep."
B06C069,B06,Bhishma Parva,69,69,LXIX,9949,10042,1,798,"At dawn the two armies line up, with Bhishma's Makara formation facing the Pandava Syena formation. Bhima and Arjuna both attack Bhishma, and Duryodhana urges Drona to break the Pandava line. Drona fights Satyaki, and Sikhandin's attack on Bhishma and Drona is held back, so the battle grows fierce on both sides."
B06C070,B06,Bhishma Parva,70,70,LXX,10044,10125,1,686,"Bhishma fights fiercely to shield Duryodhana's sons from Bhima, and the general battle turns into a massive slaughter. Sanjaya describes the uproar, the piles of heads and limbs, and the rivers of blood. Duryodhana then advances with Bhishma at the front, and the Pandavas rush against Bhishma in response."
B06C071,B06,Bhishma Parva,71,71,LXXI,10127,10243,1,1094,"Arjuna charges toward Bhishma, and his conch and bow strike fear into the Kaurava ranks, who seek Bhishma's protection. Many Kaurava allies move in to support Bhishma, and the battle spreads across the whole field, with heavy losses of elephants, chariots and men. Sanjaya describes omens, dust, and the way the fighting breaks apart into pairs of opponents."
B06C072,B06,Bhishma Parva,72,72,LXXII,10245,10338,1,799,"The battle now spreads into many duels, with Sikhandin, Arjuna, Bhima, Yudhishthira, Satyaki and Ghatotkacha each facing an enemy leader. Bhishma holds back Bhima and cuts his bow, then kills Satyaki's charioteer so that Satyaki's horses bolt. Bhishma then wins the field against the Pandavas, while the Panchalas press on, and another round of combat begins."
B06C073,B06,Bhishma Parva,73,73,LXXIII,10340,10456,2,1034,"Several duels reach their peak in this chapter. Arjuna and Aswatthaman trade shots until Arjuna spares him out of respect, Bhima and Duryodhana wound each other, and Abhimanyu breaks through the Kaurava princes until Kripa carries Lakshmana away. The chapter ends with Bhishma slaughtering the Pandava troops and the field littered with bodies."
B06C074,B06,Bhishma Parva,74,74,LXXIV,10458,10560,2,854,"Satyaki's duel with Bhurisravas grows into a fight between the two heroes, with Satyaki's sons attacking Bhurisravas and being killed one after another. Satyaki and Bhurisravas then continue on foot until Bhima and Duryodhana carry them off in their chariots. Meanwhile Arjuna destroys many Kaurava chariots, and at twilight Bhishma withdraws the army for the night."
B06C075,B06,Bhishma Parva,75,75,LXXV,10562,10666,3,836,"On the next morning both sides form their battle arrays, with Yudhishthira's Makara formation opposing Bhishma's crane formation. The armies clash across the whole field, and Drona wounds Bhima and kills his charioteer. Drona and Bhishma then drive back the Pandava troops, and the battle turns into a confused fight in which both sides suffer heavily."
B06C076,B06,Bhishma Parva,76,76,LXXVI,10668,10745,1,619,"Dhritarashtra praises his army for its discipline, skill, loyalty and the many great warriors who lead it, comparing it to a vast ocean. He still attributes its slaughter to fate, says that Vidura had warned against this war, and admits that Duryodhana would not listen. The chapter shows him looking back in regret and blaming destiny."
B06C077,B06,Bhishma Parva,77,77,LXXVII,10747,10946,3,1997,"Sanjaya tells Dhritarashtra that the disaster is his own doing for allowing the dice match and the war, and then reports the battle. Bhima breaks into the Kaurava host and fights off Duryodhana's brothers, and Dhrishtadyumna rescues him after his charioteer Visoka leads him to the spot. Drona then routs the Pandavas, and the chapter ends with the Kaurava warriors cheering his success."
B06C078,B06,Bhishma Parva,78,78,LXXVIII,10948,11004,1,373,"Duryodhana recovers and returns to fight Bhima, but Bhima wounds him and his brothers. Yudhishthira then sends Abhimanyu and eleven other warriors after Bhima, and Dhritarashtra's sons retreat. The chapter shows the Pandavas taking control of this part of the battle."
B06C079,B06,Bhishma Parva,79,79,LXXIX,11006,11074,2,479,"Abhimanyu and Bhima press into the Kaurava ranks in the afternoon, and Abhimanyu strikes down Vikarna's horses. Other Kaurava and Pandava warriors fight in close combat, while Bhishma and Arjuna make the field a sea of blood and corpses. The chapter ends with Sanjaya describing the fearlessness of both armies."
B06C080,B06,Bhishma Parva,80,80,LXXX,11076,11228,1,1496,"At sunset Bhima confronts Duryodhana, vows to kill him to avenge the Pandavas' past humiliations, and shoots down his bow, horses, umbrella and standard. Kripa and Jayadratha rescue Duryodhana, and Abhimanyu and the Kaurava princes fight in a long series of duels. Bhishma then routs the Panchalas, and Yudhishthira embraces Bhima and Dhrishtadyumna at the end of the day."
B06C081,B06,Bhishma Parva,81,81,LXXXI,11230,11309,1,648,"The warriors on both sides rest, bandage their wounds and praise each other's feats. Duryodhana asks Bhishma for help, and Bhishma promises to fight to the end, admitting the Pandava allies are very strong. Duryodhana's army then marches out again, bright with banners and dust, looking like clouds at the end of an age."
B06C082,B06,Bhishma Parva,82,82,LXXXII,11311,11428,1,1094,"Bhishma lists the great kings and forces on the Kaurava side and says they could defeat the gods, while admitting the Pandavas have Krishna. He heals Duryodhana's wounds with an herb and arranges the army in a Mandala formation, while Yudhishthira answers with a Vajra array. Arjuna and Krishna charge the enemy kings, and Arjuna uses the Aindra weapon to beat back their volleys until Bhishma steps in to rescue the fleeing kings."
B06C083,B06,Bhishma Parva,83,83,LXXXIII,11430,11604,5,1586,"Duryodhana gathers the kings to protect Bhishma, who charges toward Arjuna, and a series of duels follows. Drona kills Virata's son and steeds, Aswatthaman fights Sikhandin, Satyaki turns back Alamvusha with the Aindra weapon, and Kritavarman is beaten by Bhima. The chapter shows the Kaurava side holding its ground while many of its warriors are wounded."
B06C084,B06,Bhishma Parva,84,84,LXXXIV,11606,11767,5,1430,"Dhritarashtra complains that Sanjaya always describes the Pandavas as cheerful and unbeaten, and Sanjaya answers that his side's valour is undone by the Pandavas and that the disaster is the king's own doing. The chapter then reports a series of clashes: the Avanti brothers against Iravat, Ghatotkacha against Bhagadatta, and Sahadeva and Nakula against their uncle Salya."
B06C085,B06,Bhishma Parva,85,85,LXXXV,11769,11909,3,1261,"At midday Yudhishthira fights Srutayush and defeats him, and Kripa and Gautama fight Chekitana in a duel that leaves several warriors unconscious. Dhrishtaketu, Bhurisravas and Abhimanyu clash, and Arjuna charges Susarman and his allies, turning the field into a bloody confusion. The chapter ends with Arjuna taking on the kings who guard Bhishma."
B06C086,B06,Bhishma Parva,86,86,LXXXVI,11911,12045,1,1286,"Arjuna cuts down the bows and warriors of the Trigarta kings and others who try to block his path to Bhishma. Yudhishthira scolds Sikhandin for not keeping his vow to kill Bhishma, and Sikhandin takes up the fight again. Bhishma then defeats Yudhishthira, and the battle ends with Bhima and Chitrasena in a fierce struggle."
B06C087,B06,Bhishma Parva,87,87,LXXXVII,12047,12203,2,1342,"Bhishma overwhelms Yudhishthira and then fights his way through the Pandava allies, but Bhishma passes Sikhandin by. The battle spreads across the field and then stops with the coming of dusk. Each army retires to its tents, where the fighters are tended and rest in the quiet of night."
B06C088,B06,Bhishma Parva,88,88,LXXXVIII,12205,12308,1,921,"At dawn both armies move out, and the Kaurava line is formed with Bhishma in front and Drona, Bhagadatta and Duryodhana behind. Yudhishthira answers with the Sringataka array, and then the armies clash in a fierce general battle. Bhishma charges into the Pandava ranks, and the Pandava warriors rush at him."
B06C089,B06,Bhishma Parva,89,89,LXXXIX,12310,12423,2,1000,"Bhima kills Bhishma's charioteer and then a group of Duryodhana's brothers, and Duryodhana, in grief, goes to Bhishma and accuses him of standing aside. Bhishma replies that he and Drona will not survive this battle, and that Bhima will kill whomever he targets, and urges Duryodhana to fight on. The chapter shows the Kaurava side losing heavily and the words of Vidura being recalled too late."
B06C090,B06,Bhishma Parva,90,90,XC,12425,12532,2,941,"Dhritarashtra asks Sanjaya how his sons can keep being killed by one man, and Sanjaya answers that the king's refusal to listen to Vidura has brought this ruin. He then describes the midday battle, in which the Pandavas divide into three groups and attack Bhishma, Drona and the Kaurava ranks, and Bhima wrecks the Kaurava elephants. The field is left strewn with dead elephants, horses and men."
B06C091,B06,Bhishma Parva,91,91,XCI,12534,12757,2,2310,"Sakuni and Kritavarma lead Kaurava forces against the Pandavas, and Arjuna's son Iravat, born of a Naga princess, arrives with a large body of horses. Iravat fights off the six sons of Suvala and kills them, but Duryodhana sends the Rakshasa Alamvusha against him, and Alamvusha kills Iravat through illusion and deceit. Both armies then suffer heavy losses, and Drona and Bhishma are feared on the field."
B06C092,B06,Bhishma Parva,92,92,XCII,12759,12849,2,750,"After Iravat's death, Ghatotkacha roars in fury and attacks the Kaurava army with a band of Rakshasas. Duryodhana fights back, and Ghatotkacha tells him his wrongs against the Pandavas and Draupadi and vows to take revenge. The chapter opens the next phase of the battle between the two heroes."
B06C093,B06,Bhishma Parva,93,93,XCIII,12851,12961,1,1009,"Ghatotkacha hurls a huge dart that kills Bhagadatta's elephant, and Bhagadatta falls to the ground. Bhishma sends many Kaurava warriors to rescue Duryodhana, and Ghatotkacha defeats them one by one, wounding many of them, including Salya and Bhurisravas, while the Kaurava line is left in danger."
B06C094,B06,Bhishma Parva,94,94,XCIV,12963,13083,1,1107,"Ghatotkacha rises into the sky after many Kaurava warriors surround him, and his roars echo across the field. Yudhishthira sends Bhima and a large body of warriors to rescue him, and the two sides clash in a bloody melee where even fathers and sons do not recognize one another. The chapter ends with the Kaurava army being driven back in confusion."
B06C095,B06,Bhishma Parva,95,95,XCV,13085,13212,1,1197,"Duryodhana wounds Bhima, who then fights on foot against Duryodhana and Aswatthaman until Drona's warriors rush in. Drona faints from his wounds, and Nila, Ghatotkacha and Aswatthaman clash in turn. Ghatotkacha finally uses an illusion that convinces the Kaurava army it is being destroyed, and the Kauravas flee to their camp at sunset while the Pandavas celebrate."
B06C096,B06,Bhishma Parva,96,96,XCVI,13214,13410,1,2008,"Duryodhana complains to Bhishma that Ghatotkacha has beaten his army and asks to be allowed to kill the Rakshasa himself. Bhishma tells him to fight the Pandava leaders instead and sends Bhagadatta against Ghatotkacha, whose elephant fights a fierce battle with the Pandava warriors. Bhagadatta wounds Bhima and breaks his chariot, Arjuna arrives to fight, and Bhima later tells Krishna and Arjuna how Iravat was killed."
B06C097,B06,Bhishma Parva,97,97,XCVII,13412,13597,2,1852,"Arjuna grieves over Iravat's death and says the war for wealth is a shameful slaughter of kinsmen, but he fights on out of duty. In the afternoon Bhima cuts down many of Dhritarashtra's sons, Drona fights him, and the Pandava and Kaurava warriors clash across the field in brutal close combat. The chapter ends with a long description of the field strewn with corpses and both armies withdrawing for the night."
B06C098,B06,Bhishma Parva,98,98,XCVIII,13599,13707,1,1025,"Duryodhana, Sakuni, Dussasana and Karna plan how to defeat the Pandavas, and Karna advises that Bhishma should lay down his weapons so that Karna can fight. Duryodhana then goes to Bhishma's tent with a grand retinue and urges the old commander either to kill the Pandavas or to let Karna take over. Bhishma says nothing in reply, and the chapter sets up the quarrel that follows."
B06C099,B06,Bhishma Parva,99,99,XCIX,13709,13846,3,1298,"Bhishma is hurt by Duryodhana's taunts but answers calmly, listing the Pandava feats that show their invincibility and saying Krishna protects them. He vows to kill the Somakas and Panchalas but will spare Sikhandin, who was born a woman. Duryodhana then orders his army to surround Bhishma and places him in the front of the battle, while Arjuna arranges for Sikhandin to stand before Bhishma."
B06C100,B06,Bhishma Parva,100,100,C,13848,13942,3,721,"Bhishma forms the Sarvatobhadra array, with Duryodhana in the middle and key commanders on each wing and in the rear. Yudhishthira answers with a Pandava array led by Bhima and the twins, with Sikhandin, Arjuna and Ghatotkacha in the middle. The two sides advance with trumpets and drums, and ominous signs such as falling meteors, jackals and dust heighten the sense of doom."
B06C101,B06,Bhishma Parva,101,101,CI,13944,14074,1,1283,"Abhimanyu charges into Duryodhana's army and routs many warriors, so that Duryodhana asks Alamvusha to stop him. Alamvusha first attacks Draupadi's five sons, kills their steeds and charioteers, and then fights Abhimanyu in a battle that is compared to a clash between Vritra and Vasava."
B06C102,B06,Bhishma Parva,102,102,CII,14076,14221,2,1366,"Dhritarashtra asks Sanjaya for a full account of Abhimanyu's duel with Alamvusha and of the other Pandava warriors. Sanjaya describes the duel in which Abhimanyu defeats Alamvusha's illusions with a solar weapon, and then Bhishma and the Kaurava army try to stop Abhimanyu, Arjuna comes to his son's aid, and Drona fights Arjuna."
B06C103,B06,Bhishma Parva,103,103,CIII,14223,14327,2,918,"Dhritarashtra asks how Drona and Arjuna, who respect each other, came to fight, and Sanjaya explains that they fight without regard for kinship because a Kshatriya's duty requires it. The chapter follows Arjuna's battle with the Trigartas and Drona, including the clash of the Vayavya and Saila weapons, and then Bhima's rampage among the Kaurava elephants."
B06C104,B06,Bhishma Parva,104,104,CIV,14329,14452,1,1156,"At midday Bhishma fights a fierce battle against Dhrishtadyumna, Virata, Drupada and Sikhandin, and he will not strike Sikhandin, who he regards as a woman. The general battle turns into a grim scene of chariots dragged across the field and a river of blood, and Duryodhana urges his commanders to fight without boasting. Sanjaya blames the war on Duryodhana's refusal to heed his advisers."
B06C105,B06,Bhishma Parva,105,105,CV,14454,14566,2,875,"Arjuna routs Susarman's forces and the Kaurava army falls back, but Duryodhana and Bhishma attack Arjuna. The Pandavas surround Bhishma to protect him, and many duels follow, with Satyaki and Bhishma exchanging darts. The battle resumes with both sides fighting fiercely as the chapter closes."
B06C106,B06,Bhishma Parva,106,106,CVI,14568,14659,1,796,"Duryodhana orders Dussasana to protect Bhishma, who is surrounded by the Pandavas, and sends Sakuni and his horsemen against Yudhishthira and the twins. The Pandavas cut down the Kaurava cavalry, and Duryodhana then sends Salya against Yudhishthira. Bhima rushes to his brother's side as the sun sinks."
B06C107,B06,Bhishma Parva,107,107,CVII,14661,14864,2,2113,"Bhishma destroys the Pandava army in a relentless attack, and his followers and foes are cut down until the Pandavas break into flight. Arjuna, urged by Krishna to fight, charges Bhishma, and the two exchange shots until Krishna leaps from the chariot and rushes at Bhishma with a whip. Arjuna clings to Krishna and begs him to stop, Krishna returns to the chariot, and Bhishma's attacks drive the Pandavas back until nightfall."
B06C108,B06,Bhishma Parva,108,108,CVIII,14866,15149,9,2912,"At nightfall Yudhishthira, despairing of defeating Bhishma, proposes to give up the fight, and Krishna offers to fight in his place. The Pandavas decide instead to go to Bhishma and ask how he can be beaten, and Bhishma explains that he will not fight someone who lays down weapons or a woman, so Arjuna must fight with Sikhandin before him. Arjuna is torn about killing his grandfather, but Krishna insists that the duty of a warrior requires it."
B06C109,B06,Bhishma Parva,109,109,CIX,15151,15306,5,1394,"Dhritarashtra asks how Sikhandin and Bhishma met in battle, and Sanjaya describes the battle array on each side and the Pandava assault on Bhishma. On the tenth day Bhishma routs the Pandava warriors and breaks Sikhandin's division, then refuses to strike Sikhandin, who taunts him and wounds him. Arjuna urges Sikhandin to fight on and promises to hold back the Kaurava warriors."
B06C110,B06,Bhishma Parva,110,110,CX,15308,15419,3,952,"Dhritarashtra asks how Sikhandin attacked Bhishma on the tenth day, and Sanjaya describes Bhishma destroying the Pandava forces. Arjuna then sweeps in, and Duryodhana, terrified, begs Bhishma for protection. Bhishma, reminding Duryodhana of his vow, vows to slay the Pandavas or die, and he wipes out vast numbers of their troops that day."
B06C111,B06,Bhishma Parva,111,111,CXI,15421,15536,1,1060,"Arjuna urges Sikhandin to attack Bhishma, and the Pandava commanders rush to Bhishma's car while the Kaurava warriors go out to meet them. Dussasana blocks Arjuna, and the two fight a fierce duel in which Arjuna wounds Dussasana and then Duryodhana, who withdraws to Bhishma's car."
B06C112,B06,Bhishma Parva,112,112,CXII,15538,15678,1,1364,"The fighting around Bhishma spreads into many pairs of duels, including Satyaki against Alamvusha and Bhagadatta, and Kripa against Sahadeva. Kaurava warriors gather to kill Satyaki, while the Pandava and Kaurava princes all fight for control of Bhishma's position. The chapter describes the widespread clash of heroes that ends in Bhurisravas facing Bhima."
B06C113,B06,Bhishma Parva,113,113,CXIII,15680,15787,1,998,"Drona, watching omens of disaster in the sky and among the animals, tells his son Aswatthaman that Arjuna will attack Bhishma that day. He says Sikhandin is an ill omen, but Bhishma will not strike him, and he sends his son against Sikhandin and Bhima while he himself goes to meet Yudhishthira's forces. The chapter ends with Drona's orders for the day."
B06C114,B06,Bhishma Parva,114,114,CXIV,15789,15917,1,1241,"Ten Kaurava warriors, led by Salya, Kripa, Bhagadatta and Jayadratha, attack Bhima together on Drona's orders. Bhima holds them off, wounds each of them, and cuts down their weapons, but he is wounded in turn. Arjuna then comes to help his brother, and Duryodhana sends Susarman with a large force to kill both Arjuna and Bhima."
B06C115,B06,Bhishma Parva,115,115,CXV,15919,16030,1,1019,"Arjuna and Bhima fight Susarman's forces and the Kaurava kings in a fierce battle that leaves many chariots, horses and elephants destroyed. Drona and the Magadha king join the fight against the brothers, and the battle turns general. Bhishma and Duryodhana advance on the Pandavas, Sikhandin rushes at Bhishma, and Dhrishtadyumna orders the Pandavas to attack him as the battle for Bhishma's fate begins."
B06C116,B06,Bhishma Parva,116,116,CXVI,16032,16145,2,1015,"Dhritarashtra asks how Bhishma fought on the tenth day, and Sanjaya describes Bhishma's grief at the slaughter he has caused. Bhishma tells Yudhishthira that he no longer wishes to live and asks to be slain with Arjuna and Sikhandin leading the attack. The Pandavas take up the challenge, and both armies clash in a general battle that Sanjaya compares to a fight between hawks over meat."
B06C117,B06,Bhishma Parva,117,117,CXVII,16147,16356,6,1915,"The duels around Bhishma continue. Abhimanyu fights Duryodhana, Aswatthaman fights Satyaki, and Paurava and Dhrishtaketu fight to the point of falling together, while Bhima crushes the elephant division and Drona and Dhrishtadyumna trade heavy blows. Arjuna then pushes through the Kaurava warriors toward Bhishma, and Bhishma's arrows drive back the Pandava forces."
B06C118,B06,Bhishma Parva,118,118,CXVIII,16358,16511,2,1429,"Sikhandin attacks Bhishma with many arrows, but Bhishma will not strike him out of respect for his former sex. Arjuna urges Sikhandin on, and Dussasana holds back the Pandava warriors so that Bhishma is protected. The Kaurava army rallies and Arjuna scatters the Kaurava allies, defeats several leaders, and turns to Bhishma again until the armies are thrown into confusion."
B06C119,B06,Bhishma Parva,119,119,CXIX,16513,16649,3,1205,"The battle breaks into a chaotic melee in which the fighters no longer keep to their own kinds. Bhishma cuts down thousands of Pandava warriors, and Dhrishtadyumna urges the Somakas to attack him. Krishna then tells Arjuna to block Bhishma, and Arjuna and Sikhandin press their attack on the grandsire, who refuses to strike Sikhandin."
B06C120,B06,Bhishma Parva,120,120,CXX,16651,16941,3,2991,"The Pandavas and Srinjayas gang up on Bhishma, and Arjuna and Sikhandin cut down his bows, but Bhishma keeps fighting. Bhishma concludes that he will die, and when he falls from his chariot at sunset he decides to wait on his bed of arrows until the sun turns north. The Kauravas despair, the Pandavas rejoice, and Bhishma waits in meditation."
B06C121,B06,Bhishma Parva,121,121,CXXI,16943,17047,2,929,"Dhritarashtra laments that Bhishma has fallen, especially to Sikhandin, and asks what followed. Sanjaya describes the grief of the Kauravas, the news that reaches Drona, and the halt in the fighting as both armies come to Bhishma's bedside. Bhishma greets them and asks for a pillow, then rejects the soft cushions the kings bring and asks Arjuna for a proper one."
B06C122,B06,Bhishma Parva,122,122,CXXII,17049,17153,3,852,"Arjuna supports Bhishma's head with three arrows, and Bhishma praises him and says he will wait on his bed of arrows until the sun turns north before dying. He refuses the physicians, and the kings from both sides gather around him before returning to their tents for the night. Krishna then praises Yudhishthira for the victory, and Yudhishthira credits Krishna's protection."
B06C123,B06,Bhishma Parva,123,123,CXXIII,17155,17303,2,1458,"The next morning the kings of both sides gather around Bhishma and bring him water, but he refuses ordinary drink. Arjuna makes a spring of cool water rise from the earth with a special arrow, and Bhishma praises him and urges Duryodhana to make peace before the bloodshed continues. Duryodhana refuses, and Bhishma turns to yoga while still in pain."
B06C124,B06,Bhishma Parva,124,124,CXXIV,17305,24587,501,15845,"Karna hears of Bhishma's fall and visits him on his bed of arrows. Bhishma embraces him, reveals that he is Kunti's son, and urges peace with the Pandavas, but Karna refuses to abandon Duryodhana and asks forgiveness for his past harsh words. Bhishma gives him leave to fight, Karna rides off, and the chapter closes the Bhishma Parva. The rest of the chapter is the translator's footnotes, mainly on variant readings and the sense of Gita verses."
B07C001,B07,Drona Parva,1,1,I,1073,1237,8,1360,"Janamejaya asks what Dhritarashtra did after Bhishma fell, and Sanjaya begins his account. The Kaurava army is left without a leader and falls into despair, so the kings call for Karna to take charge. Dhritarashtra doubts that Karna can fill the gap Bhishma leaves and bring his sons victory."
B07C002,B07,Drona Parva,2,2,II,1239,1398,4,1480,"Karna hears that Bhishma has fallen and hurries to the field to rescue the Kaurava army. He mourns Bhishma, declares that he will fight the Pandavas himself, and orders his armour, chariot and weapons made ready. The chapter ends with him riding out to battle in splendour."
B07C003,B07,Drona Parva,3,3,III,1400,1483,1,721,"Sanjaya describes Bhishma lying on his bed of arrows, the hope of the Kauravas gone. Karna dismounts in grief and approaches him on foot. He mourns the old warrior and vows to fight the Pandavas, Arjuna above all."
B07C004,B07,Drona Parva,4,4,IV,1485,1551,2,457,"Bhishma, still lying on his bed of arrows, blesses Karna and tells him to lead the Kaurava army against the Pandavas. Karna takes his leave and returns to the Kaurava warriors. The Kauravas greet him with loud shouts, and Karna takes his place at the head of the army."
B07C005,B07,Drona Parva,5,5,V,1553,1634,4,593,"Duryodhana, pleased to see Karna ready on his chariot, says the army now seems to have a proper leader. He asks Karna whom to name as commander after Bhishma, since an army cannot hold together without one. Karna answers that Drona, their teacher in arms, should lead, because the other warriors would follow him."
B07C006,B07,Drona Parva,6,6,VI,1636,1698,3,347,"Duryodhana turns to Drona, who is standing among the troops, and asks him to lead the army. He praises Drona's birth, learning, prowess and self-control, and compares him to the greatest gods and figures. The Kaurava kings cheer the choice, and Drona prepares to reply."
B07C007,B07,Drona Parva,7,7,VII,1700,1866,5,1373,"Drona agrees to lead, though he says he cannot kill Dhrishtadyumna, who was born to slay him. He is installed as commander with rites, and the army takes its formation, with Karna at the head of the bowmen. Both armies array for battle, omens of disaster appear, and the fighting begins with Drona driving into the Pandava ranks."
B07C008,B07,Drona Parva,8,8,VIII,1868,1974,1,989,"Yudhishthira orders his men to surround Drona, but Drona keeps cutting down warriors across the field. Sanjaya then reports that Dhrishtadyumna has at last slain Drona, a death that brings an uproar from creatures and the gods. The Pandavas celebrate their victory with loud shouts."
B07C009,B07,Drona Parva,9,9,IX,1976,2104,1,1306,"Dhritarashtra cannot accept that Drona, the greatest master of arms, has been killed. He asks how it happened: whether his chariot or bow broke, whether he was unarmed, and who failed to guard him. He calls the news unbearable and breaks off his questions for a while to recover himself."
B07C010,B07,Drona Parva,10,10,X,2106,2307,2,2073,"Dhritarashtra faints on hearing of Drona's death, and his attendants and the royal ladies revive him. Once he regains his senses, he asks Sanjaya to describe the battle again. He then asks, hero by hero, which Kaurava warriors stood against each Pandava ally rushing at Drona, and he ends by calling on Krishna to restore his firmness."
B07C011,B07,Drona Parva,11,11,XI,2309,2440,1,1266,"Dhritarashtra recounts Krishna's feats from boyhood onward, including his victories over demons and kings, and concludes that the Kurus cannot win if Krishna and Arjuna fight together. He blames himself for the ruin of his family, now that Bhishma and Drona are dead. He asks Sanjaya to tell him everything about the battle."
B07C012,B07,Drona Parva,12,12,XII,2442,2543,3,823,"Sanjaya begins the account of Drona's fall. Once made commander, Drona offers Duryodhana a boon, and Duryodhana asks him to take Yudhishthira alive. Drona is puzzled, but agrees on the condition that Arjuna is drawn away from the field, and Duryodhana then proclaims the promise to the whole army."
B07C013,B07,Drona Parva,13,13,XIII,2545,2636,3,728,"Yudhishthira learns through spies of Drona's pledge to take him, and he asks Arjuna to stay close and protect him. Arjuna vows that Yudhishthira will not be taken, though he will not harm his teacher, and says he has never broken a promise. The two armies join battle, and Drona breaks through the Pandava ranks toward Dhrishtadyumna's division."
B07C014,B07,Drona Parva,14,14,XIV,2638,2865,2,2333,"Drona tears through the Pandava ranks with such fury that Sanjaya compares the carnage to a vast river of blood and corpses. The Pandava champions then rush at him, and many single combats break out across the field. Abhimanyu duels with Paurava, Jayadratha and Salya, and after he hurls back Salya's dart, the Kauravas surround him."
B07C015,B07,Drona Parva,15,15,XV,2867,2970,2,894,"Dhritarashtra admits he envies those who can see such fights, but says he is not satisfied by the account and asks about Salya's combat with Abhimanyu. Sanjaya reports that Bhima, not Abhimanyu, takes up the fight with Salya, and the two strike each other with maces until both fall. Kritavarman carries Salya from the field, and the Kaurava army flees before the Pandavas."
B07C016,B07,Drona Parva,16,16,XVI,2972,3115,1,1365,"Vrishasena, son of Karna, holds back the Pandava attack single-handed, until the Pandava princes and then Drona's son and others join the fight. Drona then charges Yudhishthira and kills his protectors, while the Pandava warriors cry out that the king is slain. Arjuna arrives with a devastating rush, and as darkness falls both sides withdraw from the field."
B07C017,B07,Drona Parva,17,17,XVII,3117,3264,5,1300,"Drona tells Duryodhana that Arjuna must be lured away from Yudhishthira before Yudhishthira can be seized. The Trigarta brothers and their allies swear a fire-oath to draw Arjuna off and kill him or die trying, and Arjuna accepts their challenge. Yudhishthira blesses him and names Satyajit as his protector, and Arjuna rides out against the Trigartas, leaving both armies to clash."
B07C018,B07,Drona Parva,18,18,XVIII,3266,3349,1,704,"The Samsaptakas, the band of warriors sworn to kill Arjuna, form up in a half-moon and meet him in the field. Arjuna blows his conch, and the enemy is stunned with fear, but they recover and pour arrows on him. After he kills Sudhanwan, his followers flee, until the Trigarta king rallies them and they return to face Arjuna."
B07C019,B07,Drona Parva,19,19,XIX,3351,3460,1,1001,"Arjuna drives back into the Samsaptakas with Krishna at the reins. They bury him and Krishna in arrows, so he uses a weapon that creates thousands of images of himself and Krishna, and the troops in confusion kill each other. Krishna, worn out, calls to Arjuna, who then clears the sky with a wind weapon and slaughters the Samsaptakas. While this goes on, Drona attacks Yudhishthira."
B07C020,B07,Drona Parva,20,20,XX,3462,3631,3,1614,"After Arjuna has gone off after the Samsaptakas, Drona forms the Kaurava army in the shape of a Garuda and marches to seize Yudhishthira. Yudhishthira answers with a counter-formation and asks Dhrishtadyumna to keep Drona from him. Dhrishtadyumna vows to hold Drona back, but Durmukha engages him, and the battle becomes a chaotic slaughter of men and elephants as Drona presses on toward Yudhishthira."
B07C021,B07,Drona Parva,21,21,XXI,3633,3800,2,1605,"Satyajit, the Panchala prince, fights Drona fiercely, but Drona destroys his bows, horses and charioteer and at last beheads him. Yudhishthira flees, and Satanika, a Matsya prince, is also beheaded by Drona. Drona then sweeps through the Pandava ranks, and many Pandava warriors close in on him in turn, all falling before him as Drona routs the Panchalas and Matsyas."
B07C022,B07,Drona Parva,22,22,XXII,3802,3910,5,798,"Dhritarashtra asks whether anyone dared to stand against Drona once the Pandavas were broken. Sanjaya reports that the Kauravas pressed their advantage, and Duryodhana gloated to Karna that the enemy was finished. Karna warns that the Pandavas will not give up, and that Bhima and the others are returning to surround Drona. Duryodhana then rides to Drona's car, and the Pandava warriors come back, all bent on killing him."
B07C023,B07,Drona Parva,23,23,XXIII,3912,4259,5,3454,"Dhritarashtra asks Sanjaya to name the warriors who rushed at Drona under Bhima, and by what marks they are known. Sanjaya gives a long roll-call of the Pandava allies, their horses, standards and bows, and describes the great host that advanced. He then reports the many single combats that broke out across the field, a battle that Sanjaya says had never been seen before."
B07C024,B07,Drona Parva,24,24,XXIV,4261,4437,3,1701,"Dhritarashtra asks how Arjuna fought the Samsaptakas and what the Kaurava warriors did in the meantime. Sanjaya describes Bhima routing Duryodhana's elephant division and killing the Anga king. Bhima then faces Bhagadatta's elephant Supratika, escapes it by getting under its belly, and the rumour spreads that he is dead. Bhagadatta's elephant then rampages through the Pandava ranks."
B07C025,B07,Drona Parva,25,25,XXV,4439,4530,1,782,"Sanjaya turns to Arjuna's deeds. Seeing Bhagadatta's rampage, Arjuna asks Krishna to drive toward him, but the Samsaptakas return to challenge Arjuna, and he is torn between the two. He decides to destroy the Samsaptakas first, which is what Duryodhana and Karna had hoped for, and he wipes them out with the Brahma weapon. Krishna praises him, and Arjuna then tells Krishna to go on to Bhagadatta."
B07C026,B07,Drona Parva,26,26,XXVI,4532,4618,1,745,"Arjuna turns aside to fight Susharman, defeats him and his brothers, and then sweeps through the Kaurava host. He meets Bhagadatta on his elephant, and Krishna steers the car so that the elephant is on his left. Arjuna holds back from striking the rider from behind, keeping to the rules of fair fight, while the elephant kills many other warriors."
B07C027,B07,Drona Parva,27,27,XXVII,4620,4742,2,1155,"Dhritarashtra asks how Arjuna and Bhagadatta fought to the end. Sanjaya describes Arjuna cutting down Bhagadatta's weapons and armour and striking the elephant. When Bhagadatta's Vaishnava weapon lands on Krishna's chest and turns into a garland, Arjuna complains that Krishna had promised only to drive. Krishna explains the weapon's history and why he let it strike, and Arjuna then kills the elephant and Bhagadatta, whose death breaks the Kaurava warriors."
B07C028,B07,Drona Parva,28,28,XXVIII,4744,4858,2,998,"After killing Bhagadatta, Arjuna fights the Gandhara brothers Vrishaka and Achala, Sakuni's brothers, and kills them with a single arrow. Sakuni then conjures illusions against Arjuna, which Arjuna destroys one by one until Sakuni flees. Arjuna's arrows split the Kaurava host, and the field becomes a scene of carnage in which men abandon their own kin in panic."
B07C029,B07,Drona Parva,29,29,XXIX,4860,4960,3,790,"Dhritarashtra asks how his men felt after the rout and how they rallied. Sanjaya says that the Kuru champions still followed Drona and seized an opening against Bhima's side, while the two armies fought furiously over Drona's life. Dhrishtadyumna finally checks Drona. Nila then attacks the Kaurava ranks, but Drona's son Ashvatthama kills him, and the Pandavas fear that Arjuna is too far away to help."
B07C030,B07,Drona Parva,30,30,XXX,4962,5168,1,2140,"Bhima, unable to bear the slaughter of his army, attacks Valhika and Karna, and Drona wounds him in return. The Pandavas gather around Bhima and press in on Drona's car, while Arjuna, having destroyed the Samsaptakas, storms in and scorches the Kauravas. Karna meets Arjuna with the fire weapon, and when Satyaki and others attack him, Duryodhana and Drona rescue him. At sunset both armies withdraw, bloodied and worn."
B07C031,B07,Drona Parva,31,31,XXXI,5170,5283,6,820,"The Kauravas retire humiliated, and Duryodhana rebukes Drona for letting Yudhishthira escape. Drona promises to form an impenetrable circular array and asks that Arjuna be drawn away, and the Samsaptakas lure him off. Abhimanyu breaks into the array, but he is overwhelmed by six warriors and finally killed by Duhsasana's son. Dhritarashtra grieves for the boy and asks how so many warriors could kill him."
B07C032,B07,Drona Parva,32,32,XXXII,5285,5374,4,622,"Sanjaya lavishes praise on the Pandavas, Krishna and especially on Abhimanyu, who seemed to combine the best qualities of them all. Dhritarashtra asks for a detailed account of the boy's death, and Sanjaya asks him to bear his grief. He then describes the great circular array Drona formed, with Duryodhana in its midst, Lakshmana leading ten thousand warriors and Jayadratha, Sakuni and Salya on its flanks, and the battle begins."
B07C033,B07,Drona Parva,33,33,XXXIII,5376,5487,7,734,"The Pandava host, led by Bhima, attacks Drona's array, but Drona holds them back with a storm of arrows. Yudhishthira, unable to break the array, asks Abhimanyu to break in and open a passage, and Abhimanyu accepts, promising that the others will follow. Yudhishthira blesses him, and Abhimanyu orders his charioteer to drive into Drona's army."
B07C034,B07,Drona Parva,34,34,XXXIV,5489,5629,2,1341,"Sumitra, Abhimanyu's charioteer, warns him that Drona is a master of arms and that Abhimanyu, pampered by luxury, is untested in battle. Abhimanyu laughs off the warning and drives on, breaking into the circular array while the Kauravas close in. He kills warrior after warrior, along with their elephants, steeds and cars, until the Kaurava army loses heart and flees, abandoning its wounded."
B07C035,B07,Drona Parva,35,35,XXXV,5631,5738,1,960,"Duryodhana, enraged by the rout, turns on Abhimanyu, and Drona orders his warriors to rescue the king. Drona, Karna, Kripa, Salya and many others close in on Abhimanyu, who fights them all off. He kills the ruler of the Asmakas, wounds Karna, and drives Salya from his chariot in a faint, and then the Kaurava army runs. The gods and other beings praise him for his prowess."
B07C036,B07,Drona Parva,36,36,XXXVI,5740,5826,4,588,"Dhritarashtra asks which warriors tried to check Abhimanyu as he broke the Kaurava chariot ranks, and Sanjaya begins with Abhimanyu's exploits. Salya's younger brother rushes at him and is killed with his charioteer and car. His followers come next, and Abhimanyu fights them first gently and then with great ferocity, until the Kaurava chariots turn and flee."
B07C037,B07,Drona Parva,37,37,XXXVII,5828,5927,2,861,"Dhritarashtra, torn between shame and pride at his son's army being held off by one youth, asks Sanjaya for the full story again. Sanjaya tells how Abhimanyu strikes down many of the Kaurava chiefs. Drona praises Abhimanyu to Kripa, and Duryodhana sneers that Drona is shielding his pupil's son, then orders an attack. Duhsasana vows to kill Abhimanyu himself and goes in against him."
B07C038,B07,Drona Parva,38,38,XXXVIII,5929,6034,1,953,"Abhimanyu taunts Duhsasana for his harsh speech, his part in the dice game, and his cruelty, and he swears to repay the wrongs done to his family. He wounds Duhsasana, who faints and is carried away, and the Pandavas cheer. Karna then comes forward and rains arrows on Abhimanyu, but Abhimanyu brings down his umbrella, standard, charioteer and steeds, and then breaks his bow."
B07C039,B07,Drona Parva,39,39,XXXIX,6036,6117,1,678,"Karna's younger brother rushes in and is slain by Abhimanyu with a single arrow. Karna, shaken, flees the field, and Abhimanyu sweeps through the Kaurava army, leaving only Jayadratha standing in the midst of it. The field becomes impassable with bodies, and Sanjaya says Abhimanyu blazed like the noonday sun among the enemy."
B07C040,B07,Drona Parva,40,40,XL,6119,6210,4,636,"Dhritarashtra asks whether any great Pandava warriors followed Abhimanyu into the Kaurava host. Sanjaya says Yudhishthira, Bhima and the other leaders rushed in, but Jayadratha rallied the fleeing Kauravas and held the Pandavas back. Dhritarashtra asks what made Jayadratha so strong, and Sanjaya tells how, after Bhima humbled him for insulting Draupadi, he won a boon from Mahadeva (Shiva) that let him hold off the Pandavas."
B07C041,B07,Drona Parva,41,41,XLI,6212,6280,1,516,"Sanjaya describes Jayadratha's splendid chariot and his attacks on Satyaki, Bhima, Drupada, Yudhishthira and the other Pandava leaders. Yudhishthira cuts his bow, but Jayadratha quickly takes another and fells Bhima's bow and standard, forcing Bhima to leap onto Satyaki's car. No Pandava can get past him, and he closes the gap Abhimanyu had opened, thanks to Mahadeva's boon."
B07C042,B07,Drona Parva,42,42,XLII,6282,6355,1,562,"Abhimanyu cuts into the Kaurava ranks, disabling Vrishasena's chariot and killing the warrior Vasatiya. Many Kshatriyas then surround him, but he cuts down their bows, arms and heads until the field is strewn with bodies. He moves so fast that he seems almost invisible, blazing like the sun among the enemy."
B07C043,B07,Drona Parva,43,43,XLIII,6357,6448,1,781,"Abhimanyu seizes Satyasravas, and a crowd of warriors rushes at him. Rukmaratha, the son of Salya, vows to take him alive, but he is slain, and Salya's princely kin come forward to fight. Abhimanyu uses the Gandharva weapon to create many illusory forms and kills a hundred princes. Duryodhana, alarmed by the slaughter, goes after him, and Abhimanyu's arrows force him to turn back."
B07C044,B07,Drona Parva,44,44,XLIV,6450,6545,2,744,"Dhritarashtra asks what his army did next, after Duryodhana was beaten back and a hundred princes slain. Sanjaya says the Kaurava troops fled in despair until Drona, Kripa, Karna and others attacked Abhimanyu. Lakshmana, Duryodhana's son, rushed in alone, and Abhimanyu killed him with one arrow after taunting Duryodhana. Duryodhana's fury brings six great warriors against Abhimanyu, and he breaks through an elephant division and kills Kratha's son before the Kauravas retreat."
B07C045,B07,Drona Parva,45,45,XLV,6547,6631,2,617,"Dhritarashtra asks which of his warriors surrounded Abhimanyu as he rode through the army on his fleet steeds. Sanjaya says the kings fled before him, and Drona, Kripa, Karna, Ashvatthama and others attacked him, but he held them off and shot down their steeds, charioteers and bows. He killed Vrindaraka, wounded Ashvatthama and Karna, and then killed the ruler of the Kosalas, whose death sent ten thousand kings fleeing."
B07C046,B07,Drona Parva,46,46,XLVI,6633,6768,2,1174,"Karna and Abhimanyu trade arrows until both are drenched in blood, and Abhimanyu kills many more warriors, including Karna's counsellors and several princes. Drona then advises the Kauravas to disarm Abhimanyu rather than fight him head on, and Karna, Kritavarman and Kripa cut his bow, steeds and charioteers. Abhimanyu leaps into the air with sword and shield, but Drona and Karna cut those away too. He comes down and charges Drona with a car-wheel in his hands."
B07C047,B07,Drona Parva,47,47,XLVII,6770,6888,2,1067,"Abhimanyu, stripped of his bow, sword and wheel, takes up a mace and fights Ashvatthama, Kalikeya and Duhsasana's son, but Duhsasana's son strikes him on the head as he rises, and he falls dead. The Kauravas rejoice, though voices in the sky call the killing unrighteous. Yudhishthira rallies his routed troops, telling them the boy has gone to the regions of the righteous."
B07C048,B07,Drona Parva,48,48,XLVIII,6890,6964,1,597,"Sanjaya says the Kaurava army returns to camp in the evening, bloodied and shaken. At dusk the field is left to carrion eaters and Rakshasas, and a river of blood runs through the heaps of corpses. The warriors leave Abhimanyu lying among the dead, like a sacrificial fire no longer fed with butter."
B07C049,B07,Drona Parva,49,49,XLIX,6966,7037,1,548,"The Pandava warriors lay down their arms and sit around Yudhishthira, who laments the death of his nephew Abhimanyu. He blames himself for sending the boy into Drona's array, and he fears Arjuna's wrath, which he expects will destroy the Kauravas. He says that even victory and sovereignty give him no joy without Abhimanyu."
B07C050,B07,Drona Parva,50,50,L,7039,7194,8,1205,"Yudhishthira continues to grieve, saying a child was sent into an unequal battle and he cannot find peace of mind. Vyasa comforts him, saying the heroic youth has gone to heaven and that Death takes all beings. Yudhishthira asks what Death is, and Vyasa begins the story of King Akampana, whose son Hari was slain, which Narada told the king to ease his grief."
B07C051,B07,Drona Parva,51,51,LI,7196,7280,4,587,"Shiva (Sthanu) begs Brahma to be gracious, since the fire of his wrath is consuming creation. Brahma explains that the earth had asked him to destroy her burdensome creatures, and that his anger rose when he could find no other means. Shiva pleads with him to quench the fire and spare the worlds, and Brahma holds in his wrath, from which a dark woman then emerges. Brahma names her Death and orders her to slay creatures, and she weeps, and Brahma catches her tears in his hands."
B07C052,B07,Drona Parva,52,52,LII,7282,7462,6,1656,"Narada continues the tale: Death, the woman Brahma has made, pleads not to be forced into killing creatures and turns to long austerities instead. Brahma tells her to take lives anyway, promising that no sin will fall on her, and she agrees out of fear of his curse. Narada consoles King Akampana by saying death is ordained for all and that his son's fate is not a cause for grief, and Vyasa then urges Yudhishthira to cast off his own grief and go back to battle."
B07C053,B07,Drona Parva,53,53,LIII,7464,7617,3,1419,"Yudhishthira, still grieving, asks Vyasa for more examples of royal sages and their sacrifices. Vyasa tells the story of King Srinjaya, whose son's waste and sweat turned to gold and who was killed by robbers who wanted that wealth. Narada then consoles the grieving king with the example of Marutta, a royal sage of great sacrifice who also died."
B07C054,B07,Drona Parva,54,56,LVI,7619,7674,1,350,"Narada tells Srinjaya that King Suhotra, a mighty and generous ruler whose kingdom seemed to flow with gold, also met death after a life of sacrifices. Srinjaya should not grieve for a son who made no sacrifices, since such a great king has died too."
B07C055,B07,Drona Parva,55,57,LVII,7676,7731,1,346,"Narada tells Srinjaya that King Paurava, who gave away countless horses, elephants, cars and cattle at his sacrifices, also died. Srinjaya should not grieve for a son who gave nothing away."
B07C056,B07,Drona Parva,56,58,LVIII,7733,7795,1,455,"Narada tells Srinjaya that King Sivi, son of Usinara, who gave away gold, cattle and even the earth to the Brahmins, also died. Rudra had granted him a boon of inexhaustible wealth and fame, and Narada again tells Srinjaya that he should not grieve for a son who made no sacrifices."
B07C057,B07,Drona Parva,57,59,LIX,7797,7877,1,642,"Narada continues his list of dead kings, which he gives to Srinjaya to ease his grief. He describes Rama, son of Dasaratha, who lived in exile, defeated the Rakshasa Ravana who had abducted his wife, and then ruled a golden age of long life and piety. Rama too died, so Narada tells Srinjaya again not to grieve for a son who made no sacrifices."
B07C058,B07,Drona Parva,58,60,LX,7879,7938,1,416,"Narada recalls King Bhagiratha, who gave vast gifts at his sacrifices, with cars, cattle and maidens to the Brahmins. The river Ganga, in the story, chose him as her father by sitting on his lap, and he ascended to the realm of Brahma at the end of his life. Srinjaya should not grieve for a son who gave nothing, since such a great king has died too."
B07C059,B07,Drona Parva,59,61,LXI,7940,7986,1,254,"Narada says that King Dilipa, son of Havila, held hundreds of sacrifices, gave the whole earth to the Brahmins, and had golden roads laid for his guests. Dilipa too died, so Srinjaya should not grieve for a son who made no offering."
B07C060,B07,Drona Parva,60,62,LXII,7988,8059,1,554,"Narada tells of Mandhatri, son of Yuvanashva, who was brought out of his father's womb by the Ashvins and nourished from Indra's fingers, and who went on to conquer the whole earth. He performed a hundred Horse-sacrifices and a hundred Rajasuyas and gave away great treasures before dying. Srinjaya should not grieve for a son who gave nothing away."
B07C061,B07,Drona Parva,61,63,LXIII,8061,8110,1,287,"Narada tells of Yayati, son of Nahusha, who performed many sacrifices and gave away the wealth of the earth. He later saw that desire is never satisfied, so he gave up his throne to his son and retired to the forest, but he too died. Srinjaya should not grieve for a son who made no sacrifice."
B07C062,B07,Drona Parva,62,64,LXIV,8112,8179,1,482,"Narada tells of Amvarisha, son of Nabhaga, who fought a thousand kings alone and defeated them, and then held a hundred splendid sacrifices with lavish feasts and gifts of kingdoms to his priests. The great sages praised him, yet he too died. Srinjaya should not grieve for a son who made no sacrifice."
B07C063,B07,Drona Parva,63,65,LXV,8181,8235,1,352,"Narada says King Sasavindu had a hundred thousand wives, each of whom bore a thousand sons, all of whom performed sacrifices. At his Horse-sacrifice Sasavindu gave away his sons and enormous wealth to the Brahmins, and he too died after a long reign. Srinjaya should not grieve for a son who made no sacrifice."
B07C064,B07,Drona Parva,64,66,LXVI,8237,8309,1,577,"Narada tells of Gaya, son of Amartaraya, who lived on the leftovers of the sacred butter offered to Agni for a hundred years, until Agni granted him learning, wealth and sons. He then held great sacrifices, including one with a golden altar, but he too died. Srinjaya should not grieve for a son who gave no sacrifice."
B07C065,B07,Drona Parva,65,67,LXVII,8311,8383,1,586,"Narada tells of Rantideva, who kept a great host of cooks to feed Brahmins day and night, gave away gold by the crore, and sacrificed so many animals that a river was named after their hides. He too died, and Narada says Srinjaya should not grieve for a son who gave nothing away."
B07C066,B07,Drona Parva,66,68,LXVIII,8385,8452,1,502,"Narada continues with Bharata, son of Dushyanta, who as a boy in the forest mastered lions, tigers and elephants and so earned the name Sarvadamana, meaning the subduer of all. As an adult he performed many Horse-sacrifices and gave away enormous wealth, including gold to Kanva. He too died, so Srinjaya should not grieve for a son who made no sacrifice."
B07C067,B07,Drona Parva,67,69,LXIX,8454,8557,1,971,"Narada tells of Prithu, son of Vena, crowned emperor at a Rajasuya, whose reign brought plenty: the earth yielded crops unbidden, the cows gave milk, and sea and mountains made way for him. When his subjects asked for food, he made the Earth yield her milk, with each class of beings milking her into its own vessel. He gave away golden images at his great Horse-sacrifice, and he too died, so Srinjaya should not grieve."
B07C068,B07,Drona Parva,68,70,LXX,8559,8635,1,612,"Narada tells of Rama, son of Jamadagni, who avenged his father by destroying Kartavirya and many thousands of Kshatriyas, filling lakes with their blood. After a hundred sacrifices he gave the earth to the sage Kasyapa, who told him to leave it, and he withdrew to Mount Mahendra. He too will die, Narada says, so Srinjaya should not grieve for a son who made no sacrifice."
B07C069,B07,Drona Parva,69,71,LXXI,8637,8744,5,800,"Srinjaya, having heard the histories of the sixteen kings, says his grief has been dispelled and asks Narada what he should do. Narada offers him any boon, and Srinjaya asks only for Narada's favour, so Narada restores his slain son from hell. Vyasa then explains that Abhimanyu died bravely and has won heaven, and bids Yudhishthira rise and fight, before departing, leaving Yudhishthira consoled but troubled about facing Arjuna."
B07C070,B07,Drona Parva,70,72,LXXII,8746,8973,5,2310,"At sunset Arjuna, having destroyed many Samsaptakas, rides back to camp with Krishna, uneasy at omens and at the grim silence. He finds his brothers grieving and realizes Abhimanyu is missing, and he breaks into a long lament, asking how the boy died. He also learns that Yuyutsu rebuked the Kaurava heroes for rejoicing, and Krishna consoles him that warriors fall bravely in battle, before Yudhishthira begins to speak."
B07C071,B07,Drona Parva,71,73,LXXIII,8975,9116,4,1296,"Yudhishthira tells Arjuna how Abhimanyu broke Drona's array, how Jayadratha's boon checked the Pandavas, and how six warriors surrounded the boy and cut him off from his car. Duhsasana's son finally killed him after he had slain thousands. Arjuna faints with grief, rises in fury, and swears to slay Jayadratha by the next sunset or enter the fire, invoking dire fates on himself if he fails. He stretches the Gandiva and blows his conch, and the Pandava camp answers with shouts."
B07C072,B07,Drona Parva,72,74,LXXIV,9118,9228,3,932,"On hearing the Pandava uproar, Jayadratha is terrified by Arjuna's oath and asks Duryodhana's leave to go home. Duryodhana reassures him by naming the great warriors who will surround and protect him. That night Jayadratha asks Drona how his skill compares with Arjuna's, and Drona answers that Arjuna is the better through discipline, but promises an array Arjuna cannot pierce."
B07C073,B07,Drona Parva,73,75,LXXV,9230,9339,2,827,"Krishna rebukes Arjuna for swearing an oath without consulting him, and he reports the spies' news that the Kauravas are dismayed. Jayadratha, shaking with fear, pleads with Duryodhana for protection, and Duryodhana turns to Drona. Drona arranges a formation half cart and half lotus, with Jayadratha at its heart and six champions guarding him."
B07C074,B07,Drona Parva,74,76,LXXVI,9341,9425,2,729,"On the eve of the battle, Arjuna vows to kill Jayadratha before sunset the next day, even if the gods and all creatures guard him. He boasts that his bow and strength cannot be matched and that he will break through the line Drona commands to reach the Sindhu king. Sanjaya reports that Arjuna then asks Krishna to have his chariot ready by dawn. The vow sets the terms of the next day's fighting."
B07C075,B07,Drona Parva,75,77,LXXVII,9427,9515,2,729,"Through the night the Pandava and Kuru camps are restless, and omens of disaster appear in the sky and across the land. Krishna goes to comfort Subhadra and Uttara, who grieve for Abhimanyu. He tells Subhadra that her son died a hero's death and that Jayadratha will be killed the next day."
B07C076,B07,Drona Parva,76,78,LXXVIII,9517,9644,2,1255,"Subhadra mourns her son Abhimanyu at great length, praising his looks and courage and wishing him the rewards that virtuous people earn. Draupadi and Uttara come to her, and all three weep until they faint. Krishna revives and comforts them, saying Abhimanyu reached the highest goal and that the men of their family will follow his example."
B07C077,B07,Drona Parva,77,79,LXXIX,9646,9763,2,1082,"Krishna and Arjuna settle in Arjuna's tent for the night, and Arjuna makes an offering to Shiva. The Pandava camp stays awake, fearing that Arjuna's vow may fail. At midnight Krishna tells his charioteer Daruka that Duryodhana and Drona will guard Jayadratha, and orders the chariot made ready, and Daruka agrees to carry out the orders."
B07C078,B07,Drona Parva,78,80,LXXX,9765,9944,2,1904,"Arjuna, unable to sleep and afraid he cannot keep his vow to kill Jayadratha by sunset, is visited in a dream by Krishna, who urges him to set grief aside. Krishna then points him to the Pasupata weapon, which belongs to Shiva. Arjuna and Krishna travel in spirit to Shiva's mountain and offer him a long hymn of praise, and Sanjaya notes that they then pray for the weapon."
B07C079,B07,Drona Parva,79,81,LXXXI,9946,10028,1,728,"On Shiva's mountain Arjuna asks for the celestial weapon, and Shiva agrees, sending the two heroes to a sacred lake. There two snakes turn into a bow and arrow, and a youth who comes out of Shiva's body shoots the arrow with it. Arjuna then learns the use of the weapon, receives the Pasupata, and he and Krishna return to camp in high spirits."
B07C080,B07,Drona Parva,80,82,LXXXII,10030,10136,2,933,"The morning of the battle opens with music, which wakes Yudhishthira. He bathes, honours the sacred fire, and gives gifts to many Brahmanas, then dresses in jewels and sits on a golden seat as bards sing his praises. The chapter closes with Krishna being brought in and welcomed by the king."
B07C081,B07,Drona Parva,81,83,LXXXIII,10138,10220,1,715,"Yudhishthira greets Krishna and asks whether he slept well, and the other kings and warriors are introduced and take their seats. Yudhishthira pleads with Krishna to rescue the Pandavas from their sorrow and to make Arjuna's vow come true. Krishna replies that no bowman equals Arjuna and vows that Jayadratha will die that day, so that Arjuna returns in the evening."
B07C082,B07,Drona Parva,82,84,LXXXIV,10222,10326,1,944,"Arjuna comes to Yudhishthira, who embraces him and hopes for his victory. Arjuna tells of his meeting with Shiva, and then he, Krishna and Satyaki ride out to battle with omens of victory. Arjuna asks Satyaki to guard Yudhishthira, and Satyaki agrees and goes to the king."
B07C083,B07,Drona Parva,83,85,LXXXV,10328,10471,2,1402,"Dhritarashtra asks Sanjaya what the Kauravas did after Abhimanyu's death, and he laments that the usual sounds of celebration have fallen silent in his sons' camps. He recalls that he warned Duryodhana to make peace and that his son ignored him and followed bad advice on the dice game and the war. He asks Sanjaya to report exactly what Duryodhana and his allies decided."
B07C084,B07,Drona Parva,84,86,LXXXVI,10473,10547,1,603,"Sanjaya tells Dhritarashtra that his grief now comes too late, like an embankment built after the water has run off. He lists the earlier chances the king had to stop the dice game, the war, and Duryodhana, and says the Kauravas bear the blame for fighting Krishna and Arjuna's side. Sanjaya then prepares to recount the battle."
B07C085,B07,Drona Parva,85,87,LXXXVII,10549,10648,2,810,"The morning after the night passes, Drona arrays his troops, and warriors on both sides shout for Arjuna and Bhima. Drona sends Jayadratha to a guarded position behind him, promising that not even the gods can reach him there. Drona forms a large combined array, shaped like a cart, lotus, and needle, with Jayadratha at the tip, and the Kauravas are delighted by it."
B07C086,B07,Drona Parva,86,88,LXXXVIII,10650,10812,3,1550,"The battle begins with ill omens for the Kauravas, and Durmarshana boasts that he alone will stand against Arjuna. Arjuna and Krishna blow their conches, which terrify the Kaurava army. Arjuna then drives into Durmarshana's elephant force and cuts down the Kaurava troops, who flee in confusion."
B07C087,B07,Drona Parva,87,89,LXXXIX,10814,10912,2,815,"Dhritarashtra asks who fought Arjuna after the front of his army broke. Sanjaya reports that Duhsasana rushes in with a large elephant force, but Arjuna destroys it, and Duhsasana flees to Drona's Sakata array for protection. The chapter shows the Kauravas losing heavily and seeking shelter behind Drona."
B07C088,B07,Drona Parva,88,90,XC,10914,11045,4,1126,"Arjuna asks Drona for his blessing and says he wants to pass through Drona's array to reach Jayadratha. Drona replies that Arjuna cannot defeat Jayadratha without first defeating him. The two fight fiercely, Drona briefly overpowers Arjuna and hides him under arrows, and Krishna urges Arjuna to move past Drona. Arjuna then presses on into the army, followed by the Panchalas, and Jaya, Kritavarman and others rush to block him."
B07C089,B07,Drona Parva,89,91,XCI,11047,11229,1,1856,"Drona pursues Arjuna, but Arjuna keeps moving through the Kaurava ranks, trading arrows with Drona and then with Kritavarman, Srutayudha and Sudakshina. Srutayudha dies when his magic mace, which Varuna had warned must not be thrown at an unengaged foe, turns back on him after he hurls it at Krishna. Sudakshina of the Kambojas also falls, and the Kaurava troops flee."
B07C090,B07,Drona Parva,90,92,XCII,11231,11405,1,1777,"The Kaurava allies press in against Arjuna in great numbers, but he cuts them down. A spear thrust leaves him senseless for a while until Krishna comforts him, and then he destroys the brothers Srutayus and Achyutayus with a celestial weapon. He goes on slaughtering the Kaurava forces, including many foreign warriors, until the field is covered with blood. Finally he kills Srutayus of the Amvashthas and disappears under a mass of enemy chariots and elephants."
B07C091,B07,Drona Parva,91,93,XCIII,11407,11623,7,2116,"Duryodhana rushes to Drona in alarm, saying Arjuna has broken through the army and blaming Drona for failing to protect Jayadratha. Drona replies that Arjuna's chariot is too fast for him to catch, that he is too old, and that Duryodhana must fight Arjuna himself. Drona then ties a golden armour on Duryodhana with sacred words and explains that the armour once belonged to Shiva, passed to Indra for his battle against Vritra, and reached Drona through a chain of teachers."
B07C092,B07,Drona Parva,92,94,XCIV,11625,11781,3,1314,"The Pandavas and Somakas press into Drona's array at the gate, and Dhrishtadyumna forces the Kaurava host into three parts. Drona fights back fiercely and many single combats break out across the field, with Bhimasena, Yudhishthira, Satyaki, Sahadeva, Sikhandin, Ghatotkacha and others each facing a Kaurava champion. Jayadratha stays in the rear, guarded by Kripa, Drona's son, Karna and Salya."
B07C093,B07,Drona Parva,93,95,XCV,11783,11869,1,738,"Sanjaya describes a string of separate fights across the field, where Virata and Sikhandin, Satyaki and Duhsasana, the twins Nakula and Sahadeva and Sakuni, and Yudhishthira and Salya clash with fierce arrow fire. The Kaurava allies are forced back, and Sakuni flees toward Drona's division. Sanjaya warns that the anger of the Pandavas, set off by the king's own conduct, now threatens to consume the earth."
B07C094,B07,Drona Parva,94,96,XCVI,11871,11972,2,857,"The battle grows more savage, with Bhimasena attacking Jalasandha and Yudhishthira attacking Kritavarman, while Drona and Dhrishtadyumna fight at the centre. Dhrishtadyumna leaps from his chariot with a sword and climbs onto Drona's car, but Drona cuts down his shield and horses. Satyaki rescues Dhrishtadyumna from Drona's grip, and the Panchalas pull Dhrishtadyumna out of the fight."
B07C095,B07,Drona Parva,95,97,XCVII,11974,12124,2,1444,"Dhritarashtra asks what Drona did after Dhrishtadyumna was rescued. Sanjaya describes a long, evenly matched single combat between Drona and Satyaki, in which Satyaki keeps cutting Drona's bows, and the two armies stop to watch. Drona grudgingly admires Satyaki's skill, and then both men use celestial weapons that cancel each other out. As the sun sets, the Pandavas and Kauravas rush to save their champions, and a dust-filled melee follows."
B07C096,B07,Drona Parva,96,98,XCVIII,12126,12292,4,1575,"As the sun sinks toward the western hills, Arjuna and Krishna drive through the Kaurava ranks toward Jayadratha. Vinda and Anuvinda of Avanti attack the tired horses, but Arjuna kills both brothers and their followers. Surrounded by the Kauravas, Arjuna dismounts to stand alone and holds them off, and Krishna then makes a well for the horses and Arjuna builds a hall of arrows."
B07C097,B07,Drona Parva,97,99,XCIX,12294,12398,1,958,"Arjuna keeps the Kaurava kings at bay while fighting on foot, and Krishna unyokes the horses, tends them and gives them water. Once they are rested, the two heroes remount and race toward Jayadratha as the sun sinks. Duryodhana's side despairs, but Duryodhana himself rushes forward to block Arjuna."
B07C098,B07,Drona Parva,98,100,C,12400,12519,1,1139,"Vasudeva and Arjuna break through Drona's division and the Bhoja division, leaving the Kauravas stunned and fearful for Jayadratha's life. The two heroes speak together about killing Jayadratha, and Arjuna vows he will not let him escape. Duryodhana then charges out to meet them to protect Jayadratha."
B07C099,B07,Drona Parva,99,101,CI,12521,12630,2,986,"Krishna urges Arjuna to fight Duryodhana directly, calling him the root of the Pandavas' wrongs and recalling the dice game, the exile, and the insult to Draupadi. Arjuna agrees to take him on and the two heroes blow their conches, as the Kauravas fear the king is about to die. Duryodhana then taunts Arjuna to use all his weapons against him."
B07C100,B07,Drona Parva,100,102,CII,12632,12764,3,1228,"Duryodhana wounds both Arjuna and Krishna, but Arjuna's arrows cannot pierce his armour, which Krishna asks about. Arjuna explains that the armour was passed down from Indra through Angiras and Vrihaspati and that Drona put it on Duryodhana, but he still expects to defeat him. Aswatthaman cuts Arjuna's prepared arrows apart, and Arjuna then destroys Duryodhana's horses, chariot and bow. When Krishna blows his conch, the Kauravas scatter, and the protectors of Jayadratha surge forward to face Arjuna."
B07C101,B07,Drona Parva,101,103,CIII,12766,12863,1,870,"The Kaurava warriors rush at Arjuna and Krishna, each eager to strike first. Eight champions, including Bhurishravas, Karna, Jayadratha, Kripa and Drona's son Aswatthaman, surround Arjuna. Arjuna answers with his own rapid arrows, breaking Salya's bow and wounding several of the champions, and the field echoes with the blasts of many conches."
B07C102,B07,Drona Parva,102,104,CIV,12865,12956,2,966,"Dhritarashtra asks Sanjaya to describe the battle standards of both sides, and Sanjaya lists them in detail. Arjuna's ape banner, Drona's son's lion tail, Karna's elephant rope and the other champions' emblems all stand out, and the Kaurava side has nine standards in its divisions. Sanjaya blames the king's policy for the many kings and armies lost in the fight, and the battle between Arjuna and the Kaurava champions goes on."
B07C103,B07,Drona Parva,103,105,CV,12958,13080,2,1092,"Sanjaya describes the afternoon fighting, when the Panchalas and Pandavas press hard against Drona's division. Many pairs of warriors clash across the field, including Dhrishtaketu and Viradhanwan, Sahadeva and Durmukha, and Bhima and Alamvusha. Drona fights Yudhishthira, cuts his bow and horses, and leaves him weaponless, and the Pandava troops fear their king has been killed before he escapes on Sahadeva's chariot."
B07C104,B07,Drona Parva,104,106,CVI,13082,13184,1,893,"Several duels end in one side's victory. Kshemadhurti is killed by Vrihatkshatra, Viradhanwan falls to Dhrishtaketu's iron dart, and Sahadeva defeats Durmukha, then Niramitra. Satyaki beats Vyaghradatta and then the Magadhas, and Drona charges at Satyaki in fury."
B07C105,B07,Drona Parva,105,107,CVII,13186,13302,2,1055,"Somadatta's son attacks the five sons of Draupadi, but they surround him and each strikes a blow, and Sahadeva's son finally beheads him. Then the Rakshasa Alamvusha fights Bhima, conjures illusions, and rains down weapons that drive the Pandava forces back. Bhima answers with the Tvashtri weapon, which drives Alamvusha off the field."
B07C106,B07,Drona Parva,106,108,CVIII,13304,13406,1,920,"Ghatotkacha, Hidimva's son, attacks Alamvusha, and the two Rakshasas fight a long duel of illusions. The Pandavas surround Alamvusha with chariots, but he breaks free and wounds many of them. Ghatotkacha then seizes him, hurls him to the ground and crushes him, and the Pandavas celebrate while the Kauravas mourn."
B07C107,B07,Drona Parva,107,109,CIX,13408,13642,2,2527,"Drona fights Satyaki, and Yudhishthira sends his troops to rescue him. Drona then routs the Pandava and Panchala forces, killing many warriors, until Yudhishthira hears Krishna's conch and fears for Arjuna. Yudhishthira then begs Satyaki to go and help Arjuna, pointing out that the Kaurava army is closing in on him and that Satyaki is the only warrior who can do it."
B07C108,B07,Drona Parva,108,110,CX,13644,13774,2,1264,"Satyaki agrees to go to Arjuna's aid, and says he is ready to fight the whole Kaurava army for the king's sake. He repeats Arjuna's own request that Satyaki protect Yudhishthira, saying that Drona is eager to seize the king. Yudhishthira insists that Satyaki should go to Arjuna, and he lists the warriors who will guard him, with Dhrishtadyumna to hold back Drona."
B07C109,B07,Drona Parva,109,111,CXI,13776,13966,2,1966,"Satyaki, afraid of being thought a coward, agrees to leave Yudhishthira and follow Arjuna. He names the Kaurava forces he expects to meet, including Karna's Rukmarathas, the Kiratas, the Kambojas and others, and asks for his chariot to be stocked for a fierce fight. Yudhishthira provides arms, Satyaki's horses are readied and he is blessed by the Brahmanas, and he sends Bhima to guard the king before charging into the Kaurava host."
B07C110,B07,Drona Parva,110,112,CXII,13968,14156,4,1654,"Satyaki routs the Kaurava troops and fights Drona, who accuses him of abandoning Arjuna in cowardice and threatens him. Satyaki answers that he must follow his teacher Arjuna's path and will not waste time on Drona. He drives toward Karna's host, beheads Kritavarman's charioteer, and is then held up by the Kamboja division while Drona pursues him. Kritavarman fights him in a long duel, and the Pandavas and Panchalas strain to hold their ground."
B07C111,B07,Drona Parva,111,113,CXIII,14158,14399,2,2548,"Dhritarashtra laments that his army, though well paid and well led, is being broken by Arjuna and Satyaki, and asks Sanjaya what happened when the two heroes entered his host. Sanjaya tells him that the king's own greed and refusal to heed Vidura's counsel brought the ruin, and he describes Kritavarman's stand against the Pandavas. Kritavarman wounds Bhima and nearly defeats Sikhandin, and then holds off all the Pandava and Panchala forces on his own."
B07C112,B07,Drona Parva,112,114,CXIV,14401,14542,1,1366,"Satyaki, hearing the uproar, turns back to fight Kritavarman and defeats him, then drives on to face the Trigarta elephant force and scatters it. Jalasandha leads a fresh elephant attack, but Satyaki wounds him, cuts off his arms and beheads him. The Kaurava troops flee in despair, and Drona turns to face Satyaki."
B07C113,B07,Drona Parva,113,115,CXV,14544,14660,1,1053,"Satyaki faces a volley from many Kaurava champions, then wounds Duryodhana, who is forced to flee and take refuge in another chariot. Kritavarman comes to fight Satyaki, but Satyaki wounds and drives him down, and then pushes on through the Kaurava ranks toward Arjuna."
B07C114,B07,Drona Parva,114,116,CXVI,14662,14763,1,926,"Drona fights Satyaki in front of the army, and their duel is evenly matched. Satyaki's charioteer is knocked senseless, and Satyaki steers his own chariot while driving off Drona's attacks. He kills Drona's charioteer, sends the horses running, and the Kauravas flee, so Drona returns to guard his broken array."
B07C115,B07,Drona Parva,115,117,CXVII,14765,14846,1,672,"Satyaki, who laughs at his enemies as already dead, drives on after defeating Drona and his allies. King Sudarsana tries to stop him, but Satyaki kills his horses and charioteer and then beheads Sudarsana. The Kaurava ranks are overwhelmed, and Satyaki presses on along the track Arjuna had taken."
B07C116,B07,Drona Parva,116,118,CXVIII,14848,15002,4,1409,"Satyaki urges his charioteer forward, describing the path Arjuna has cleared and the sound of Gandiva that tells him Jayadratha will fall before sunset. He faces the Yavanas, Kambojas, Sakas and other foreign troops, and his charioteer assures him he has nothing to fear. Satyaki vows to slaughter these warriors and drives into their ranks, cutting down thousands and routing the survivors, while the Charanas and Gandharvas applaud him."
B07C117,B07,Drona Parva,117,119,CXIX,15004,15128,1,1173,"Satyaki drives through the Kaurava army toward Arjuna, shining like the sun and cutting down troops in great numbers. Duryodhana, Duhsasana, Sakuni and other princes gang up on him, but he wounds and routs them and cuts down Duryodhana's charioteer. The Kaurava army scatters, and Satyaki continues toward Arjuna's car while the Kaurava troops praise his skill."
B07C118,B07,Drona Parva,118,120,CXX,15130,15273,2,1334,"Dhritarashtra despairs that his sons cannot stop Satyaki, and asks how one man can break through so many great warriors. Sanjaya blames the king's own counsel for the disaster, and describes how the Samsaptakas and other Kaurava forces rush at Satyaki, only to be slaughtered. When Duhsasana sends stone-throwing mountain tribesmen against him, Satyaki shatters their stones with arrows, and Drona, hearing the uproar, decides to go after him."
B07C119,B07,Drona Parva,119,121,CXXI,15275,15444,1,1731,"Drona upbraids Duhsasana for fleeing from one warrior, reminding him of the insults he hurled at Draupadi and urging him to make peace with the Pandavas if he has no stomach for battle. Duhsasana ignores him and goes off to fight Satyaki, while Drona charges the Pandava and Panchala ranks. Drona kills several princes, including Viraketu and the brothers Chitraketu and Chitravarman, then fights Dhrishtadyumna in a fierce duel, cuts off his charioteer's head, and routs the Panchalas before returning to his own line."
B07C120,B07,Drona Parva,120,122,CXXII,15446,15544,1,871,"Duhsasana charges Satyaki, but Satyaki shrouds him in arrows and routs his escort. The Trigarta warriors, sent by Duryodhana, come against Satyaki and lose five hundred men, and Duhsasana is stripped of his bow, chariot and charioteers. Satyaki spares Duhsasana because he remembers Bhima's vow to kill all of Dhritarashtra's sons, and then he moves on along Arjuna's path."
B07C121,B07,Drona Parva,121,123,CXXIII,15546,15677,4,1139,"Dhritarashtra asks how Satyaki alone could pass through his mighty army, and Sanjaya describes the fierce muster of both armies. Bhima and the Pandava princes urge their men to stop Satyaki and Arjuna, and Duryodhana drives deep into the Pandava host, wounding Bhima, Yudhishthira and others. Yudhishthira breaks Duryodhana's bow, but Drona comes to rescue the Kaurava king, and the battle grows more savage on every front."
B07C122,B07,Drona Parva,122,124,CXXIV,15679,15873,3,1904,"In the afternoon Drona fights Vrihatkshatra, the Kekaya prince, and kills him after a long duel. Drona then slays Dhrishtaketu, the Chedi king, and his son, and the Panchalas begin to tremble. Drona also kills Jarasandha's son and Kshatradharman, and the Pandava host collapses until Drupada leads the Pandava princes against him."
B07C123,B07,Drona Parva,123,125,CXXV,15875,15997,1,1235,"The Pandava army is shaken, and Yudhishthira, unable to see Arjuna or Satyaki or hear Gandiva, grows anxious for both. He decides he must not seem to care only for his brother, and he resolves to send Bhima to aid Satyaki. He goes to Bhima and, overcome with grief, begs him to go to Arjuna and Satyaki and send word back."
B07C124,B07,Drona Parva,124,126,CXXVI,15999,16182,3,1766,"Bhima sets out after Yudhishthira's orders, handing the king over to Dhrishtadyumna. Yudhishthira blesses him, and Bhima rides off to the sound of the conches, with the Panchalas behind him. Drona tries to stop him, and Bhima replies with scorn, then hurls a mace that crushes Drona's chariot and begins slaughtering the Kaurava princes."
B07C125,B07,Drona Parva,125,127,CXXVII,16184,16322,3,1274,"Bhima's great mace routs the Kaurava warriors who try to surround him, and Drona attacks him again. Bhima seizes Drona's chariot and throws it down, then crushes the Bhojas, Kambojas and other troops in his path. Hearing Arjuna and Krishna answer his shout, Yudhishthira is relieved and praises Arjuna, but he then frets about whether Jayadratha will fall before sunset."
B07C126,B07,Drona Parva,126,128,CXXVIII,16324,16423,2,847,"Dhritarashtra asks who dared to stand against Bhima, whom he fears more than Arjuna or Krishna. Sanjaya answers that Karna charges Bhima, and the two exchange a long archery duel that ends with Bhima cutting Karna's bow, killing his charioteer and horses. Karna has to take another chariot, and Bhima's victory shout brings cheers from the Pandava side."
B07C127,B07,Drona Parva,127,129,CXXIX,16425,16560,3,1084,"With the army routed and Arjuna and Bhima gone after Jayadratha, Duryodhana rides to Drona and asks for a plan. Drona says the Kauravas must defend Jayadratha, who is the real stake in this battle, and sends Duryodhana to guard him. On the way, Duryodhana fights the Panchala princes Yudhamanyu and Uttamaujas, crushes their chariots and then takes refuge on the chariot of the Madra king, while the two princes push on toward Arjuna."
B07C128,B07,Drona Parva,128,130,CXXX,16562,16709,3,1374,"Karna turns to face Bhima, and Dhritarashtra asks in dismay how the two could fight, given Karna's past defeat and his bond with the Pandavas. Sanjaya describes how Bhima, despite wanting to reach Arjuna, is challenged by Karna and must fight him. The two trade a long, bitter series of arrows, Karna mocking Bhima and Bhima stung into fury, until Bhima cuts Karna's bow and kills his horses and charioteer, leaving Karna wounded and forced to seek another chariot."
B07C129,B07,Drona Parva,129,131,CXXXI,16711,16828,2,1091,"Dhritarashtra asks what Duryodhana said when Karna retreated, and how Bhima fought on. Sanjaya reports that Karna returns on a new chariot, and Bhima, stirred by his memories of the Kaurava wrongs, charges Karna in full fury. Karna blows his conch and counterattacks, and the battle turns into a fierce, even clash that kills many men and animals, and Krishna and Arjuna fear the burden is too much for Bhima."
B07C130,B07,Drona Parva,130,132,CXXXII,16830,16951,2,1134,"Dhritarashtra, shaken by news of Karna's repeated defeats at Bhima's hands, asks Sanjaya to describe their duel and worries that his son's arrogance has doomed the Kauravas. Sanjaya reports a fierce exchange of arrows, with Bhima cutting Karna's bow and killing his charioteer and horses, and Karna's dart shot down by Bhima. Durjaya, Duryodhana's brother, rushes in to help Karna, but Bhima kills him, and Karna, weeping, is left surrounded by Bhima's arrows."
B07C131,B07,Drona Parva,131,133,CXXXIII,16953,17047,1,822,"Karna, beaten by Bhima once more, takes a fresh chariot and fights on, but Bhima smashes his steeds and charioteer and cuts down his banner, leaving him on foot. Duryodhana sends his brother Durmukha to help, and Bhima kills Durmukha with arrows. Karna is then badly wounded and flees, which shows how far Bhima has turned the battle against the Kaurava side."
B07C132,B07,Drona Parva,132,134,CXXXIV,17049,17162,3,967,"Dhritarashtra, hearing that Karna has been beaten, says fate rules everything, recalls Duryodhana's boasts about Karna, and fears for his sons against Bhima's might. Sanjaya rebukes him as the real cause of the war and its ruin, since he followed his sons' bad counsel. Sanjaya then reports that five more of the king's sons charged Bhima and were killed by his arrows, while Karna and Bhima glared at each other."
B07C133,B07,Drona Parva,133,135,CXXXV,17164,17266,1,939,"Karna, grieving over his dead sons, fights Bhima fiercely, and each man wounds and disarms the other in turn. Bhima breaks Karna's bow and Karna's mace attack fails, so Karna retreats on foot. When Duryodhana sends six more brothers against Bhima, he kills each with one arrow, and Karna returns in another chariot, both men bloodied."
B07C134,B07,Drona Parva,134,136,CXXXVI,17268,17392,1,1322,"Karna charges Bhima again, but Bhima wounds him heavily and roars in triumph. Duryodhana sends seven more brothers, and Bhima kills them all with arrows, grieving only for Vikarna, who had sided with the Pandavas. Yudhishthira hears Bhima's roar as a sign of victory and goes after Drona. Sanjaya then tells Dhritarashtra that his own refusal to heed Vidura's advice is the reason for the disaster."
B07C135,B07,Drona Parva,135,137,CXXXVII,17394,17479,2,676,"Dhritarashtra admits that his bad policy has brought this ruin and asks Sanjaya to describe the slaughter. Sanjaya reports that Karna and Bhima shower arrows on each other until the Kaurava troops, the Sindhus and the Sauviras among them, flee in terror. The field is strewn with bodies and broken weapons, and the chapter ends with Karna and Bhima compared to forest-burning fires."
B07C136,B07,Drona Parva,136,138,CXXXVIII,17481,17750,1,3017,"Karna and Bhima fight a long, savage duel: Bhima wounds Karna in the ear and forehead, Karna breaks Bhima's bow and chariot, and Bhima hurls objects and a sword in return. Bhima, now carless, is pinned down, and Karna mocks him as weak and fit only for the forest, but spares his life out of respect for Kunti and Arjuna's vow. Arjuna then arrives with Krishna, drives Karna off with his arrows, and turns against the Kaurava army as Ashwatthaman retreats."
B07C137,B07,Drona Parva,137,139,CXXXIX,17752,17846,2,792,"Dhritarashtra laments that his fame is fading and that Arjuna has broken into his army, fearing that the ruler of the Sindhus is already dead. He asks Sanjaya to describe how Satyaki fought in the thick of the battle. Sanjaya reports that Satyaki killed the Kaurava ally Alamvusha, then cut down the steeds of Duhsasana, and the chapter closes with Arjuna and Krishna rejoicing at his feats."
B07C138,B07,Drona Parva,138,140,CXL,17848,17949,1,904,"Satyaki, pushing deep into the Kaurava host to reach Arjuna, is surrounded by Trigarta warriors and beats them back, then drives through the Surasenas and Kalingas. Krishna announces his approach and praises him, but Arjuna frets over Yudhishthira, Jayadratha and the setting sun, and fears that the tired Satyaki will be overmatched by the fresh Bhurisravas. The chapter shows Arjuna torn between his duty to his friend and his larger battle plan."
B07C139,B07,Drona Parva,139,141,CXLI,17951,18137,2,1897,"Bhurisravas, a Kuru warrior, challenges Satyaki with boasts, and Satyaki mocks him in reply. Their arrow duel turns into a sword fight, then a wrestling bout, with both men bloodied and worn down. Bhurisravas seizes Satyaki by the hair and is about to behead him, and Krishna urges Arjuna to act; Arjuna's arrow cuts off the arm that holds the sword."
B07C140,B07,Drona Parva,140,142,CXLII,18139,18353,7,2049,"Arjuna cuts off Bhurisravas's arm just as he is about to kill Satyaki, and Bhurisravas angrily accuses him of unfairness. Arjuna answers that he was protecting his disciple, and reminds Bhurisravas of the wrong done to Abhimanyu. Bhurisravas then sits down to fast unto death, and Satyaki, despite the protests of the warriors, beheads him, which Satyaki defends, and the chapter closes with praise for Bhurisravas's end."
B07C141,B07,Drona Parva,141,143,CXLIII,18355,18446,2,786,"Dhritarashtra asks how Satyaki, so long unbeaten, could be thrown down by Bhurisravas. Sanjaya explains with the family history: Sini had carried off Devaki, Somadatta was thrown down by Sini in a wrestling bout, and Somadatta won a boon from Shiva for a son who would strike Sini's line. Sanjaya then praises the Vrishnis as unbeatable and blames Dhritarashtra's bad policy for all that has happened."
B07C142,B07,Drona Parva,142,144,CXLIV,18448,18687,2,2583,"With Bhurisravas dead, Arjuna urges Krishna to drive him at once toward Jayadratha, since the sun is sinking and he must kill the Sindhu king before sunset to keep his vow. Duryodhana, fearing that failure, begs Karna and the other leaders to block Arjuna, and Karna, though badly wounded, agrees to fight on. The chapter is a long account of Arjuna cutting down Kaurava warriors, Karna's charioteer and steeds falling, and Ashwatthaman stepping in to protect Jayadratha, with the sun now red in the sky."
B07C143,B07,Drona Parva,143,145,CXLV,18689,19034,3,3643,"Arjuna sweeps through the Kaurava army with a celestial weapon, cutting down warriors and elephants until the field becomes a river of blood. As the sun nears setting, Krishna makes a false darkness so that Jayadratha thinks the day is over and looks up; Arjuna then beheads him with an arrow that carries the head to his father Vriddhakshatra's lap, and the old man's head shatters because of an old curse. The victory frees Yudhishthira to attack Drona in a night battle, and the chapter ends with the Pandavas triumphant."
B07C144,B07,Drona Parva,144,146,CXLVI,19036,19270,6,2320,"After Jayadratha falls, Kripa and Ashwatthaman attack Arjuna, who hits them only mildly out of respect for his teacher. Kripa collapses, and Arjuna laments that he has struck his own preceptor. Karna charges at Satyaki, and Krishna tells Arjuna that Satyaki can handle him and that Arjuna should not face Karna yet. Satyaki and Karna then duel from chariots, and Satyaki leaves Karna carless, while Sanjaya recounts the losses among Dhritarashtra's sons."
B07C145,B07,Drona Parva,145,147,CXLVII,19272,19446,4,1660,"Bhima, humiliated by Karna's taunts, reminds Arjuna of their vow and urges him to keep it. Arjuna answers Karna with contempt, vows to kill Karna's son Vrishasena, and the sun sets over the field. Krishna praises Arjuna for fulfilling his vow and then drives him across the battlefield, showing the heaps of dead kings and beasts, before he blows his conch and tells Yudhishthira that Jayadratha is dead."
B07C146,B07,Drona Parva,146,148,CXLVIII,19448,19564,1,1181,"Krishna goes to Yudhishthira with news of Jayadratha's death, and the king, weeping with joy, embraces Krishna and Arjuna and praises Krishna as the lord of all worlds. Krishna and Arjuna recount how the Kauravas will be destroyed by Yudhishthira's wrath, and recall Bhishma lying on his bed of arrows. Arjuna then embraces the wounded Bhima and Satyaki and congratulates them on surviving Drona and Karna, and the Pandava army rallies with fresh resolve."
B07C147,B07,Drona Parva,147,149,CXLIX,19566,19665,1,923,"After Jayadratha's death, Duryodhana is crushed with grief and doubts that any warrior can match Arjuna. He goes to Drona, lists the Kaurava allies who have fallen, and swears that he will either destroy the Panchalas and Pandavas or die in the field to join them. He asks Drona's leave to go where his fallen allies have gone, which shows his desperation."
B07C148,B07,Drona Parva,148,150,CL,19667,19766,3,1049,"Dhritarashtra asks how the Kauravas responded to the deaths of Jayadratha and Bhurisravas and what Drona said to Duryodhana. Drona answers with bitter reproach: he says Duryodhana ignored Vidura's warning, that the dice game and the insult to Draupadi brought this ruin, and that Arjuna could not be stopped. Still, he vows to fight on until the Panchalas are slain, and sends Duryodhana to tell Ashwatthaman to keep up the fight."
B07C149,B07,Drona Parva,149,151,CLI,19768,19875,3,916,"Duryodhana, stung by Drona's words, blames Drona for letting Arjuna pass through his formation and for allowing Jayadratha to be killed. Karna defends Drona, saying that Arjuna's youth, his weapons and Krishna's driving outmatched the old teacher, and that Fate has decided against the Kauravas. He urges Duryodhana to fight on regardless. The battle then resumes with fierce fighting between the two armies."
B07C150,B07,Drona Parva,150,152,CLII,19877,19976,2,811,"In the gathering dark, the Kaurava and Panchala forces clash everywhere, and Duryodhana drives into the Pandava host, scorching it with arrows until the Panchalas and Pandavas begin to flee. Yudhishthira cuts his bow and wounds him, and Duryodhana sits down on his car as a cry goes up that the king is slain. Duryodhana recovers, attacks again, and Drona steps in to guard him, so the battle grows fiercer. The chapter opens a new section, the Ghatotkacha-badha Parva, marked by a heading."
B07C151,B07,Drona Parva,151,153,CLIII,19978,20090,2,969,"Dhritarashtra asks who protected Drona and how he died, and Sanjaya describes the Pandavas closing in on Drona at night with their divisions. The dark battle becomes a chaos of noise, blood and dust in which friend and foe cannot be told apart, and the sounds of animals and weapons fill the field. Drona, despite the odds, cuts down thousands of elephants, chariots and foot-soldiers that night."
B07C152,B07,Drona Parva,152,154,CLIV,20092,20223,2,1241,"Dhritarashtra asks how Drona fared in the night fight and who stood by him, and Sanjaya describes the chaotic clash. Drona kills many Panchala and Pandava warriors, including Sivi, and the Kalinga prince is killed by Bhima with his fists. Bhima crushes several Kaurava warriors, and Durmada and Dushkarna are destroyed when he sinks their chariot into the earth, so that kings flee in terror and the Pandavas honor Bhima."
B07C153,B07,Drona Parva,153,155,CLV,20225,20675,7,4761,"Somadatta, enraged at Bhurisravas's death, swears to kill Satyaki, but Satyaki stands firm and wounds him until he falls senseless. Drona then breaks into the Pandava host, driving back Yudhishthira and the others, until Arjuna and Bhima turn toward him. Ghatotkacha attacks Drona's son Ashwatthaman on a fearsome iron chariot, and Ashwatthaman kills Ghatotkacha's son Anjanaparvan, and Ashwatthaman then fights through a huge Rakshasa army, killing many Pandava princes. Ghatotkacha is finally pierced by an arrow from Ashwatthaman and is carried off the field, apparently dead, while the Kauravas applaud Ashwatthaman."
B07C154,B07,Drona Parva,154,156,CLVI,20677,20806,2,1166,"Somadatta, still enraged, fights Satyaki until Bhima hits him with a mace and a shaft, knocking him senseless. Bhima then kills a string of Kaurava warriors, including Valhika and Somadatta's sons, while Yudhishthira destroys Kaurava divisions. Drona and Yudhishthira duel with celestial weapons until Drona's Brahma weapon is answered in kind, and Drona finally turns on the Panchalas, sending the Kaurava host into flight."
B07C155,B07,Drona Parva,155,157,CLVII,20808,20998,5,1838,"Duryodhana, facing the massed Pandava army, begs Karna to save his warriors, and Karna boasts that he will kill Arjuna with the dart given to him by Indra. Kripa mocks Karna's boasting, reminding him of past defeats and listing the Pandavas' many allies, including Ghatotkacha. Karna rejects the reproach, boasts again that he will kill Arjuna and Krishna and give Duryodhana the earth, and insists that victory rests with Fate."
B07C156,B07,Drona Parva,156,158,CLVIII,21000,21267,11,2411,"Karna insults Kripa, and Ashwatthaman, enraged, charges at him until Duryodhana and Kripa hold him back, and Karna is then spared at Duryodhana's urging. Karna then fights the Pandava host with great skill, but Arjuna cuts down his bow, steeds and charioteer, and Karna flees in Kripa's chariot. Duryodhana tries to rally his troops and go against Arjuna himself, but Ashwatthaman promises to hold Arjuna back, and Duryodhana, doubting him, urges him instead to slay the Panchalas and Somakas."
B07C157,B07,Drona Parva,157,159,CLIX,21269,21434,2,1531,"Ashwatthaman, egged on by Duryodhana, vows to fight recklessly and to slay many enemies, and mocks the king for his suspicions. He charges into the Panchalas and Somakas, who attack him in force. Dhrishtadyumna meets him in a long duel, and when Ashwatthaman destroys his chariot and kills many Panchalas, the enemy troops scatter. The Kauravas applaud Ashwatthaman's triumph."
B07C158,B07,Drona Parva,158,160,CLX,21436,21500,1,446,"Yudhishthira and Bhima surround Ashwatthaman, and Duryodhana, aided by Drona, rushes to the fight. Yudhishthira destroys many kings' divisions, and Arjuna and Bhima attack Drona's army from both flanks, while Drona routs the Panchalas with the Vayavya weapon. In the gloom the Kaurava host breaks, and many kings flee in terror."
B07C159,B07,Drona Parva,159,161,CLXI,21502,21632,1,1262,"Satyaki, determined to kill Somadatta, duels with him at length, cutting down each other's bows, standards and steeds. Satyaki finally kills Somadatta with a fiery arrow, and the Kaurava warriors rush at Satyaki in grief. Meanwhile Yudhishthira fights Drona, who cuts his bow and standard, and Krishna urges Yudhishthira to leave the preceptor and go to Bhima and Arjuna, which he does."
B07C160,B07,Drona Parva,160,162,CLXII,21634,21768,3,1179,"In the dark night the fighters cannot see each other and recognize one another only by voice and name, and many warriors flee or are killed in confusion. Duryodhana orders the foot-soldiers to carry lamps, and the Kaurava host is lit up and reorganized under Drona, with Ashwatthaman and Sakuni on the flanks. The Pandavas answer by lighting their own lamps, and the whole field becomes a blazing scene as the fighting resumes."
B07C161,B07,Drona Parva,161,163,CLXIII,21770,21881,3,927,"With the lamps blazing, the two armies fight with fresh fury, and Arjuna pushes into the Kaurava ranks, weakening the kings. Dhritarashtra demands to know how Drona fared against Arjuna and who guarded him. Duryodhana then orders his brothers and the Trigartas to shield Drona, and the battle resumes in full force."
B07C162,B07,Drona Parva,162,164,CLXIV,21883,21990,1,937,"Yudhishthira orders the Pandava and Panchala forces to focus on Drona, and each Kaurava warrior is assigned a foe to block them, including Kritavarman against Yudhishthira. The duel between Yudhishthira and Kritavarman goes badly for Yudhishthira, who is stripped of his chariot, weapons and armour and must retreat. Kritavarman then returns to guard Drona's chariot wheel."
B07C163,B07,Drona Parva,163,165,CLXV,21992,22151,2,1574,"Satyaki kills the Kuru warrior Bhuri with a dart, and Ashwatthaman then charges him, drawing in Ghatotkacha, who wounds Ashwatthaman badly before Ashwatthaman finally pierces him and drives him from the field. Duryodhana then fights Bhima, cutting down bow after bow until Bhima hurls a mace that crushes Duryodhana's chariot, forcing him to flee. Believing Duryodhana dead, the Pandavas press on, and the night battle against Drona continues."
B07C164,B07,Drona Parva,164,166,CLXVI,22153,22218,1,495,"Karna faces Sahadeva, cutting down his bow, chariot, weapons and steeds until Sahadeva is left helpless. Karna mocks him and sends him off to fight his equals, telling him to go to Arjuna or home. Karna spares Sahadeva, out of respect for Kunti's wishes, and Sahadeva, beaten and mocked, climbs into another chariot."
B07C165,B07,Drona Parva,165,167,CLXVII,22220,22297,1,633,"Salya fights Virata, kills his horses and Satanika, and wounds him so that he falls senseless. The Pandava troops flee before Salya, so Krishna and Arjuna move toward him, and the Rakshasa Alamvusha challenges Arjuna. Arjuna cuts down Alamvusha's chariot, bow and steeds, and drives him off, then presses on toward Drona while the enemy flees."
B07C166,B07,Drona Parva,166,168,CLXVIII,22299,22425,3,1071,"Chitrasena's armour and bow are cut off by Satanika, and Chitrasena is left without chariot or weapons. Vrishasena fights Drupada, and Drupada is pierced in the chest and carried off, which leaves the Panchalas fleeing. Duhsasana then duels with Prativindhya, destroys his chariot and bow, and fights on until Prativindhya's brothers arrive and the battle turns into a general melee in the dark."
B07C167,B07,Drona Parva,167,169,CLXIX,22427,22549,1,1157,"Sakuni and Nakula trade blows until Sakuni wounds Nakula, but Nakula recovers, cuts down Sakuni's bow, standard and chariot, and leaves him badly hurt. Kripa and Sikhandin also duel until Sikhandin is driven back by Kripa's arrows. The night fight spreads into a chaos in which men cannot tell friend from foe and even kin kill one another."
B07C168,B07,Drona Parva,168,170,CLXX,22551,22716,1,1684,"Dhrishtadyumna charges at Drona, but Drona cuts down his bow, and Karna and other Kaurava warriors gang up on him until he kills Drumasena and cuts off Karna's bow. Satyaki then comes to his aid and duels with Karna, wounding Vrishasena until he seems dead, and Karna, grief-stricken, presses Satyaki hard. Karna then hears Arjuna's bowstring and tells Duryodhana to kill Satyaki and Dhrishtadyumna, and Duryodhana sends Sakuni out to fight Arjuna while Drona again battles Dhrishtadyumna."
B07C169,B07,Drona Parva,169,171,CLXXI,22718,22850,3,1161,"The Kaurava kings surround Satyaki, but he cuts down many warriors with razor-headed arrows and routs Duryodhana, who loses his chariot and bow and flees on Kritavarman's chariot. Sakuni and his son Uluka then attack Arjuna with great force, but Arjuna drives them back and sends the Kaurava army fleeing, and Krishna and Arjuna blow their conches in triumph. Dhrishtadyumna then blocks Drona, leaving a river of blood, and the Pandavas sound their conches in victory."
B07C170,B07,Drona Parva,170,172,CLXXII,22852,22960,2,933,"Duryodhana rebukes Drona and Karna for abandoning him after the death of Jayadratha, and they return to the fight with fresh fury. Drona cuts down the Panchalas and Pandavas until the Pandava host flees in the dark, and Krishna and Arjuna march to face Drona and Karna with Bhima at their side. The night battle then grows into a fierce clash of two great oceans, in which the warriors fight by voice alone."
B07C171,B07,Drona Parva,171,173,CLXXIII,22962,23135,5,1625,"Karna defeats Dhrishtadyumna, killing his horses and driver, and routs the Panchalas with a rain of arrows. Yudhishthira, seeing his army broken, urges Arjuna to face Karna, and Krishna advises that Ghatotkacha, who possesses illusions and mighty weapons, should be sent against Karna. Ghatotkacha accepts the task, boasts of his strength, and rushes at Karna in a fierce duel that Sanjaya compares to Indra and Prahlada."
B07C172,B07,Drona Parva,172,174,CLXXIV,23137,23250,1,1033,"Duryodhana orders Duhsasana to defend Karna against Ghatotkacha, and the Rakshasa Alamvusha, son of Jatasura, asks for leave to avenge his father by destroying the Pandavas, which Duryodhana grants. Alamvusha and Ghatotkacha fight with illusions and weapons, and Ghatotkacha finally kills Alamvusha and throws his head onto Duryodhana's chariot. Ghatotkacha then taunts Duryodhana and turns to attack Karna, and the fight between the two heroes grows fierce."
B07C173,B07,Drona Parva,173,175,CLXXV,23252,23523,2,2933,"Dhritarashtra asks Sanjaya to describe Ghatotkacha and his duel with Karna at midnight. Sanjaya gives a long portrait of the Rakshasa's form, car, steeds and weapons, then recounts the fight: Karna cuts down Ghatotkacha's illusions and weapons, while Ghatotkacha keeps shifting shape and vanishing, until Karna destroys his steeds and Ghatotkacha withdraws, promising to kill Karna. The duel shows how Karna's skill can match even the Rakshasa's trickery."
B07C174,B07,Drona Parva,174,176,CLXXVI,23525,23601,2,594,"The Rakshasa Alayudha arrives with a large host to avenge his kinsmen, who were killed by Bhima, and asks Duryodhana to let him fight. Duryodhana accepts gladly and promises his own troops in support. Alayudha rides out on a chariot like Ghatotkacha's, and the Pandava kings take up arms with joy to meet him."
B07C175,B07,Drona Parva,175,177,CLXXVII,23603,23723,1,1095,"The Kauravas cheer Alayudha's arrival, and Duryodhana sends him to kill Ghatotkacha before Ghatotkacha can kill Karna by illusion. Alayudha fights Ghatotkacha, and Bhima, seeing his friend in trouble, joins the struggle against Alayudha and his Rakshasa followers. Krishna urges Arjuna to aid Bhima and tells others to face Karna and Drona, and Bhima and Alayudha finally fight with maces and then bare fists, both bloodied."
B07C176,B07,Drona Parva,176,178,CLXXVIII,23725,23842,2,907,"Krishna urges Ghatotkacha to abandon Karna and kill Alayudha, and Ghatotkacha does so in a duel with illusions, stone-showers and uprooted trees. Ghatotkacha is struck down by Alayudha's club but rises, mauls his foe, and cuts off Alayudha's head. He throws it before Duryodhana, who is dismayed and comes to believe that Bhima's vow against him and his brothers has already been fulfilled."
B07C177,B07,Drona Parva,177,179,CLXXIX,23844,24055,4,2077,"Ghatotkacha, exulting over Alayudha's death, returns to fight Karna, and the two heroes trade fierce volleys of arrows and illusions. Ghatotkacha kills Karna's steeds and driver, and his illusions spread terror through the Kaurava army, which begins to flee. Karna, with his chariot gone, finally hurls Indra's dart at Ghatotkacha, killing him, and Ghatotkacha's fall crushes a full akshauhini of Kaurava troops before Karna returns to the Kuru host in triumph."
B07C178,B07,Drona Parva,178,180,CLXXX,24057,24161,2,923,"The Pandavas grieve over Ghatotkacha's death, but Krishna rejoices and embraces Arjuna, which puzzles Arjuna. Krishna explains that Karna's celestial dart has been used up on Ghatotkacha, and that Karna, having given away his natural armour and earrings to Indra, is now weakened and can be slain when his chariot wheels sink into the earth. Krishna also recalls the other enemies he and Arjuna have overcome by stratagem."
B07C179,B07,Drona Parva,179,181,CLXXXI,24163,24243,2,886,"Arjuna asks how Jarasandha and the others were slain, and Krishna explains that they would have sided with Duryodhana and been unbeatable without the proper means. He tells how Jarasandha was made whole from two halves by the Rakshasa woman Jara, and was later killed by Bhima after Valadeva's weapon destroyed his mace. Ekalavya was tricked out of his thumb by Drona and later killed by Krishna, the ruler of the Chedis was slain before Arjuna's eyes, and Hidimva, Vaka, Kirmira, Alayudha and Ghatotkacha have all fallen, leaving Karna's dart useless."
B07C180,B07,Drona Parva,180,182,CLXXXII,24245,24402,7,1313,"Dhritarashtra asks why Karna did not hurl his dart at Arjuna, and blames his son's poor judgment. Sanjaya tells how the Kaurava leaders had planned to kill Arjuna or, failing that, Krishna, and how Krishna's cleverness made the dart useless by sending Ghatotkacha. Satyaki asks Krishna why Karna did not use the dart at Arjuna, and Krishna explains that Karna's chief intent was Arjuna but that he himself had kept Karna distracted and sent Ghatotkacha to exhaust the weapon."
B07C181,B07,Drona Parva,181,183,CLXXXIII,24404,24581,5,1646,"Dhritarashtra asks why Karna never used Indra's dart against Krishna or Arjuna when he had the chance. Sanjaya blames fate, saying the plan was made every night and forgotten every morning. After Ghatotkacha's death Yudhishthira is overcome with grief and rushes at Karna, until Vyasa stops him and urges him to keep to virtue and fight on."
B07C182,B07,Drona Parva,182,184,CLXXXIV,24583,24725,2,1354,"Yudhishthira, still stung by Ghatotkacha's death, orders his whole army to attack Drona, and Duryodhana rushes to protect him. The fighting drags on until both armies are worn out and fall asleep at midnight. Arjuna calls a halt so both sides can rest, and the battle resumes only once the moon rises."
B07C183,B07,Drona Parva,183,185,CLXXXV,24727,24843,4,937,"Duryodhana angrily tells Drona that he has spared the Pandavas and let them grow strong. Drona answers that he will fight to the end, swears to slay the Panchalas, and praises Arjuna's prowess. He then tells Duryodhana to face Arjuna himself and mocks Karna's boasting, and the battle begins again."
B07C184,B07,Drona Parva,184,186,CLXXXVI,24845,25006,4,1486,"The battle resumes at dawn, with the Kaurava army split in two. Arjuna, urged on by Krishna and Bhima, forces his way into the Kaurava front, while Drona goes off to the north and wins a series of duels, killing Drupada, Virata and Drupada's three grandsons. Dhrishtadyumna swears to kill Drona or die, and Bhima charges Drona's division as the sun rises."
B07C185,B07,Drona Parva,185,187,CLXXXVII,25008,25144,2,1251,"With the sun up, the fighting restarts among the same warriors who fought in the night. The field turns into a scene of mass slaughter, and dust hides every landmark and every face, so that men strike whoever they touch. The chapter ends with the great warriors facing off in pairs while the surrounding troops watch."
B07C186,B07,Drona Parva,186,188,CLXXXVIII,25146,25285,2,1334,"Sahadeva kills Duhsasana's driver, leaving Duhsasana to drive on alone, and Bhima and Karna trade blows with maces and arrows until Karna wrecks Bhima's car. Drona and Arjuna then fight an even duel, each matching the other, while gods and seers watch from the sky. The duel ends with both invoking the Brahma weapon, and the general melee resumes."
B07C187,B07,Drona Parva,187,190,CXC,25287,25455,2,1647,"Duhsasana is driven back by Dhrishtadyumna while the warriors on both sides keep to fair weapons. Duryodhana and Satyaki, old friends from childhood, meet in a duel and reproach each other for fighting, and Satyaki wounds Duryodhana. Bhima and Karna fight until both cars are wrecked, and Yudhishthira and the twins press the Pandavas to drive the Kauravas away from Drona."
B07C188,B07,Drona Parva,188,191,CXCI,25457,25614,2,1513,"Drona slaughters great numbers of Panchalas and Srinjayas, and the Pandavas despair of beating him. Krishna proposes a lie: they should tell Drona that his son Aswatthama is dead so he will stop fighting. Bhima kills an elephant named Aswatthama and tells Drona his son is dead, and Yudhishthira is persuaded to confirm it, so Drona is left broken and unable to fight."
B07C189,B07,Drona Parva,189,192,CXCII,25616,25757,1,1396,"Dhrishtadyumna, the prince born to kill Drona, attacks him with a fierce bow and arrow. Drona, grieving and running short of weapons, holds him off, disarms him again and again, and wounds his horses. Dhrishtadyumna keeps fighting on foot with a sword and shield, until Satyaki intercepts Drona's shaft and saves him, and Arjuna and Krishna praise Satyaki."
B07C190,B07,Drona Parva,190,193,CXCIII,25759,25958,1,2106,"Yudhishthira orders his men to attack Drona, who sees bad omens and realizes his end is near. After Bhima rebukes him, Drona lays down his weapons and sits in meditation, and Dhrishtadyumna cuts off his head. The Kuru army scatters and the Pandavas celebrate."
B07C191,B07,Drona Parva,191,194,CXCIV,25960,26141,4,1707,"After Drona falls, the Kaurava army breaks and flees in panic, with leaders such as Sakuni, Karna, Salya, Kripa and Duryodhana all retreating. Only Aswatthama charges at the Pandava forces. Kripa then tells Aswatthama and Duryodhana how Drona was tricked into laying down his weapons and killed, and Aswatthama bursts into rage."
B07C192,B07,Drona Parva,192,195,CXCV,26143,26215,2,396,"Dhritarashtra asks Sanjaya how Aswatthama reacted to his father's killing by Dhrishtadyumna. He praises Aswatthama's mastery of weapons, comparing him to Drona, Karna and other great warriors. The short chapter ends with the question and sets up Aswatthama's response."
B07C193,B07,Drona Parva,193,196,CXCVI,26217,26341,1,1236,"Aswatthama, enraged by his father's death, swears to kill Dhrishtadyumna and wipe out the Panchalas and Pandavas. He recalls that his father received the Narayana weapon from the god, and claims that he alone can now use it. The Kuru army rallies at his words, and he prepares to invoke the weapon."
B07C194,B07,Drona Parva,194,197,CXCVII,26343,26501,4,1465,"The Narayana weapon brings storms, omens and terror to the field, and the Kaurava army rallies behind Aswatthama. Yudhishthira asks Arjuna who is leading the rally, and Arjuna names Aswatthama and bitterly blames Yudhishthira for the lie that led Drona to lay down his arms. Arjuna then says he now regrets the killing so deeply that death seems better than life."
B07C195,B07,Drona Parva,195,198,CXCVIII,26503,26630,1,1300,"Bhima rebukes Arjuna for speaking of virtue and for praising Aswatthama, insisting that a Kshatriya must defend himself and his brothers. Dhrishtadyumna defends his killing of Drona as deserved and urges Arjuna not to reproach him. Bhima says he will fight Aswatthama alone, and Dhrishtadyumna ends by telling Arjuna to fight now."
B07C196,B07,Drona Parva,196,199,CXCIX,26632,26816,5,1780,"Dhritarashtra laments that no Kshatriya avenged Drona and asks how the Pandavas reacted. Satyaki furiously accuses Dhrishtadyumna of murdering a Brahmana and of a disgraceful crime, and Dhrishtadyumna replies by listing unfair acts on both sides, including Satyaki's killing of the disarmed Bhurisravas. Satyaki charges with his mace until Bhima restrains him, and Sahadeva, Vasudeva and Yudhishthira calm the two and send them back to battle."
B07C197,B07,Drona Parva,197,200,CC,26818,26973,1,1604,"Aswatthama goes on a rampage, repeats his vow, and invokes the Narayana weapon, which overwhelms the Pandava army. Yudhishthira orders his men to flee and vows to die with his brothers, while Krishna tells everyone to lay down their weapons. Bhima refuses to surrender, insisting he alone will face the weapon, and is struck down by it as Arjuna refuses to use Gandiva against it."
B07C198,B07,Drona Parva,198,201,CCI,26975,27565,11,6359,"Arjuna blunts the Narayana weapon by shielding Bhima and persuading him to dismount and lay down his arms, so the weapon subsides. Aswatthama, who cannot reuse the weapon, fights a long and bloody battle with the Pandava chiefs before Arjuna answers his fire with the Brahma weapon. Aswatthama then flees and asks Vyasa why his weapons failed, and Vyasa explains the divine nature of Krishna and Arjuna."
B07C199,B07,Drona Parva,199,202,CCII,27567,27945,5,4322,"Dhritarashtra asks what his sons and the Pandavas did after Drona fell. Arjuna tells Vyasa about a blazing figure with a lance who rode ahead of him and routed the enemy, and asks who it was. Vyasa identifies it as Siva, recounts his many names and deeds, and urges Arjuna to fight with Krishna as his protector."
B07C200,B07,Drona Parva,200,203,CCIII,27947,31826,279,6435,"Sanjaya closes the Drona Parva with a benediction, saying that reciting it brings merit and blessings to every class. The rest of the chunk is the translator's footnotes, which explain names and terms, flag corrupt or variant readings in the Bengal and Bombay editions, and give mythological background. The final heading and the Project Gutenberg license text close the file."
B08C001,B08,Karna Parva,1,1,1,31,98,3,631,"After Drona falls, the Kaurava leaders spend a sleepless night grieving and regretting their treatment of the Pandavas. Karna is made commander, fights for two days, and is finally killed by Arjuna, and Sanjaya carries the news back to Dhritarashtra. Janamejaya then asks how the old king could go on living after hearing of so many deaths."
B08C002,B08,Karna Parva,2,2,2,100,172,4,708,"Sanjaya returns to the palace and finds Dhritarashtra stricken with grief. He reminds the king of the good advice he rejected and asks whether he feels any pain. Sanjaya then urges calm, saying that fate cannot be resisted, and Dhritarashtra accepts this and asks for the full account of the battle."
B08C003,B08,Karna Parva,3,3,3,174,224,2,487,"Sanjaya describes the Kaurava army stunned and disheartened after Drona's death. Duryodhana rallies them with a speech that mocks Arjuna and praises Karna. He names Karna commander, and Karna fights fiercely until Arjuna kills him."
B08C004,B08,Karna Parva,4,4,4,226,271,3,395,"On hearing the news Dhritarashtra faints, and the royal women lament loudly until Sanjaya and Vidura revive him. Once he recovers he asks whether Duryodhana has died. Sanjaya answers that Karna and Duhshasana have been killed, and that Bhimasena drank Duhshasana's blood in anger."
B08C005,B08,Karna Parva,5,5,5,273,407,2,1458,"Dhritarashtra asks Sanjaya to name who among the Kurus and Pandavas are still alive. Sanjaya lists a long roll of the fallen on both sides, from Bhishma and Drona to countless named princes and nameless soldiers. He ends by comparing Arjuna's killing of Karna to gods slaying demons, and by blaming the disaster on Dhritarashtra's own policy and sons."
B08C006,B08,Karna Parva,6,6,6,409,502,2,985,"Dhritarashtra asks for the names of the Pandava warriors who have been killed by his side. Sanjaya gives a long roll of the Pandava and allied dead, most of them slain by Bhishma or Drona, and including Abhimanyu and his allies. The list is offered as a grim tally of the costs of the battle."
B08C007,B08,Karna Parva,7,7,7,504,594,4,906,"Dhritarashtra despairs that his army will be wiped out and asks who is still alive on his side. Sanjaya lists the Kaurava warriors who remain on the field, including Ashvatthama, Kritavarma, Shalya and Duryodhana himself. Dhritarashtra reads from this that the Kauravas will lose, and he collapses in grief."
B08C008,B08,Karna Parva,8,8,8,596,674,2,832,"Janamejaya asks what Dhritarashtra said after hearing of Karna's death. Vaishampayana describes the king's stunned lament, which runs through Karna's great strength, his past victories for Duryodhana, and his skill as a warrior. Dhritarashtra ends by saying he has no will to go on living after such a loss."
B08C009,B08,Karna Parva,9,9,9,676,888,2,2507,"Sanjaya urges Dhritarashtra to bear his grief, but the king gives way to a long lament. He blames destiny, mourns Karna and Duhshasana, and recalls how Duryodhana rejected Bhishma's and Yudhishthira's advice to make peace. He then asks a stream of questions about how Karna fell and who stood by him, and his despair is the emotional centre of the section."
B08C010,B08,Karna Parva,10,10,10,890,1030,5,1434,"After Drona's fall the Kaurava army is rallied, and the leaders hold a council at evening. Ashvatthama urges that Karna be made commander, and Duryodhana persuades Karna to take the post, which Karna accepts with confidence. Karna is installed with ritual and blessings and leads the army out at sunrise."
B08C011,B08,Karna Parva,11,11,11,1032,1131,3,1055,"Karna takes the field at dawn and draws up the Kaurava army in a crocodile-shaped formation, with named commanders at each part of the body. Yudhishthira urges Arjuna to kill Karna, and Arjuna answers with a half-moon formation of his own. Both sides believe the other is as good as beaten, and the armies rush together to begin the fight."
B08C012,B08,Karna Parva,12,12,12,1133,1237,1,1140,"The two armies clash in a chaotic slaughter of men, elephants, horses and chariots. Bhima, riding an elephant, fights the Kulutas king Kshemadhurti, also on an elephant, and after a long exchange kills him. Seeing their leader fall, the Kaurava troops flee."
B08C013,B08,Karna Parva,13,13,13,1239,1322,1,911,"Karna and the Pandava leaders fight across the field in many separate duels. Satyaki takes on the Kaikeya brothers Vinda and Anuvinda, kills Anuvinda, and after a sword fight slays the other Kaikeya prince. The Kaikeya army then breaks and scatters."
B08C014,B08,Karna Parva,14,14,14,1324,1406,1,874,"Srutakarman kills Citrasena in single combat, and Prativindhya defeats and kills Citra, first turning aside Citra's weapons. The Kaurava troops, now leaderless, scatter in all directions. Only Drona's son charges forward alone against Bhima."
B08C015,B08,Karna Parva,15,15,15,1408,1507,1,1139,"Bhima and Ashvatthama fight a long, evenly matched duel, each matching the other's arrows and weapons. Heavenly beings marvel at both, comparing them to destroying forces at the end of an age. Both are finally struck down, and their drivers carry each one from the field."
B08C016,B08,Karna Parva,16,16,16,1509,1640,2,1440,"Dhritarashtra asks for an account of Arjuna's fight against the Samsaptakas and against Ashvatthama. Sanjaya describes Arjuna's slaughter of the Samsaptaka army, the heavenly voice that identifies Krishna and Arjuna as Nara and Narayana, and Ashvatthama's challenge to Arjuna to fight him as a guest. Arjuna turns from his enemies to meet Ashvatthama."
B08C017,B08,Karna Parva,17,17,17,1642,1730,1,975,"Arjuna and Ashvatthama fight a fierce duel, with Arjuna at first holding back out of respect for his teacher's son. Krishna urges him to kill Ashvatthama, and Arjuna then wounds him badly and cuts the traces of his horses. Ashvatthama is carried from the field, and Arjuna and Krishna turn back to the Samsaptakas."
B08C018,B08,Karna Parva,18,18,18,1732,1818,1,975,"Krishna drives Arjuna to the northern part of the field, where the Magadha chief Dandadhara is massacring Pandava troops from the back of a huge elephant. Arjuna cuts down the king, his brother Danda and their elephants, and the enemy army breaks. His followers praise him, and he goes back to fight the Samsaptakas."
B08C019,B08,Karna Parva,19,19,19,1820,1962,1,1603,"Arjuna continues to cut down the Samsaptakas and the Kaurava allies, and he rides over the carnage like a man crossing a sea on a bridge of his own weapons. Krishna then points out the battlefield to him, listing the scattered weapons, armour, jewels and dead bodies. On their return they hear the Kaurava side in uproar and see the king of Pandya destroying the army."
B08C020,B08,Karna Parva,20,20,20,1964,2117,2,1721,"Dhritarashtra asks about the Pandya king, whose feats he has not heard. Sanjaya explains that Pandya rated himself above the great warriors and wrecked Karna's army. Ashvatthama challenges him, and after a long duel Ashvatthama kills Pandya, his elephant and his followers."
B08C021,B08,Karna Parva,21,21,21,2119,2215,2,1012,"With Pandya dead, Dhritarashtra asks what Arjuna did next. Krishna warns Arjuna that Yudhishthira has withdrawn and that Karna is slaughtering the Srinjayas, so Arjuna urges the charioteer on. The battle becomes a general melee, and Karna mows down Pancala and Pandava fighters in a huge bloody slaughter."
B08C022,B08,Karna Parva,22,22,22,2217,2301,3,838,"Kaurava elephant-fighters attack Dhrishtadyumna, and the Pandava allies rush to save him. Satyaki and the younger Pandava brothers kill many of the elephants and their riders. Sahadeva kills the Pundra elephant, and Nakula kills the Anga chief, who is driving an elephant, and the Kaurava elephant force is broken."
B08C023,B08,Karna Parva,23,23,23,2303,2350,1,503,"Sahadeva and Duhshasana, brothers on opposite sides, fight a long duel with arrows and swords. Sahadeva wounds Duhshasana, who falls senseless, and his driver carries him off. Sahadeva then turns on Duryodhana's division and begins to crush it."
B08C024,B08,Karna Parva,24,24,24,2352,2520,1,1969,"Nakula meets Karna in a long duel. Nakula taunts Karna as the root of the war, and Karna answers that a true hero should fight without boasting. Karna wins the exchange, disarms and humiliates Nakula, and then lets him go out of regard for Kunti's words. Karna goes on to rout the Pancala chariots, and the battlefield is strewn with wreckage and dead."
B08C025,B08,Karna Parva,25,25,25,2522,2616,1,1083,"Uluka and Yuyutsu fight a hard duel, and Uluka wins by cutting down Yuyutsu's standard, driver and horses. Satanika and Srutakarman destroy each other's chariots in a close exchange. Shakuni and Sutasoma fight on foot after Sutasoma's chariot is wrecked, and Shakuni breaks Sutasoma's scimitar and bow, then rampages through the Pandava ranks."
B08C026,B08,Karna Parva,26,26,26,2618,2703,2,886,"Kripa holds off Dhrishtadyumna, who is so shaken that his charioteer turns him away toward Arjuna and Bhima. Kritavarma fights Shikhandi, wounds him badly and sends him from the field. The Pandava army then flees."
B08C027,B08,Karna Parva,27,27,27,2705,2791,1,951,"Arjuna routs a large force made up of the Trigartas, Samsaptakas and others, including several kings. Satyasena wounds Krishna with a lance, and Arjuna kills Satyasena in return and goes on to slay many others. He finally uses a heavenly weapon that brings down a huge number of troops, and the field is strewn with bodies."
B08C028,B08,Karna Parva,28,28,28,2793,2903,1,1201,"Yudhishthira and Duryodhana fight a fierce duel, and Yudhishthira wrecks Duryodhana's horses, chariot and weapons. Karna, Drona's son and Kripa rush to save Duryodhana, and a general melee breaks out. The fighting turns into a frenzy of killing, in which friends and enemies alike are slaughtered, and the day ends in great carnage."
B08C029,B08,Karna Parva,29,29,29,2905,2985,2,842,"Dhritarashtra, sure the Kauravas are finished, asks Sanjaya to describe the afternoon fight between Yudhishthira and Duryodhana. The two kings duel fiercely, trading shafts and a dart, until Yudhishthira's dart knocks Duryodhana senseless. Bhima, bound by his vow, stops Yudhishthira from finishing him, and Bhima then turns on Kritavarma, who has come to Duryodhana's aid."
B08C030,B08,Karna Parva,30,30,30,2987,3107,2,1314,"Karna leads the Kaurava army back into a fierce fight with the Pandavas, and the field is littered with dead men and animals. Arjuna and Krishna return, and Arjuna scatters the Kaurava forces, cutting down Duryodhana's and others' weapons. Karna keeps fighting until the sun sets, and both armies withdraw into darkness and dust. Carrion creatures gather over the battlefield."
B08C031,B08,Karna Parva,31,31,31,3109,3295,7,1962,"Dhritarashtra hears that Arjuna has beaten his army and asks what the Kauravas did next. Sanjaya tells how the defeated Kauravas take counsel, and Karna proposes to meet Arjuna next morning with his own bow Vijaya and Shalya as his charioteer. He lists his strengths and Arjuna's, and Duryodhana agrees to the plan. Dhritarashtra laments his sons' fate, and Sanjaya rebukes him for the wrongs that began the war."
B08C032,B08,Karna Parva,32,32,32,3297,3466,6,1847,"Duryodhana humbly asks Shalya, king of the Madras, to become Karna's charioteer, flattering him and pointing to the losses of Bhishma and Drona. Shalya is insulted and furiously refuses, saying he will not serve a son of a charioteer. Duryodhana soothes him with praise and an appeal to his truthfulness, and Shalya finally agrees, on condition that he may speak freely during the fight."
B08C033,B08,Karna Parva,33,33,33,3468,3626,2,1781,"Duryodhana begins a long tale that he says the sage Markandeya told his father, about a war between the gods and the Asuras. Three Asura brothers win a boon from the creator god and have three flying cities built, which a magic lake can revive when their dead are thrown into it. Indra fails to break the cities, and the gods go to the creator and then to Shiva, who is praised with many names and asked for help."
B08C034,B08,Karna Parva,34,34,34,3628,4021,11,4363,"Duryodhana continues his tale for Shalya. The gods ask Shiva to destroy the Danavas, and after a round of bargaining over how much energy each side will give, Shiva is armed with a cosmic chariot built from the parts of the universe. Brahma drives it, and Shiva burns the three cities and their Asura inhabitants. Duryodhana then tells how Rama, son of Jamadagni, gained his weapons from Shiva and passed them to Karna, and he argues that Karna must be of noble birth, not the son of a charioteer."
B08C035,B08,Karna Parva,35,35,35,4023,4158,9,1284,"Duryodhana urges Shalya to drive Karna's chariot as Brahma drove Rudra, and Shalya recalls the story and agrees, while warning that Krishna will step in if Arjuna falls. Duryodhana praises Karna and belittles Arjuna, and Shalya accepts on condition that he may speak his mind freely to Karna. Shalya then boasts that he can drive as skilfully as Matali, Indra's charioteer."
B08C036,B08,Karna Parva,36,36,36,4160,4251,6,835,"At dawn Shalya mounts Karna's chariot, and Karna mounts beside him, the two shining together like sun and fire. Duryodhana urges Karna to seize Yudhishthira or kill the other Pandavas, and Shalya rebukes Karna for speaking so lightly of Arjuna. Karna brushes aside the warning and orders the chariot forward."
B08C037,B08,Karna Parva,37,37,37,4253,4406,6,1584,"As Karna sets out, omens of disaster appear, but the Kauravas cheer and call the Pandavas as good as defeated. Karna boasts that he alone can face Arjuna, recalls Drona's death, and declares he will fight regardless of fate. Shalya laughs at him and praises Arjuna's old feats, and Karna retorts that Shalya's praise will be proved right only if Arjuna beats him. Karna then drives toward the Pandava army, searching for Arjuna."
B08C038,B08,Karna Parva,38,38,38,4408,4469,1,703,"As Karna goes out to battle, he offers Pandava soldiers escalating rewards for showing him Arjuna, from jewels and cattle up to villages, women and horses, and finally promises to kill Krishna and Arjuna and give away their wealth. The Kaurava army cheers, and Shalya laughs in scorn at Karna's boasting."
B08C039,B08,Karna Parva,39,39,39,4471,4564,3,1030,"Shalya tells Karna that giving away his wealth is folly and that he is courting death by challenging Arjuna. Karna replies that he will seek Arjuna with his own strength and will not be turned back by anyone. Shalya answers with a long string of comparisons, calling Karna a jackal, a frog and a hare facing a lion, a tiger or an elephant."
B08C040,B08,Karna Parva,40,40,40,4566,4701,2,1626,"Karna, stung by Shalya's taunts, answers with fury. He boasts of a special shaft he is saving for Arjuna or Krishna and claims he can defeat both. He then launches a long, abusive attack on the Madrakas, Shalya's people, and threatens to crush Shalya's head with his mace if he speaks again. He ends by ordering Shalya to drive on."
B08C041,B08,Karna Parva,41,41,41,4703,4906,3,2400,"Shalya tells Karna a fable of a crow fed on the leftovers of a merchant's children, who grows so proud that it challenges a swan to a flying contest. The crow tires over the open ocean and is saved by the swan, and the crow learns humility. Shalya applies the lesson to Karna, who has grown proud on the Kauravas' favours, and urges him to seek the protection of Krishna and Arjuna."
B08C042,B08,Karna Parva,42,42,42,4908,5059,1,1812,"Karna dismisses Shalya's warnings and says he will fight Arjuna and Krishna regardless. He recalls how, having posed as a Brahmana to learn weapons from Rama, he was cursed to forget his great weapon when most in need, and he vows to use the brahmastra against Arjuna. He also recounts how he once killed a Brahmana's calf and was cursed that his chariot wheel would sink in battle. He finally tells Shalya to be silent and listen."
B08C043,B08,Karna Parva,43,43,43,5061,5089,1,294,"Karna says Shalya's words cannot frighten him, not even if all the gods joined Arjuna and Krishna. He says he was born for valour and glory, and that Shalya is spared only out of friendship, affection and the duty owed to an ally, and because of the agreement to overlook his insults. He declares that he could defeat his foes without a thousand Shalyas."
B08C044,B08,Karna Parva,44,44,44,5091,5211,3,1317,"Shalya dismisses Karna's boast as raving and says he alone can beat the enemy. Karna answers with even sharper words, quoting at length from Brahmanas who condemned the Vahikas, the Arattas and the Madrakas for their customs, drink, women and origins. The passage is a long, sneering catalogue of supposed regional faults."
B08C045,B08,Karna Parva,45,45,45,5213,5348,3,1483,"Karna goes on with more quoted tales, claiming that the Vahikas and Arattas are lawless and that Shalya, as their king, shares their faults. Shalya replies that every land has both good and bad people, and that Karna should cool his anger. Duryodhana then stops the quarrel, and Karna is calmed and tells Shalya to drive on."
B08C046,B08,Karna Parva,46,46,46,5350,5567,6,2290,"Karna sets his own army against the Pandava array, drawn up by Dhrishtadyumna, and strikes at Yudhishthira. Dhritarashtra asks how the two armies were arranged and where each warrior stood. Sanjaya describes the Kaurava formation, the Pandava commanders assigned to their opponents, and Shalya's warnings as Arjuna's chariot advances, ending with the armies colliding."
B08C047,B08,Karna Parva,47,47,47,5569,5631,2,609,"Dhritarashtra asks Sanjaya to give a full account of the battle between Arjuna and the Samsaptakas and between Karna and the Pandavas. Sanjaya describes the Pandava array under Dhrishtadyumna and the Samsaptakas charging Arjuna, who cuts them down in great numbers. Kripa, Kritavarma, Shakuni and others fight the Pancalas and their allies, Duryodhana protects Karna, and Karna wounds Yudhishthira and slaughters many enemies."
B08C048,B08,Karna Parva,48,48,48,5633,5786,2,1698,"Dhritarashtra asks how Karna broke into the Pandava ranks to reach Yudhishthira. Sanjaya describes Karna cutting down the Prabhadrakas, Pancalas and Cedis, and the Pandava princes rushing at him in a body. Karna's sons Sushena and Vrishasena fight to protect him, and Bhima kills one of his sons. Karna nonetheless fights his way through toward Yudhishthira's division."
B08C049,B08,Karna Parva,49,49,49,5788,6001,1,2474,"Karna drives through the Pandava host toward Yudhishthira, but Pandava warriors hold him back and Yudhishthira taunts him as a charioteer's son. Yudhishthira pierces him with a deadly arrow and knocks him unconscious, but Karna recovers and kills Yudhishthira's wheel-guards, wounds the king, and destroys his bow and armour. Yudhishthira flees, and Karna is about to seize him when Shalya warns him off, so Karna lets him go with a mocking speech. The fighting then becomes a huge carnage in which the field runs with blood, and the Kaurava army eventually breaks."
B08C050,B08,Karna Parva,50,50,50,6003,6115,4,1185,"As the Kaurava army flees, Karna orders Shalya to drive at Bhima, who vows to kill Karna and asks Satyaki and Dhrishtadyumna to guard Yudhishthira. Karna mocks Bhima, says he really wants to face Arjuna, and agrees to fight Bhima first. Bhima and Karna duel fiercely until Bhima's great shaft wounds Karna, who collapses on his chariot, and Shalya drives him away while Bhima routs the Kaurava troops."
B08C051,B08,Karna Parva,51,51,51,6117,6299,3,2033,"Dhritarashtra asks what Duryodhana did after Karna was knocked down by Bhima. Duryodhana sends many brothers to shield Karna, and Bhima kills several of them, including Vivitsu, Vikata and Kratha. Karna returns to duel with Bhima, who loses his chariot and kills many elephants and horsemen on foot. Karna then pursues Yudhishthira, Satyaki comes to Bhima's aid, and the two armies collide in a vast melee at midday."
B08C052,B08,Karna Parva,52,52,52,6301,6395,1,1020,"Sanjaya describes the general slaughter in grim detail. Every kind of troop meets every other, and the field is covered with blood, severed heads, limbs and dead animals, and it becomes a dust-filled chaos where friends cannot be told from foes. Rivers of blood flow past the corpses, carrion birds and beasts gather, and the Kaurava army weakens like a sinking ship."
B08C053,B08,Karna Parva,53,53,53,6397,6491,1,1044,"Arjuna turns to the Samsaptakas, Kosalas and Narayana forces, who are led by Susharma. Susharma wounds Krishna and Arjuna and cuts Arjuna's standard, but Arjuna paralyses the enemy with the Naga weapon, and Susharma frees them with the Sauparna weapon. After Susharma wounds Arjuna, Arjuna uses the Aindra weapon and slaughters thousands of warriors."
B08C054,B08,Karna Parva,54,54,54,6493,6590,2,1006,"The Kaurava leaders rush to rescue their broken army. Kripa fights Shikhandi, forcing him from his chariot, and then kills Suketu, son of Citraketu, when Suketu rushes to Shikhandi's aid. Dhrishtadyumna attacks Kritavarma, wounds him and kills his charioteer, and a fresh round of fighting breaks out."
B08C055,B08,Karna Parva,55,55,55,6592,6683,1,1018,"Sanjaya describes Ashvatthama's assault on the Pandava forces, where he overwhelms Yudhishthira's side with arrows and cuts down Satyaki's driver. Yudhishthira's allies counterattack, but Ashvatthama turns them back. Yudhishthira then rebukes him as a Brahmana in name only, and Ashvatthama stays silent. Yudhishthira withdraws and moves on toward Duryodhana's army."
B08C056,B08,Karna Parva,56,56,56,6685,7014,3,3789,"Karna and Bhimasena each carve through the Kaurava and Pandava forces, while Duryodhana fights the twins and Dhrishtadyumna, who cuts down Duryodhana's car and horses. Karna rushes into the Pancala ranks, and Arjuna clears the samsaptakas and the Kambojas. Ashvatthama then stuns Krishna and Arjuna with arrows until Krishna urges Arjuna to fight harder, and Arjuna wounds him and drives him off. The chapter ends with Yudhishthira, badly wounded, pulling back from the fighting."
B08C057,B08,Karna Parva,57,57,57,7016,7063,1,499,"Duryodhana urges his allies to fight to the death and take the chance for glory. Ashvatthama swears an oath to kill Dhrishtadyumna, since he was the one who killed his father Drona while Drona had laid down his weapons. The armies clash in a great, violent melee while celestial beings watch from above. The chapter shows the war entering a fresh and fiercer stage."
B08C058,B08,Karna Parva,58,58,58,7065,7178,1,1226,"Arjuna, having beaten Drona's son and others, asks Krishna to take him to Yudhishthira, whom he cannot see. On the way Krishna points out the ruined battlefield, with the dead, the dying and the grieving relatives. Krishna then names the places where the Kaurava and Pandava heroes are fighting. The chapter closes with fresh fighting breaking out as the two hosts meet again."
B08C059,B08,Karna Parva,59,59,59,7180,7335,2,1628,"Karna faces the Pandava leaders alone and drives them back, while Dhrishtadyumna and Satyaki fight him with great skill. Ashvatthama then turns on Dhrishtadyumna, the man who killed his father Drona, and disarms him. Ashvatthama is about to kill him when Arjuna strikes Ashvatthama down, and Sahadeva carries Dhrishtadyumna away to safety. Karna then challenges Arjuna, and Krishna turns the chariot toward the samsaptakas."
B08C060,B08,Karna Parva,60,60,60,7337,7537,2,2230,"Krishna shows Arjuna that Yudhishthira is under heavy attack from Duryodhana and the Kaurava host, and that Karna is driving forward toward Arjuna's side. Krishna urges Arjuna to face Karna and to rescue the king. He also gives news that Yudhishthira is alive and that Bhima is holding the field. The chapter ends with Sanjaya reporting that Bhima has checked the Kaurava army and that Arjuna has destroyed the samsaptakas."
B08C061,B08,Karna Parva,61,61,61,7539,7703,5,1645,"Dhritarashtra asks Sanjaya what the Kauravas did after Bhima and Yudhishthira pressed their attack. Sanjaya describes the wide, paired clashes that follow: Karna against Shikhandi, Duhshasana against Dhrishtadyumna, and the others against their match. He then tells of Nakula and Vrishasena, Sahadeva and Uluka, Satyaki and Shakuni, and Bhima's rout of the elephant divisions. The chapter shows the battle breaking into many separate duels across the field."
B08C062,B08,Karna Parva,62,62,62,7705,7779,1,773,"Arjuna arrives on his chariot and Duryodhana attacks Yudhishthira with half his army. The Pandava warriors rush to protect the king, but Karna holds them all off single-handed. Karna then drives Yudhishthira back, wounds him, and sends him retreating, and Duryodhana and Bhima meet in battle. The chapter shows Karna's near-invincibility and how close Yudhishthira came to capture."
B08C063,B08,Karna Parva,63,63,63,7781,7866,1,936,"Karna destroys five hundred Kaikaya warriors and chases the wounded Yudhishthira, who is retreating toward the camp. Karna cuts down Yudhishthira's horses and the twins' chariots, and Shalya, Karna's charioteer, rebukes him for wasting his strength on the king. Shalya urges Karna to go after Arjuna or to rescue Duryodhana from Bhima. Yudhishthira, reaching camp, sends the twins to help Bhima."
B08C064,B08,Karna Parva,64,64,64,7868,8020,1,1750,"Ashvatthama and Arjuna fight a long duel in which Arjuna's divine weapons are blocked and Krishna is wounded. Ashvatthama is eventually forced to drop his bow after Arjuna cuts his horses and driver away, and his troops break and flee. Duryodhana urges Karna to stop the rout, and Karna answers with the Bhargava weapon, which wipes out the Pancalas and Cedis. Arjuna then turns from the duel with Ashvatthama to look for Yudhishthira."
B08C065,B08,Karna Parva,65,65,65,8022,8087,3,619,"Arjuna, having beaten Ashvatthama, asks Bhima where Yudhishthira is, and Bhima says the king may have been mortally wounded and has gone to camp. Arjuna and Bhima argue over who should go to the king, with each unwilling to be seen as running from the fight. Krishna then takes Arjuna to Yudhishthira, who is alone and wounded, and Yudhishthira is glad to see them, believing Karna is dead. The chapter ends with the reunion, before the king's own account of what happened."
B08C066,B08,Karna Parva,66,66,66,8089,8211,1,1479,"Yudhishthira greets Krishna and Arjuna, assuming they have killed Karna, and asks for the details. He recounts how Karna had beaten him, cut down his standard and horses, and humiliated him in front of the army, and how he survived only through Bhima's help. He says he has feared Karna for thirteen years and asks Arjuna to describe Karna's death. The chapter shows the king's pain and resentment as the basis for the rebuke that follows."
B08C067,B08,Karna Parva,67,67,67,8213,8283,1,796,"Arjuna reports his battle with Ashvatthama, whom he drove off, and his destruction of five hundred warriors before he moved toward Karna's division. He says no other Srinjaya can resist Karna, and he asks Satyaki, Dhrishtadyumna, Yudhamanyu and Uttamauja to guard his chariot. He then vows to fight Karna and kill him that day, with all his kin, or else accept the shame of a broken vow. He asks Yudhishthira for his blessing."
B08C068,B08,Karna Parva,68,68,68,8285,8360,1,892,"Yudhishthira, furious that Arjuna has left Bhima behind and fled from Karna, accuses him of cowardice and breaking his earlier promise. He recalls the old prophecy of a heavenly voice that promised Arjuna great feats, and says it has come to nothing. He then mocks Arjuna's bow Gandiva, his car, and his banner, and says he would be better off not born. The chapter sets up the quarrel that follows between the two brothers."
B08C069,B08,Karna Parva,69,69,69,8362,8565,5,2292,"Arjuna draws his sword to kill Yudhishthira for saying he should give up the Gandiva, and Krishna stops him. Krishna argues at length that Arjuna's vow is misguided and that truth and falsehood depend on circumstance, citing the stories of the hunter Valaka and the ascetic Kausika. Arjuna asks for a way to keep his vow without killing his brother, and Krishna proposes that Arjuna insult Yudhishthira by addressing him as 'thou' instead of with respect. The chapter shows Krishna's guidance on dharma, which steers the brothers toward a face-saving solution."
B08C070,B08,Karna Parva,70,70,70,8567,8745,4,2047,"Arjuna, applauding Krishna's advice, turns on Yudhishthira with harsh words, saying he sits far from the fighting while Bhima does the real work. He blames the king for the gambling that brought the Kauravas' war on the family, and lists his own feats in battle. Realising his wrong, Arjuna is overcome with shame and draws his sword to kill himself, but Krishna stops him. Yudhishthira, in turn, offers his own head and prepares to leave for the forest, until Krishna and Arjuna beg his forgiveness and he accepts their apology."
B08C071,B08,Karna Parva,71,71,71,8747,8849,6,1012,"Krishna tells Arjuna that his shame over the harsh words was misplaced, and urges him to make peace with Yudhishthira before going after Karna. The brothers embrace and make up, and Arjuna swears to kill Karna and his followers that day. Yudhishthira blesses him and urges him on to victory, as Indra once did against Vritra."
B08C072,B08,Karna Parva,72,72,72,8851,8950,2,1092,"Arjuna prepares his chariot for the fight with Karna, and Krishna has his charioteer Daruka yoke the horses. Omens of success appear, with birds gathering and the directions growing calm, while all creatures expect Karna's death. Krishna then warns Arjuna not to underrate Karna, describing him as a warrior of great skill and power who is nearly Arjuna's equal. The chapter sets the stage for the final duel between the two."
B08C073,B08,Karna Parva,73,73,73,8952,9223,1,3152,"Krishna gives Arjuna a long review of the war so far, naming the great warriors on both sides who have fallen. He credits Arjuna with slaying Jayadratha and recalls Karna's role in Abhimanyu's death and Karna's insults to Draupadi in the assembly. He urges Arjuna to kill Karna that day and not to spare his own kin or teachers on the other side. The chapter gives the moral and personal stakes behind the final duel."
B08C074,B08,Karna Parva,74,74,74,9225,9336,1,1341,"Arjuna, reassured by Krishna, stretches his bow and vows to kill Karna that day, saying that his arrows will settle every score. He boasts of his own skill and of his past wrongs, and repeats the insults he suffered at Karna's hands. He says that Karna will fall and that Duryodhana, Dhritarashtra and the Kauravas will be destroyed. He then sets out for the battlefield to rescue Bhima and cut Karna down."
B08C075,B08,Karna Parva,75,75,75,9338,9406,4,601,"Dhritarashtra asks Sanjaya how the battle went when Arjuna went into it. Sanjaya describes the general melee, with the Pandava and Srinjaya forces hurling themselves at the Kaurava leaders in many pairings. Uttamauja kills Karna's son Sushena, and Karna's grief turns to rage as he cuts down Uttamauja's horses and chariot. Bhima then appears in the thick of the fighting, scorching Duryodhana's sons' forces."
B08C076,B08,Karna Parva,76,76,76,9408,9544,5,1392,"Bhima, surrounded and anxious about Yudhishthira and Arjuna, asks his charioteer Visoka to drive him into the thick of the Kaurava host. Visoka reports how many weapons Bhima has left, and Bhima pledges to fight to the end. Visoka then tells him that Arjuna is coming, and Bhima rewards the news with villages, slaves and chariots. The chapter shows Bhima's ferocity and the relief of hearing that his brother is near."
B08C077,B08,Karna Parva,77,77,77,9546,9718,1,1988,"Arjuna urges Krishna onward, and the Kaurava warriors surge forward to block him, but Arjuna cuts them down and pushes toward Karna's division. Bhima, hearing of his brother's coming, renews his assault and creates a river of blood across the field. Duryodhana then orders Shakuni to slay Bhima, and Shakuni is wounded and carried off from the battle. The Kaurava army, shaken by Bhima and Arjuna, rallies under Karna, their refuge, and goes back into battle."
B08C078,B08,Karna Parva,78,78,78,9720,9861,2,1584,"Dhritarashtra asks Sanjaya what Duryodhana, Karna and the others did once Bhima had broken the Kaurava lines. Sanjaya reports that Karna, driven by Shalya, charges into the Pancala and Srinjaya ranks and wounds many Pandava warriors, including Satyaki, Bhima and the sons of Draupadi. The Pandava army falls back before him, and the Kaurava side rejoices. The chapter shows Karna's sudden recovery of the Kaurava fortunes."
B08C079,B08,Karna Parva,79,79,79,9863,10099,4,2633,"Arjuna, having slain many of the enemy, sees Karna and orders Krishna to drive toward him, vowing not to return without killing him. Shalya warns Karna that Arjuna is coming alone and that Krishna is at his side, but Karna answers with confidence and boasts of his own strength. Karna then recounts Arjuna's feats and divine weapons and sends the Kaurava warriors to block Arjuna's path and tire him out. The chapter sets up the final clash between the two heroes, with Kaurava warriors pressing in on Arjuna from every side."
B08C080,B08,Karna Parva,80,80,80,10101,10179,2,795,"Arjuna leaves Karna's division to rescue Bhima and scatters the Kaurava host with a torrent of arrows, breaking their ranks and forcing them to flee. He then meets Bhima, who has been fighting alone, and tells him that Yudhishthira's wounds have been dressed and he is well. Ten of Duryodhana's brothers then try to block Arjuna, and he kills them all with his arrows. The chapter shows Arjuna's ferocious advance and his brothers' reunion."
B08C081,B08,Karna Parva,81,81,81,10181,10307,1,1370,"Ninety Samsaptaka chariots charge Arjuna, and he destroys them all as Krishna drives toward Karna. A wider Kaurava force then rushes in to block his way, and Mlecchas on elephants attack his flank, but Arjuna routs them. Bhima, having cleared the rest of the Kaurava army, joins Arjuna and crushes the elephant divisions, and the Kaurava host breaks and flees. Karna then shelters the fleeing Kauravas and steps forward to face the Pancalas, who are overwhelmed by his shafts."
B08C082,B08,Karna Parva,82,82,82,10309,10431,1,1374,"Karna destroys the Pancala warriors one by one, cutting down Janamejaya's driver, Satyaki's horses, and the sons of Karna, Prasena and others. Krishna urges Arjuna to go and kill Karna, and Arjuna and Bhima drive toward Karna's chariot, fighting along the way. Five Pancala commanders try to stop Karna, but he defeats them, and the sons of Draupadi rescue them. Duhshasana and Bhima then fight a fierce duel, in which Duhshasana wounds Bhima badly, and Bhima recovers and roars."
B08C083,B08,Karna Parva,83,83,83,10433,10549,1,1321,"Duhshasana fights Bhima fiercely, but Bhima hurls his mace, knocks him from his chariot, and kills him. Bhima, recalling the insults to Draupadi, drinks Duhshasana's blood and boasts of it, and the Kaurava warriors flee in terror. Yudhamanyu kills Citrasena, and Bhima promises to kill Duryodhana next. The chapter is one of the most violent and vengeful in the book, and it marks the fulfilment of Bhima's oath."
B08C084,B08,Karna Parva,84,84,84,10551,10673,1,1339,"Ten of Duryodhana's brothers attack Bhima to avenge Duhshasana, and Arjuna cuts them all down. Karna is shaken, and Shalya urges him to fight on, since the whole burden of the war rests on him. Karna's son Vrishasena fights Nakula, cuts down his chariot and horses, and then destroys his shield and sword. Nakula leaps onto Bhima's chariot, and Arjuna and Bhima counterattack, and Arjuna turns to face Vrishasena."
B08C085,B08,Karna Parva,85,85,85,10675,10814,2,1525,"The Pandava warriors and the sons of Draupadi charge to aid Nakula, and the Kaurava leaders stand against them. Kripa, Ashvatthama, Kritavarma and others fight the Pancalas and Srinjayas while Kulinda elephants are cut down one by one. Vrishasena wounds Arjuna and Krishna, and Arjuna, enraged, vows to kill him before killing Karna and Duryodhana. Arjuna cuts Vrishasena down, and the sight of his son's death drives Karna into a rage as he rushes at Arjuna and Krishna."
B08C086,B08,Karna Parva,86,86,86,10816,10876,2,621,"Krishna sees Karna's chariot approaching, with Shalya at the reins, and urges Arjuna to stay calm and fight. He reminds Arjuna of Shiva's favour and of the boons Arjuna has won, and says only Arjuna can face Karna's arrows. Arjuna answers with confidence, vowing that Karna will be slain that day, and drives his chariot forward to meet him. The chapter sets up the final duel."
B08C087,B08,Karna Parva,87,87,87,10878,11150,3,3045,"Karna and Arjuna close in on each other amid the cheers of their armies, and the gods and other beings take sides. Indra and Surya argue over which side should win, and Brahma and Shiva favour Arjuna while also urging that the outcome not destroy the world. Krishna tells Arjuna that Karna cannot harm him, and Arjuna answers by vowing to destroy Karna and Shalya that day. The chapter sets the stage for the climax of the duel."
B08C088,B08,Karna Parva,88,88,88,11152,11273,1,1378,"Arjuna and Karna fight at the centre of a huge battle, with the gods and other beings watching from the sky. Arjuna drives back five Kaurava leaders, Duryodhana among them, and destroys their chariots, and the gods shower him with flowers. Drona's son then begs Duryodhana to make peace with the Pandavas, pointing out that Arjuna is invincible. Duryodhana refuses, citing Bhima's threats and Karna's confidence, and orders his troops to attack."
B08C089,B08,Karna Parva,89,89,89,11275,11606,9,3525,"Arjuna and Karna, both furious, trade volleys of arrows, and Karna's shafts seem to hold their own against Arjuna's. Arjuna's weapons are repeatedly blocked by Karna's counter-weapons, including the Bhargava weapon, and the Pancalas and Somakas who come to Arjuna's aid are slaughtered. Bhima, angry at the setback, urges Arjuna on, and Krishna reminds him of his strength and of Shiva's gifts. Arjuna then unleashes the brahmastra, the mightiest weapon, and the Kaurava army is driven back, until Karna, undaunted, presses his attack."
B08C090,B08,Karna Parva,90,90,90,11608,11965,2,4237,"Karna and Arjuna trade ever fiercer weapons, until the serpent Aswasena, who once hated Arjuna for the death of his mother, slips into Karna's quiver as an arrow. Karna shoots it, and Krishna presses down the chariot to save Arjuna, but the arrow knocks off Arjuna's diadem. Later Karna's chariot wheel sinks into the earth under a Brahmana's curse, and Karna, forgetting the brahmastra he once learned, begs Arjuna to wait while he frees the wheel. Krishna urges Arjuna to press on, and the chapter ends with Karna pleading for mercy on the rules of war."
B08C091,B08,Karna Parva,91,91,91,11967,12165,2,2285,"Krishna confronts Karna with a long list of his past wrongs: the dice match, the abuse of Draupadi in the assembly, the attempts on the Pandavas' lives, and the killing of Abhimanyu. Karna, shamed, fights on and wounds Arjuna, but Arjuna, stirred to rage, cuts off Karna's standard and then kills him with the Anjalika weapon, which takes off his head. The Kauravas, seeing their champion dead, begin to flee. The chapter marks Karna's death and the collapse of the Kaurava front."
B08C092,B08,Karna Parva,92,92,92,12167,12215,1,511,"Shalya comes to Duryodhana's side on his bare chariot and mourns the fall of Karna and the destruction of the Kaurava army. Some Kauravas flee in terror, while Bhima and the Pandava troops celebrate with shouts and dance. Shalya tells Duryodhana that Destiny has favoured the Pandavas and that such losses are part of fate. Duryodhana, with his heart broken, sighs in grief."
B08C093,B08,Karna Parva,93,93,93,12217,12359,3,1529,"Dhritarashtra asks Sanjaya how the Kaurava and Srinjaya armies looked after Karna's fall. Sanjaya describes the complete rout of the Kauravas, who flee in disorder, while Bhima slaughters 25,000 foot soldiers and Arjuna drives into the remaining chariots. Duryodhana, still determined, tries to rally his army with a speech about the honour of dying in battle, but his men flee regardless. The chapter shows the Kaurava army collapsing once Karna is gone."
B08C094,B08,Karna Parva,94,94,94,12361,12583,4,2445,"Shalya, seeing Duryodhana near despair, describes the field strewn with dead elephants, horses and men, and urges him to withdraw to camp. Duryodhana weeps for Karna, and the Kaurava leaders lead the army back as the sun sets. Sanjaya describes Karna's corpse, which still shines like gold, and the cosmic portents that follow his death. Arjuna and Krishna then blow their conches in victory, and the Kauravas, deserting Duryodhana, leave the field."
B08C095,B08,Karna Parva,95,95,95,12585,12626,1,398,"After Karna falls, the Kauravas break and flee, and Duryodhana, on Shalya's advice, withdraws the army. Their leaders retreat in turn, and the Kaurava warriors leave the field in shame and fear. Duryodhana, stunned by defeat, orders his men to rest for the night."
B08C096,B08,Karna Parva,96,96,96,12628,12797,8,1635,"Krishna praises Arjuna's victory over Karna and tells him to report it to Yudhishthira, who had earlier been too wounded to stay on the field. The brothers go to Yudhishthira's tent, where he embraces them and learns of Karna's death from Krishna. Yudhishthira praises Krishna and Arjuna, and the Pandava army rejoices. Vaishampayana closes the Karna Parva with a note of its merit, and Dhritarashtra's grief at the news is described."
B09C001,B09,Shalya Parva,1,1,1,27,157,4,1359,"After Karna falls, Duryodhana appoints Shalya as commander, and Shalya is killed by Yudhishthira. Duryodhana hides in a lake and is found and killed by Bhima. Sanjaya returns to the Kuru capital and reports the ruin of the army to the blind king Dhritarashtra, who collapses. The chapter sets up the collapse of the Kaurava side and the grief that follows."
B09C002,B09,Shalya Parva,2,2,2,159,311,4,1723,"Dhritarashtra mourns his sons and laments that all the losses seem to be destiny. He recalls Duryodhana's boasts and the heroes who have now died. He turns to Sanjaya and asks for a full account of the battle, including who now leads the army and how the Pandavas and their allies fared."
B09C003,B09,Shalya Parva,3,3,3,313,451,1,1595,"Sanjaya describes how the Kaurava army breaks and flees after Karna's death. Bhima and Dhrishtadyumna cut down the remaining troops, Arjuna scatters the rest, and Duryodhana alone tries to rally his men. He calls on them to fight to the end rather than run."
B09C004,B09,Shalya Parva,4,4,4,453,569,1,1370,"Kripa, seeing the army broken and the Pandavas' strength, urges Duryodhana to make peace. He reminds the king of the fallen heroes, of Arjuna's power and of the Pandavas' divine allies, and says the Kauravas cannot win. Kripa speaks in tears and nearly faints."
B09C005,B09,Shalya Parva,5,5,5,571,693,2,1388,"Duryodhana rejects Kripa's advice to make peace. He lists the wrongs the Pandavas have suffered at his hands and explains that he prefers death in battle to humiliation. He resolves to fight on, and the Kauravas camp for the night, ready to keep going."
B09C006,B09,Shalya Parva,6,6,6,695,780,4,844,"The Kaurava warriors camp at the foot of the Himalayas and need a new commander. Duryodhana asks Ashvatthama to choose one, and Ashvatthama names Shalya, who accepts. Duryodhana then formally asks Shalya to lead the army, and Shalya agrees to give his all."
B09C007,B09,Shalya Parva,7,7,7,782,887,3,1138,"Shalya boasts that he alone can match the Pandava army and promises victory. He is formally installed as commander, and the Kauravas rejoice. In the Pandava camp, Yudhishthira worries about the new commander, and Krishna advises that Arjuna must kill Shalya, and the Pandavas sleep in relief."
B09C008,B09,Shalya Parva,8,8,8,889,1017,12,1085,"The two armies arm and form up for a final battle, with the Kauravas under Shalya and the Pandavas under Yudhishthira. Dhritarashtra asks how Shalya and Duryodhana fell and asks for the strength of each army. Sanjaya gives the numbers and the dispositions of both sides, and the fighting begins at dawn."
B09C009,B09,Shalya Parva,9,9,9,1019,1125,1,1152,"Sanjaya describes the battle at its most violent, with bodies, elephants and chariots heaped on the field and the blood running like a river. Arjuna and Bhima stun the Kaurava army, and Dhrishtadyumna and Shikhandi attack Shalya. The Kaurava troops break and flee, leaving their leaders and kinsmen behind."
B09C010,B09,Shalya Parva,10,10,10,1127,1272,2,1639,"Shalya charges into the Pandava host and holds it back, and the Kauravas rally to him. Nakula kills Chitrasena and then Karna's sons Satyasena and Sushena in a long duel, with the help of Sutasoma. Shalya rallies the Kaurava troops, and the battle becomes a general slaughter on both sides."
B09C011,B09,Shalya Parva,11,11,11,1274,1424,4,1575,"The battle grows more terrible as Shalya attacks the Pandava army and Yudhishthira. Omens appear, and the Kaurava commanders rush to protect Shalya. Bhima kills Shalya's driver with a mace after Shalya's lance hits him, and Shalya steps down from his chariot to face Bhima."
B09C012,B09,Shalya Parva,12,12,12,1426,1567,1,1624,"Shalya and Bhima fight a long, even mace duel, and both fall after the force of their blows. Kripa carries Shalya off the field, but Bhima gets up and challenges him again. The battle then spreads across the field, with Duryodhana wounding Chekitana with a lance, and Shalya fighting Yudhishthira until Yudhishthira cuts down his standard and wounds him."
B09C013,B09,Shalya Parva,13,13,13,1569,1676,1,1209,"Satyaki, Bhima, Nakula, Sahadeva and Yudhishthira attack Shalya together, but he holds them off and destroys their weapons one by one. Yudhishthira worries that Shalya will destroy the Pandava army, and the Pandavas continue to press him. Shalya's arrows darken the sky, and even the gods are astonished by his skill."
B09C014,B09,Shalya Parva,14,14,14,1678,1783,1,1180,"Arjuna fights Drona's son Ashvatthama and the Trigarta warriors, and his arrows scatter the Kaurava troops across the field. Arjuna cuts down Ashvatthama's mallet and mace, and Ashvatthama then kills the Pancala warrior Suratha. Arjuna fights on alone against a large Kaurava force, and the fight is fierce."
B09C015,B09,Shalya Parva,15,15,15,1785,1879,1,1049,"Duryodhana fights Dhrishtadyumna, Shikhandi meets Kritavarma and Kripa, and Shalya takes on the Pandava leaders one after another. He breaks Nakula's bow, then Satyaki charges him, and Shalya holds the field against many heroes. The chapter shows Shalya's skill as the Pandavas' main opponent."
B09C016,B09,Shalya Parva,16,16,16,1881,2036,2,1667,"The Kaurava troops push the Pandavas back, and Shalya alone fights the whole Pandava army. Yudhishthira, enraged, vows to kill Shalya, arranges his chariot with his brothers and Krishna, and challenges him. Duryodhana is wounded, Shalya's chariot is cut down, and Shalya is carried off by Ashvatthama, leaving the Kauravas in disarray."
B09C017,B09,Shalya Parva,17,17,17,2038,2287,2,2910,"Shalya fights Yudhishthira in a long, even duel, and Yudhishthira's dart finally kills him. Shalya falls with his face toward Yudhishthira, and his young brother is then killed too. The Kaurava army breaks in terror, and the Pandavas celebrate. Satyaki and Kritavarma also fight a duel, and Kritavarma is carried off."
B09C018,B09,Shalya Parva,18,18,18,2289,2383,3,955,"After Shalya dies, his 1,700 Madraka chariot warriors charge into the Pandava host despite Duryodhana's orders to hold back. Shakuni points out that the Kauravas must support them, and the whole Kaurava army moves to help. The Pandavas, however, destroy the Madrakas, and the Kaurava army flees."
B09C019,B09,Shalya Parva,19,19,19,2385,2528,1,1656,"With Shalya dead, most of the Kaurava army flees in panic, and the Pandavas and Panchalas pursue them. Duryodhana tries to rally his troops, telling them that running is pointless and that they should die fighting. Bhima crushes 21,000 Kaurava foot-soldiers with his mace, and the Kauravas turn to fight again."
B09C020,B09,Shalya Parva,20,20,20,2530,2610,1,901,"Salwa, king of the Mlecchas, rides a huge elephant into the Pandava army and drives it back in panic. Dhrishtadyumna attacks the elephant, which kills his chariot driver and horses. Bhima, Shikhandi and Satyaki stop the elephant, Dhrishtadyumna kills it with a mace, and Satyaki beheads Salwa with an arrow."
B09C021,B09,Shalya Parva,21,21,21,2612,2691,1,873,"After Salwa's death the Kaurava army breaks, but Kritavarma rallies it and battles Satyaki. Satyaki kills Kshemakirti, then disarms and strips Kritavarma of his chariot. Kripa carries Kritavarma away, and Duryodhana stands alone against the Pandavas, while the Kaurava army once again flees."
B09C022,B09,Shalya Parva,22,22,22,2693,2803,1,1250,"Duryodhana fights almost alone against the Pandavas, wounding each of them, and the Kaurava warriors rally round him. The fighting spreads into many single combats: Ashvatthama and Bhima, Shakuni and Yudhishthira, Uluka and Nakula, and Kripa against the sons of Draupadi. Dust covers the field until the blood settles it, and the battle goes on at noon."
B09C023,B09,Shalya Parva,23,23,23,2805,2998,1,2215,"The Kauravas rally, but the battle turns into a chaotic slaughter in which Shakuni, with the Gandhara horsemen, attacks the Pandava rear. Yudhishthira sends Sahadeva and Draupadi's sons against him, and a massive, bloody cavalry and infantry struggle follows. Both sides are left exhausted, and Shakuni retreats with a small remnant, though the Kauravas and Pandavas go on killing one another, with omens of ruin all around."
B09C024,B09,Shalya Parva,24,24,24,3000,3147,2,1638,"Shakuni rallies his last seven hundred horsemen and sends them against the Pandavas, claiming the Pandava chariots are already beaten. Arjuna answers Krishna with a bitter speech, blaming Duryodhana's obstinacy for a war that should have ended after Bhishma's fall, and vowing to kill the Kaurava warriors. He then drives into the enemy host and burns through its ranks with his arrows."
B09C025,B09,Shalya Parva,25,25,25,3149,3273,1,1371,"Arjuna's arrows scatter the Kaurava army, and many of its warriors flee or fall. Dhrishtadyumna kills Duryodhana's horses and driver, and Duryodhana rides off on horseback. Three thousand Kaurava elephants surround the Pandavas, but Arjuna and Bhima destroy them. Ashvatthama, Kripa and Kritavarma search for Duryodhana, and a Kuru warrior, captured by Satyaki, tells how the Kauravas were beaten."
B09C026,B09,Shalya Parva,26,26,26,3275,3362,1,974,"After the elephant division is destroyed, Duryodhana's brothers charge Bhima together, and Bhima kills them one by one. Srutarvan, the last of them, attacks Bhima, is disarmed, and is beheaded. Bhima then cuts down hundreds of Kaurava chariots, elephants, foot-soldiers and horses, and the surviving Kaurava army is left very thin."
B09C027,B09,Shalya Parva,27,27,27,3364,3483,1,1338,"Only Duryodhana and his son Sudarsana are left of Dhritarashtra's sons, and Duryodhana stays among his cavalry. Krishna urges Arjuna to strike at him, and Arjuna boasts that he will kill the remaining Kaurava warriors. Arjuna, Bhima and Sahadeva attack, Duryodhana wounds Sahadeva, and Arjuna destroys the Trigartas, while Bhima kills Sudarsana. The Kauravas are left in a desperate fight."
B09C028,B09,Shalya Parva,28,28,28,3485,3633,1,1694,"Shakuni attacks Sahadeva, while Bhima fights Uluka, and the battle becomes a field of severed limbs. Duryodhana urges the fleeing Kauravas back into the fight. Sahadeva kills Uluka and then breaks Shakuni's weapons one by one. He finally cuts off Shakuni's head, and the Kaurava army flees in terror."
B09C029,B09,Shalya Parva,29,29,29,3635,3865,4,2587,"The last Kaurava troops are wiped out and Duryodhana, alone and wounded, flees to a lake and hides in it by magic. Sanjaya is spared by Vyasa's intervention, finds Duryodhana at the lake, and hears his lament. The surviving Kaurava warriors and women flee the camp, and Yuyutsu brings the news to Vidura in Hastinapura."
B09C030,B09,Shalya Parva,30,30,30,3867,4026,4,1725,"Kripa, Ashvatthama and Kritavarma go to the lake and urge Duryodhana to fight on. Duryodhana, weary and wounded, refuses until the next day. Ashvatthama swears to kill every Panchala that night, but a group of huntsmen overhears the conversation and tells the Pandavas where Duryodhana is hiding. The Pandavas come to the lake, and the three warriors leave to rest under a banyan tree."
B09C031,B09,Shalya Parva,31,31,31,4028,4221,10,2002,"The Pandavas reach the lake where Duryodhana is hidden by his magic. Krishna urges Yudhishthira to fight illusion with cunning, citing past victories won by stratagem. Yudhishthira taunts Duryodhana for hiding like a coward. Duryodhana replies that he only rested from exhaustion, then declares he no longer wants the earth, which is empty of heroes, and offers to give it up and retire to the forest. Yudhishthira refuses the gift and insists that the Kauravas must fight."
B09C032,B09,Shalya Parva,32,32,32,4223,4416,12,1866,"Duryodhana rises from the lake, armed with his mace, and taunts the Pandavas. He says he is alone and unfit to face so many, but he offers a one-on-one mace duel. Yudhishthira agrees and promises him the kingship if he kills one of them. Yudhishthira then rebukes him for the killing of Abhimanyu, and Duryodhana arms himself and challenges the brothers to fight him one by one."
B09C033,B09,Shalya Parva,33,33,33,4418,4561,4,1577,"Krishna criticises Yudhishthira for offering the kingship to whoever kills a Pandava, arguing that Duryodhana is too skilled with the mace. Bhima answers that he will fight Duryodhana and kill him, and he speaks of the Pandavas' many wrongs. Duryodhana replies with defiance, boasting that he has never been beaten in fair combat and that the Pandavas have suffered enough. The two heroes are set to fight with maces."
B09C034,B09,Shalya Parva,34,34,34,4563,4613,1,517,"Balarama arrives at the field to watch the mace duel between his two pupils, Bhima and Duryodhana. The Pandavas and Krishna greet him warmly, and he takes his seat among the kings to witness the contest."
B09C035,B09,Shalya Parva,35,35,35,4615,4825,6,2250,"Janamejaya asks why Balarama left the war and where he went. Vaishampayana explains that Balarama, unwilling to take either side, toured the Sarasvati river and its sacred sites, giving gifts along the way until he reached Kurukshetra. He begins the list of sacred spots with Prabhasa, where the moon was cured of a wasting curse."
B09C036,B09,Shalya Parva,36,36,36,4827,4956,3,1405,"Balarama bathes at the sacred pool of Udapana, which Vaishampayana ties to the story of the ascetic Trita. Trita's two brothers left him to die in a well, but he performed a sacrifice in his mind, the Sarasvati rose to lift him out, and he cursed his brothers to become wolves. The chapter is part of Balarama's tour of the holy places along the Sarasvati."
B09C037,B09,Shalya Parva,37,37,37,4958,5114,3,1678,"Balarama tours a series of sacred places along the Sarasvati, including Vinasana, Subhumika, the Gandharva shrine, Gargasrota, Sankha and Nagadhanwana. The river turns east so that the sages of Naimisha can find room for their rites, and Balarama reaches Sapta-Saraswat, where the sage Mankanaka once performed penances."
B09C038,B09,Shalya Parva,38,38,38,5116,5253,3,1520,"Janamejaya asks why the place is called Sapta-Saraswat and who Mankanaka was. Vaishampayana explains that the Sarasvati appears in seven forms, which join at this place, and recounts several sacrifices where she manifested. He then tells how Mankanaka's seed, kept in a jar, became seven sages, and how Mankanaka danced in delight at a juice that flowed from his wound until Mahadeva showed him ash and taught him humility."
B09C039,B09,Shalya Parva,39,39,39,5255,5347,3,956,"Balarama goes on to Usanas, also called Kapalamochana, where Sukra once performed penance. Janamejaya asks how the place got its name, and Vaishampayana tells how Rama's severed Rakshasa head stuck to the thigh of the sage Mahodara until he bathed at the tirtha and was freed. Balarama then visits the asylum of Rushangu and nearby holy places."
B09C040,B09,Shalya Parva,40,40,40,5349,5427,2,825,"Janamejaya asks how Arshtishena, Sindhudwipa, Devapi and Vishvamitra gained the status of Brahmanas. Vaishampayana tells how Arshtishena, after failing to learn in his teacher's house, won mastery of the Vedas through penance and gave the place its boons. He then tells how the Kshatriya king Vishvamitra, defeated by Vasishtha's magic cow, did austerities at this tirtha and became a Brahmana."
B09C041,B09,Shalya Parva,41,41,41,5429,5526,2,1037,"Balarama reaches the asylum of the sage Dalvya Vaka, who once cursed King Dhritarashtra's kingdom through a sacrifice after the king mocked him over dead cattle. The king begged forgiveness and the kingdom was restored. Vaishampayana then tells of Brihaspati and Yayati's sacrifices at this river site, before Balarama moves on to Vasishthapavaha."
B09C042,B09,Shalya Parva,42,42,42,5528,5624,3,980,"Janamejaya asks why the Vasishthapavaha current is so swift and what caused the feud between Vasishtha and Vishvamitra. Vaishampayana tells how the rival sages fought for superiority, how Vishvamitra ordered the Sarasvati to bring Vasishtha so that he could kill him, and how the river carried Vasishtha to Vishvamitra's bank and back. Angered by the trick, Vishvamitra cursed the river to flow with blood for a year."
B09C043,B09,Shalya Parva,43,43,43,5626,5756,6,1201,"The cursed Sarasvati flows with blood, and Rakshasas gather to drink it. Sages purify the river, and the Rakshasas are freed by rules about the foods they may eat, and the river is turned into the Aruna branch. Indra, guilty of killing his friend Namuchi, is cleansed by bathing at this confluence. Balarama then visits the Soma tirtha, where Skanda won his command after defeating Taraka."
B09C044,B09,Shalya Parva,44,44,44,5758,5882,2,1388,"Janamejaya asks how Skanda was invested as commander of the celestial army. Vaishampayana tells how Shiva's seed fell into fire, passed to the Ganga and then to Himalaya, and grew into the child Skanda, who was nursed by the six Krittikas and grew six faces. The gods gathered to see him, Shiva divided himself into four forms to meet the four who were expecting him, and Brahma appointed Skanda commander. The gods then gathered by the Sarasvati at Himalaya."
B09C045,B09,Shalya Parva,45,45,45,5884,6117,1,2592,"The gods and many other beings gather at Himalaya for Skanda's installation as commander. Brahma, Kasyapa and the others pour sacred water over him, and each god gives him companions and warriors. A long catalogue lists the many strange-looking followers who join him, and they dance in joy at his coronation."
B09C046,B09,Shalya Parva,46,46,46,6119,6449,51,2258,"Vaishampayana lists the mother goddesses who become Skanda's followers, describes their forms and powers, and lists the weapons and gifts the gods give him. Skanda sets out against the Daityas, kills Taraka and other demon chiefs, and pierces Mount Krauncha to destroy Vana. The chapter ends with Balarama bathing at Taijasa, the place where Varuna was installed."
B09C047,B09,Shalya Parva,47,47,47,6451,6537,4,830,"Janamejaya asks how Varuna was installed as lord of the waters at this tirtha. Vaishampayana tells how the gods made Varuna lord of rivers and seas, and how Agni hid in a Sami tree after Bhrigu's curse until the gods found him. Balarama then visits Brahmayoni, the Kuvera tirtha and Vadarapachana."
B09C048,B09,Shalya Parva,48,48,48,6539,6698,3,1770,"At Vadarapachana, the maiden Sruvavati, daughter of Bharadwaja, does harsh penance to win Indra as her husband. Indra tests her by asking her to boil jujubes, and she burns her own feet to keep the fire going, and he grants her a boon. The place becomes a sacred tirtha, and Vaishampayana tells how Arundhati and Shiva first made it holy. Balarama then goes on to the tirtha of Sakta."
B09C049,B09,Shalya Parva,49,49,49,6700,6761,1,632,"Balarama visits a string of sacred sites: Indra's tirtha, where Indra performed a hundred horse sacrifices; Rama's tirtha, where Parashurama gave the earth to his teacher; and the Yamuna, where Varuna performed a Rajasuya. He then reaches the Aditya tirtha, where Surya gained his power and where Vyasa and others live."
B09C050,B09,Shalya Parva,50,50,50,6763,6923,4,1688,"Vaishampayana tells the story of Asita-Devala, a householder of perfect equanimity, and his guest, the mendicant Jaigishavya. Devala finds Jaigishavya in two places at once, sees him travelling through the heavens, and is told he has gone to Brahman. Devala then renounces the householder's life for liberation under Jaigishavya's guidance. Narada criticises Jaigishavya, but the gods defend him, and Balarama bathes at this place before going on to the Soma tirtha."
B09C051,B09,Shalya Parva,51,51,51,6925,7074,10,1397,"Balarama visits the tirtha of the sage Sarasvata, who taught the Vedas during a twelve-year drought. Vaishampayana tells how Sarasvata was the son of the sage Dadhichi and the river Sarasvati, and how the gods later took Dadhichi's bones to make a thunderbolt for Indra. In the drought, Sarasvata fed the sages and then taught the Vedas to 60,000 of them. Balarama gives gifts and moves on."
B09C052,B09,Shalya Parva,52,52,52,7076,7171,9,744,"Janamejaya asks about a maiden who devoted herself to penance. Vaishampayana tells the story of the daughter of Kuni-Garga, who did penance without marrying until Narada said that she had no place in heaven without marriage. She offered half her merit to any husband, and the sage Sringavat accepted her for one night. She gave a boon to the tirtha and went to heaven, and Sringavat followed her. Balarama hears that Shalya has been killed and asks the sages about the battle."
B09C053,B09,Shalya Parva,53,53,53,7173,7244,3,713,"The sages explain to Balarama that Samantapanchaka is the northern altar of Brahman and that Kurukshetra is named after King Kuru, who ploughed the field. Indra promised heaven to those who die there in battle or by fasting. The sages describe the sanctity of the land, its boundaries, and the blessings it brings."
B09C054,B09,Shalya Parva,54,54,54,7246,7348,3,1044,"Balarama visits a sacred hermitage, then climbs the Himalayan foothills through a series of tirthas. Narada arrives and tells him of the deaths of the Kuru heroes, the flight of the last three warriors, and Duryodhana's rise from the lake to face Bhima. Balarama sets out in his chariot to watch the duel between his two pupils."
B09C055,B09,Shalya Parva,55,55,55,7350,7456,3,1104,"Dhritarashtra asks how his son fought Bhima once Balarama arrived. Sanjaya explains that Yudhishthira honoured Balarama, who praised Kurukshetra as a holy field where warriors who die go to heaven. Duryodhana and Bhima take their places on a sandless spot south of the Sarasvati, with their maces, and the kings and gods gather to watch them, as the two circle each other like great beasts."
B09C056,B09,Shalya Parva,56,56,56,7458,7562,2,1205,"Dhritarashtra laments that his son, once a lord of armies, must now fight on foot with a mace. Sanjaya describes frightful omens, and Bhima vows to avenge the Kauravas' wrongs and to kill Duryodhana. Duryodhana mocks Bhima's boasting and challenges him to act, and the crowd cheers them on as they advance."
B09C057,B09,Shalya Parva,57,57,57,7564,7721,2,1749,"The mace duel between Duryodhana and Bhima is long and even. The two strike and circle, and the gods and onlookers cannot tell who will win. Duryodhana strikes Bhima on the head and flank, and Bhima answers with a blow that drops Duryodhana to his knees. Duryodhana rises and knocks Bhima down, wrecking his chest armour. Bhima recovers and stands again, and the blows and circling continue until the end of the day."
B09C058,B09,Shalya Parva,58,58,58,7723,7859,2,1532,"Arjuna asks Krishna who is the better fighter, and Krishna explains that Duryodhana has more skill but Bhima more strength. Krishna argues that Bhima must use a trick to win, and Arjuna gives Bhima a signal. Bhima strikes Duryodhana's thighs with his mace as Duryodhana jumps, breaking them, and Duryodhana falls with the sky and earth shaking around him."
B09C059,B09,Shalya Parva,59,59,59,7861,7938,1,888,"Bhima stands over the fallen Duryodhana, mocks him for the old insults about Draupadi, and sets his foot on the king's head. The Somakas disapprove, and Yudhishthira rebukes Bhima for the insult and then mourns Duryodhana, blaming his fate and his own acts."
B09C060,B09,Shalya Parva,60,60,60,7940,8077,7,1336,"Dhritarashtra asks what Balarama did when Duryodhana was struck down. Sanjaya reports that Balarama condemned the blow below the navel and rushed at Bhima with his plough. Krishna stopped him by reminding him of the Pandava vow and Maitreya's curse, and Balarama left for Dwaraka. Krishna then asks Yudhishthira why he tolerated Bhima's act, and Yudhishthira explains his grief and his indifference. Bhima exults, and Yudhishthira tells his brothers the war is over."
B09C061,B09,Shalya Parva,61,61,61,8079,8256,6,1876,"The Pandavas and Panchalas rejoice over Duryodhana's fall, and Krishna orders them to stop their taunts. Duryodhana, propped up and in agony, bitterly accuses Krishna of trickery and lists the Pandavas' tricks against the Kaurava warriors. Krishna answers with a list of Duryodhana's own crimes, and Duryodhana declares that he dies a fortunate king and will go to heaven while his enemies remain in misery."
B09C062,B09,Shalya Parva,62,62,62,8258,8388,12,1051,"The Pandavas go to Duryodhana's emptied tent, and Krishna has Arjuna get down first. Arjuna's chariot, already scorched by Drona and Karna, bursts into flames and is burnt to ashes after Krishna leaves it. Krishna then embraces Yudhishthira and praises the victory. The Pandavas take the Kaurava treasure, camp by the Oghavati, and send Krishna to Hastinapura to comfort Gandhari."
B09C063,B09,Shalya Parva,63,63,63,8390,8556,2,1897,"Janamejaya asks why Krishna went again to Hastinapura after the war. Vaishampayana explains that Yudhishthira feared Gandhari's wrath over her sons' deaths and sent Krishna to calm her. Krishna speaks to Dhritarashtra about the causes of the war and to Gandhari about her own earlier words, comforts them both, and leaves in haste when he learns of Drona's son's plan to attack the Pandavas at night."
B09C064,B09,Shalya Parva,64,64,64,8558,8663,2,1176,"Dhritarashtra asks what Duryodhana said as he lay broken on the field. Sanjaya reports Duryodhana's lament: he recalls his wealth, power and honour, accuses Bhima of an unfair blow, and sends messages to his parents and his allies. He calls on Ashvatthama to avenge him, and then sends the messengers away."
B09C065,B09,Shalya Parva,65,65,65,8665,8778,5,1168,"Ashvatthama, Kripa and Kritavarma, the last Kaurava warriors, find Duryodhana lying broken on the field. Ashvatthama laments his fate, and Duryodhana tells him that death is fated and that he dies in battle as a Kshatriya should. Ashvatthama swears to kill every Panchala that night, and Duryodhana has Kripa install him as commander. Ashvatthama embraces the king and leaves, and the king lies alone through the night. The chapter closes the Shalya Parva."
B10C001,B10,Sauptika Parva,1,1,1,27,210,11,1752,"After the defeat, the three surviving Kaurava warriors, Ashvatthama, Kripa and Kritavarma, flee south and then east into a dense forest and rest under a huge banyan tree. Dhritarashtra, through Sanjaya, laments the death of Duryodhana and asks what the three did next. That night Ashvatthama watches an owl slaughter sleeping crows and decides to copy the tactic by attacking the sleeping enemy camp. This decision drives the rest of the Sauptika Parva."
B10C002,B10,Sauptika Parva,2,2,2,212,309,6,901,"Kripa answers Ashvatthama's plan with a long argument that success depends on both destiny and human effort. He says that action is never fruitless, that idleness brings misery, and that Duryodhana ruined himself by ignoring his well-wishers. He advises that the three should first seek counsel from Dhritarashtra, Gandhari and Vidura before acting."
B10C003,B10,Sauptika Parva,3,3,3,311,412,6,924,"Ashvatthama rejects Kripa's advice and argues that every man trusts his own judgment, which shifts with age and fortune. He explains that, though born a Brahmana, he is bound by Kshatriya duty to avenge his father. He then lays out his plan to attack the sleeping Panchalas in their camp and kill them, Dhrishtadyumna included."
B10C004,B10,Sauptika Parva,4,4,4,414,498,4,856,"Kripa and Kritavarma urge Ashvatthama to rest for the night and promise to fight beside him in the morning. Ashvatthama refuses, citing his grief for his father, his rage at the Pandava victory, and his desire to kill Dhrishtadyumna. He vows to slay his enemies while they sleep before he takes any rest."
B10C005,B10,Sauptika Parva,5,5,5,500,613,6,1129,"Kripa again warns Ashvatthama that killing sleeping, disarmed or surrendered men breaks the rules of dharma and would stain his name. Ashvatthama answers that the Pandavas have already broken those rules, listing the unfair deaths of his father, Karna, Bhishma, Bhurishrava and Duryodhana. He yokes his chariot, tells his companions his plan to kill Dhrishtadyumna, and rides with Kripa and Kritavarma to the Panchala camp."
B10C006,B10,Sauptika Parva,6,6,6,615,711,5,927,"At the camp gate Ashvatthama meets a huge, terrifying guardian. Every celestial weapon he hurls is swallowed by the being. Left with no weapons, Ashvatthama recalls Kripa's warning, concludes that fate has turned against him, and resolves to seek the protection of Shiva."
B10C007,B10,Sauptika Parva,7,7,7,713,916,10,1977,"Ashvatthama gets down from his chariot and praises Shiva under many names and titles. A golden altar and a blazing fire appear, surrounded by a host of strange beings. Ashvatthama offers himself into the flames, and Shiva appears, grants him a sword and enters his body, so that he sets out for the enemy camp filled with divine power."
B10C008,B10,Sauptika Parva,8,8,8,918,1319,21,3937,"Ashvatthama slips into the sleeping Pandava camp at night, kills Dhrishtadyumna in his bed, and then cuts down one warrior after another, including Draupadi's sons, Shikhandi and the Prabhadrakas. Kripa and Kritavarma kill the fugitives at the gate and set the camp on fire, and the night ends in a huge slaughter that leaves the Pandava host destroyed. Dhritarashtra asks why this was not done earlier, and Sanjaya explains that only the absence of Arjuna, Krishna and Satyaki made it possible, since the men were asleep."
B10C009,B10,Sauptika Parva,9,9,9,1321,1490,10,1676,"The three surviving Kaurava warriors find Duryodhana still alive but dying, with his thighs broken and beasts of prey circling him. They lament his fall and blame the Pandavas for an unfair blow, and Ashvatthama tells the king that he has killed Dhrishtadyumna and his sons. Duryodhana, pleased, dies, and Sanjaya reports the death to Dhritarashtra, who is plunged into anxiety."
B10C010,B10,Sauptika Parva,10,10,10,1492,1609,8,1057,"The charioteer of Dhrishtadyumna brings Yudhishthira the news of the night slaughter. Yudhishthira collapses in grief, reflects that the Pandava victory has turned to defeat through heedlessness, and sends for Draupadi. He then goes to the battlefield and is overwhelmed by the sight of his slain sons and friends."
B10C011,B10,Sauptika Parva,11,11,11,1611,1701,7,787,"Nakula brings Draupadi to Yudhishthira, and she collapses in grief for her slain sons. Bhima comforts her, and she vows to fast to death unless Ashvatthama is punished and his jewel brought to her. Draupadi urges Bhima to avenge her, and he sets out in pursuit of Ashvatthama's chariot, with Nakula as his charioteer."
B10C012,B10,Sauptika Parva,12,12,12,1703,1822,9,1061,"Krishna warns Yudhishthira that Ashvatthama, who holds the brahmashira weapon, is a danger to Bhima. He recounts how Ashvatthama once came to Dvaraka asking for Krishna's discus in exchange for the brahmashira, and how the discus could not be lifted and was refused. Krishna notes that no close relative ever asked for such a thing, so Ashvatthama's request shows a wrathful and dangerous mind."
B10C013,B10,Sauptika Parva,13,13,13,1824,1890,4,615,"Krishna mounts his chariot with Arjuna and Yudhishthira and drives after Bhima, who is charging toward Ashvatthama. They catch up with Bhima at the bank of the Ganga, where Vyasa and other sages are seated, and Ashvatthama is there in grass garments. Ashvatthama turns a blade of grass into the brahmashira and releases it against the Pandavas, and it blazes like the fire that ends the world."
B10C014,B10,Sauptika Parva,14,14,14,1892,1944,4,432,"Krishna sees Ashvatthama's intent and tells Arjuna to use the weapon that can neutralise all others. Arjuna releases his own brahmashira to counter it, and the two weapons blaze, bringing thunder, meteors and trembling to the world. Narada and Vyasa step between the weapons to calm the heroes and ask why they used such weapons against men."
B10C015,B10,Sauptika Parva,15,15,15,1946,2046,7,916,"Arjuna withdraws his weapon at the sages' urging, which only a celibate, truthful and obedient warrior can do. Ashvatthama admits he released his weapon out of fear of Bhima and cannot recall it. Vyasa persuades him to yield his gem, but Ashvatthama finally agrees to aim the weapon at the wombs of the Pandava women."
B10C016,B10,Sauptika Parva,16,16,16,2048,2169,11,998,"Krishna declares that Virata's daughter will bear a child, Parikshit, who will survive the weapon and rule the kingdom. Ashvatthama defies him, but Krishna curses him to wander for three thousand years, and Vyasa confirms the curse. Ashvatthama gives up his gem, the Pandavas bring it to Draupadi, and she gives it to Yudhishthira, ending her fast."
B10C017,B10,Sauptika Parva,17,17,17,2171,2249,5,693,"Yudhishthira asks Krishna how Ashvatthama, a warrior of little skill, could kill so many great fighters single-handed. The answer is that Ashvatthama had won the favour of Mahadeva, and the story of Rudra's withdrawal from the work of creation is told to explain the god's power. Rudra, angered that the creatures had multiplied without him, retreats to the mountains to practise harsher austerities."
B10C018,B10,Sauptika Parva,18,18,18,2251,2344,9,706,"The gods hold a sacrifice without giving Rudra a share, and Rudra, in anger, builds a bow and attacks it, injuring the gods and breaking the sacrifice. When the gods beg for mercy, Rudra restores their limbs and the sacrifice and is given offerings as his share. The narrative concludes that Ashvatthama's feats were done through Shiva's grace, so Yudhishthira should not dwell on them but act next."
B11C001,B11,Stri Parva,1,1,1,27,153,7,1250,"After the Kaurava army is destroyed, the blind king Dhritarashtra sinks into despair over the loss of his sons and allies. Sanjaya tries to console him by reminding him that grief is pointless and that he himself brought the ruin on his house through his indulgence of Duryodhana. Vidura then steps in to continue the comfort, setting up the long moral discourse that follows."
B11C002,B11,Stri Parva,2,2,2,155,248,2,1060,Vidura tries to lift Dhritarashtra out of his grief by arguing that death comes to everyone and that the warriors who died in battle have won a noble fate. He says that mourning cannot bring the dead back and only deepens suffering. He ends by telling the king that one's own actions decide one's fate.
B11C003,B11,Stri Parva,3,3,3,250,299,2,515,"Dhritarashtra says Vidura's words have eased his grief and asks how the wise free themselves from sorrow. Vidura answers that all worldly things are impermanent and that the body is like a house that wears out, while the soul passes from one body to another like a man changing clothes. He compares the fate of creatures to pots that break at many stages of making and to swimmers who dive and surface, and he says the wise attain the highest end."
B11C004,B11,Stri Parva,4,4,4,301,354,2,560,"Dhritarashtra asks Vidura how the wilderness of this world can be understood, and Vidura describes the course of life from conception through birth, suffering, and death. He shows how desire, greed, and pride blind people to their own mortality. He concludes that those who practise virtue and hold to truth can cross safely over life's difficulties."
B11C005,B11,Stri Parva,5,5,5,356,411,2,573,"Dhritarashtra asks Vidura for a fuller account of how the wilderness of duties can be safely crossed, and Vidura tells a parable. A Brahmana is trapped in a dangerous forest, falls into a pit, hangs upside down from creepers, and is threatened from every side. He keeps sipping honey and clinging to hope even as rats gnaw at the roots of the tree he hangs from."
B11C006,B11,Stri Parva,6,6,6,413,452,2,378,"Dhritarashtra asks how the man in the parable can be freed from his dangers and why he clings so strongly to life. Vidura explains that the parable is an allegory for human existence: the forest is the world, the pit is the body, and the dangers are disease, old age, death, desire, and the passing years. He concludes that understanding this allows a person to cut free from life's bonds."
B11C007,B11,Stri Parva,7,7,7,454,529,2,799,"Dhritarashtra asks Vidura to continue, and Vidura gives a fuller teaching on escaping the cycle of rebirth. He compares the body to a chariot, the senses to horses, and the mind to the driver, and says self-control, contentment, truthfulness and harmlessness lead to liberation. He ends by saying that the wise escape the wheel of life while the foolish keep wandering in it."
B11C008,B11,Stri Parva,8,8,8,531,653,3,1352,"Dhritarashtra collapses in grief and tries to end his life, but the attendants revive him. Vyasa then reminds him that all things are impermanent and that the war was fated, and he tells the story of Earth's plea to the gods, which led Vishnu to send Duryodhana to bring about the destruction of the Kauravas. Vyasa argues that the Pandavas were blameless, urges the king to live for their sake and for his own good name, and Dhritarashtra agrees to bear his grief and go on living before Vyasa leaves."
B11C009,B11,Stri Parva,9,9,9,655,719,4,607,"After Vyasa leaves, Janamejaya asks what the king and the others did next, and Vaishampayana explains that Sanjaya returns with grim news: the kings and Duryodhana are dead and the rites must be performed. Dhritarashtra falls to the ground in shock, and Vidura again tries to console him, repeating that death is the common end of all creatures and that the fallen warriors have gone to heaven."
B11C010,B11,Stri Parva,10,10,10,721,772,1,572,"Dhritarashtra orders his chariot and asks for Gandhari and the royal ladies, including Kunti, to be brought to him. They gather in grief and Vidura leads them out of the city toward the battlefield. The whole city, including its children and craftsmen, is seized with mourning, and the scene is described as a second cosmic dissolution."
B11C011,B11,Stri Parva,11,11,11,774,830,1,608,"On the road, Dhritarashtra meets Kripa, Ashvatthama and Kritavarma, the only three of Duryodhana's great warriors still alive. They tell him that Duryodhana has died and that they themselves killed the Pandava sons and the Panchalas in their sleeping camp, then fled before the Pandavas can retaliate. Kripa urges Gandhari and the king to accept the deaths as a warrior's honour, and the three then separate, with Ashvatthama going to Vyasa's hermitage."
B11C012,B11,Stri Parva,12,12,12,832,903,1,786,"Yudhishthira goes out with his brothers, Krishna and the women to meet his uncle Dhritarashtra, who has left Hastinapura in grief. The grieving women confront Yudhishthira with accusations, and the blind king embraces him without warmth. Dhritarashtra then tries to crush Bhima in his arms, but Krishna has substituted an iron figure, and the king breaks it and collapses in grief and blood."
B11C013,B11,Stri Parva,13,13,13,905,951,2,469,"Krishna, after the king has been washed, rebukes Dhritarashtra for his wrath and reminds him that his own choices and his son's bad counsel brought the ruin on him. The king admits his parental affection led him from righteousness and says he is now free of anger. He then embraces Bhima and the twin sons of Madri, and blesses them."
B11C014,B11,Stri Parva,14,14,14,953,1011,1,628,"Gandhari, grieving for her hundred sons, wants to curse Yudhishthira, but Vyasa steps in and urges her to forgive. He reminds her that she always told Duryodhana that victory lies where righteousness is. Gandhari replies that she bears the Pandavas no ill will, blames Duryodhana and Shakuni for the ruin, and says her real anger is at Bhima's blow to Duryodhana's navel in the mace fight."
B11C015,B11,Stri Parva,15,15,15,1013,1132,5,1242,"Bhima defends his conduct in the battle as a response to Duryodhana's injustices and to his own vow, and Gandhari scolds him for drinking Duhshasana's blood. Gandhari then rages at the Pandavas for the death of her sons, and Yudhishthira offers himself to her curse. She withholds it, and her gaze injures his toe, after which she comforts the Pandavas. The chapter closes with the reunion of Kunti and Draupadi and the grief of the women, and the section is marked as ending."
B11C016,B11,Stri Parva,16,16,16,1134,1274,2,1517,"Gandhari, though far from the battlefield, sees its carnage through her spiritual sight and begins to lament. Dhritarashtra, the Pandavas, Krishna and the Kuru women travel to Kurukshetra, where the women find their dead husbands, sons and brothers torn by beasts and birds. Gandhari, speaking to Krishna, describes the horror of the field, and her lament ends as her eyes fall on her son Duryodhana."
B11C017,B11,Stri Parva,17,17,17,1276,1347,1,817,"Gandhari falls senseless at the sight of Duryodhana's body and then mourns over him, recalling how she had told him that victory lies with righteousness. She says her grief is for the blind king and for the reversal of Duryodhana's fortunes, and she describes the ruin of the women and the once-glorious prince. She ends by saying he has at least won the regions of heroes."
B11C018,B11,Stri Parva,18,18,18,1349,1414,1,708,"Gandhari moves on to lament the other sons she has lost, and she grieves most for the young widows wandering on the battlefield. She describes the ruin of the royal household and the shame of women now exposed to common eyes. She singles out Duhshasana, whose insult to Draupadi and whose death at Bhima's hands she recounts, and she recalls her unheeded warnings to Duryodhana to make peace."
B11C019,B11,Stri Parva,19,19,19,1416,1465,1,532,"Gandhari continues her lament by naming her dead sons one after another, Vikarna, Durmukha, Citrasena, Vivingsati and Duhsaha. For each she describes the body, the wounds, the scavenging birds and beasts, and the grieving women around him. The chapter stresses the beauty and promise of the young men lost in the war."
B11C020,B11,Stri Parva,20,20,20,1467,1548,1,946,"Gandhari continues her lament by mourning Abhimanyu, Arjuna's son, and imagines the grief of his young wife Uttara, daughter of Virata, as she mourns him and speaks to him. The Matsya ladies then drag Uttara away from the body of her slain father Virata, and Gandhari lists other fallen young men. The chapter shows the war's cost falling on the young and on the women left behind."
B11C021,B11,Stri Parva,21,21,21,1550,1590,1,423,"Gandhari mourns Karna, who was slain by Arjuna after he had killed many great warriors. She describes his wives and the mother of his son Vrishasena weeping over him, and Karna's widow blames the curse of his teacher and Arjuna's arrow for his death. She notes that Yudhishthira could not sleep for thirteen years because of his fear of Karna."
B11C022,B11,Stri Parva,22,22,22,1592,1636,1,465,"Gandhari mourns several fallen men who had once been powerful: the lord of Avanti slain by Bhima, Bahlika, and Jayadratha, who was killed by Arjuna. She tells how Jayadratha's wives guard his body and how her widowed daughter Duhshala runs about searching for her husband's head. She recalls the old wrong done to Draupadi and the sparing of Jayadratha out of regard for Duhshala."
B11C023,B11,Stri Parva,23,23,23,1638,1733,1,1107,"Gandhari lists the great warriors who have fallen. She mourns Shalya, slain by Yudhishthira, and Bhagadatta, and then speaks of Bhishma lying on a bed of arrows, whose death she sees as the fall of a sun among men. She laments Drona, whose body is burned on a pyre attended by his wife Kripi and his disciples, who then carry her toward the Ganga."
B11C024,B11,Stri Parva,24,24,24,1735,1815,3,830,"Gandhari describes the death of Bhurishrava, whose arm was cut off by Arjuna and who was then killed by Satyaki while sitting in a vow. His widows weep over his severed arm, and Gandhari's speech of rebuke to Krishna is given through the widows. She ends by mourning Shakuni, slain by Sahadeva, and fears that he will sow discord among her sons in the next world."
B11C025,B11,Stri Parva,25,25,25,1817,1942,4,1301,"Gandhari continues her lament over the fallen kings and warriors, from the Kambojas and Magadhas to Drupada, Dhrishtaketu and Vinda and Anuvinda. She then blames Krishna for standing aside while the Kurus destroyed each other, and she curses him that within thirty-six years he will lose his own kin and die in the wilderness. Krishna accepts the curse with a faint smile, saying that the Yadavas will fall by each other's hands, and the Pandavas are left stunned."
B11C026,B11,Stri Parva,26,26,26,1944,2067,9,1045,"A holy figure, identified only as the holy one, tells Gandhari that her son Duryodhana's wicked character brought the carnage and that grief only multiplies grief. Dhritarashtra asks Yudhishthira how many fell and where the warriors have gone, and Yudhishthira tells him the tally and the destinations of the dead, which depend on how they died. Dhritarashtra asks how Yudhishthira knows this, and he credits a boon of spiritual vision from the sage Lomasa; Dhritarashtra then asks how the bodies should be honoured, and Yudhishthira orders the funeral rites performed for all the dead. The burning of the dead is described in detail before the Pandavas lead Dhritarashtra toward the Ganga."
B11C027,B11,Stri Parva,27,27,27,2069,2150,5,734,"At the Ganga, the Kuru women give water offerings to their dead, and Kunti reveals that Karna was her eldest son by the sun god, born before her marriage. The Pandavas grieve, and Yudhishthira laments that the secret was kept and that the war could have been avoided. He makes water offerings to Karna and to his widows and kin, and the section ends with the colophon of the Stri Parva and the Mahabharata's author."
B12C001,B12,Shanti Parva,1,1,I,50,170,4,1282,"After the war the Pandavas spend a month mourning on the banks of the Bhagirathi, and sages come to console Yudhishthira. Narada praises his victory, but Yudhishthira says it feels like a defeat and reveals that Karna, whom Arjuna killed, was Kunti's secret firstborn and the Pandavas' elder brother. He asks Narada to explain Karna's past, which begins the story of Karna's curse."
B12C002,B12,Shanti Parva,2,2,II,172,242,2,757,"Narada tells the story of Karna's training and curse. Envious of Arjuna, Karna asks Drona for the Brahma weapon and is refused, so he goes to Rama and claims to be a Brahmin of Bhrigu's race. After he accidentally kills a Brahmin's sacred cow, the Brahmin curses him that his chariot wheel will sink into the earth and his foe will take his head in battle. This curse explains how Karna's death was foretold."
B12C003,B12,Shanti Parva,3,3,III,244,319,1,874,"While Karna is learning from Rama, a worm bites his thigh as Rama sleeps on his lap, and Karna endures the pain silently so as not to wake his teacher. When Rama finds out, he learns that Karna is a Suta and not a Brahmin, and he curses that the Brahma weapon will fail Karna in battle against an equal. The episode shows Karna's patience and also the deceit that brought his downfall."
B12C004,B12,Shanti Parva,4,4,IV,321,371,1,540,"Karna, now with Duryodhana, goes to a bride-choosing in the city of Rajapura, where many kings hope to win the princess. Duryodhana seizes the maiden and drives away, and Karna beats back the kings who chase them. The episode shows Karna's martial skill and his loyalty to Duryodhana."
B12C005,B12,Shanti Parva,5,5,V,373,409,1,374,"Jarasandha, king of Magadha, challenges Karna after hearing of his fame, and Karna nearly overpowers him. Jarasandha concedes and gives Karna the town of Malini, so Karna comes to rule Champa as well as Anga. Narada then lists the curses, boons and schemes that led to Karna's death and tells Yudhishthira not to grieve for him."
B12C006,B12,Shanti Parva,6,6,VI,411,442,1,296,"Narada falls silent, and Yudhishthira sinks into sorrow. Kunti, herself distressed, tells him that she and Surya tried to persuade Karna to join his brothers, but he refused. Yudhishthira blames her for keeping the secret, curses all women never to keep a secret, and falls into despair over his lost kin."
B12C007,B12,Shanti Parva,7,7,VII,444,553,1,1244,"Yudhishthira mourns Karna and the other dead, blaming the war on Duryodhana, Dhritarashtra and his own covetousness. He calls the battle a kind of self-slaughter and finds no pleasure in the kingdom he has won. He resolves to give up the throne, go to the forest, and asks Arjuna's leave, which sets up Arjuna's reply."
B12C008,B12,Shanti Parva,8,8,VIII,555,645,1,1034,"Arjuna rebukes Yudhishthira for wanting to give up the kingdom, calling it a weak and foolish choice and arguing that a king who lives by begging cannot win fame. He argues that wealth is the basis of all virtue, pointing to Nahusha and to the gods, who gained their place through strife. He urges Yudhishthira to rule and to perform a great sacrifice, making the case for kingly action over renunciation."
B12C009,B12,Shanti Parva,9,9,IX,647,746,1,1170,"Yudhishthira replies that he will go to the forest whatever Arjuna advises. He describes in detail the austere life he intends to lead: begging for food, avoiding injury to any creature, and remaining detached from pleasure and pain. He calls worldly life a fleeting illusion bound by birth and death, and says he wants a permanent, eternal state."
B12C010,B12,Shanti Parva,10,10,X,748,824,1,909,"Bhimasena rebukes Yudhishthira, saying his judgment has been clouded by too much scripture and that giving up the kingdom after such a war would make the slaughter pointless. He argues that Kshatriyas must act, that renunciation is not a fit path for a warrior king, and that forest life alone does not win heaven. The chapter sets out the opposing view from another of the Pandava brothers."
B12C011,B12,Shanti Parva,11,11,XI,826,921,6,851,"Arjuna tells an old story in which Sakra (Indra), in the form of a golden bird, rebukes young Brahmin ascetics who gave up home for the forest. The bird teaches that the Vedic rites, sacrifice and the householder's duties are the true path to heaven. The ascetics return to domestic life, and Arjuna urges Yudhishthira to follow their example and rule the earth."
B12C012,B12,Shanti Parva,12,12,XII,923,1035,3,1205,"Nakula, the twin, answers Arjuna with a long argument that action and the householder's life are the proper path. He says the gods, ancestors and learned Brahmins all depend on sacrifice and duty, that true renunciation is inner detachment, and that a king who keeps the wealth won in war without sacrificing shows a lack of faith. He also warns that a king who neglects his subjects becomes an embodiment of Kali, the age of decline, and urges Yudhishthira not to grieve."
B12C013,B12,Shanti Parva,13,13,XIII,1037,1074,1,395,"Sahadeva argues that giving up outward things brings no success while inner desire remains. He says the soul is eternal, so killing a body is not real slaughter, and that a king who holds the earth but does not enjoy it wastes his life. He also says a hermit still attached to the world lives in Death's jaws, and asks Yudhishthira to forgive his blunt words."
B12C014,B12,Shanti Parva,14,14,XIV,1076,1173,2,1080,"Draupadi, silent until now, speaks to Yudhishthira while his brothers sit around him. She reminds him of his earlier vow to defeat Duryodhana and enjoy the earth, argues that a king must use the rod of punishment, and says his retreat is a kind of madness that will spread to his brothers. She lists his conquests and urges him to rule, sacrifice and give gifts to Brahmins."
B12C015,B12,Shanti Parva,15,15,XV,1175,1322,2,1620,"Arjuna argues that the rod of chastisement, meaning force and punishment, is what upholds righteousness, wealth and order, and that without it the strong would devour the weak. He says all creatures live by harming one another, that the gods themselves are slayers, and that killing an armed enemy in a just fight brings no sin, since the soul cannot be slain. He urges Yudhishthira to take up the rod, rule the kingdom and perform sacrifices."
B12C016,B12,Shanti Parva,16,16,XVI,1324,1392,1,762,"Bhima, holding back his anger, rebukes Yudhishthira for his inaction and his clouded judgment. He compares grief to a sickness of body and mind and says Yudhishthira is dwelling on past woes, recalling the family's humiliations and hardships such as Draupadi's disgrace and the exile. He argues that the real battle now is with his own mind, urges a horse-sacrifice, and says Duryodhana has been slain."
B12C017,B12,Shanti Parva,17,17,XVII,1394,1464,1,764,"Yudhishthira answers Bhima that desire can never be fully satisfied, and that a king with one stomach gains nothing from endless craving for power. He praises renunciation and inner calm, citing King Janaka's verse about having nothing even when his city burns. He ends by saying that understanding, not outward forms, is the supreme good."
B12C018,B12,Shanti Parva,18,18,XVIII,1466,1582,2,1295,"Arjuna retells the tale of King Janaka of Videha, who gave up his kingdom to live as a beggar. His queen rebukes him that he has abandoned his duties to gods, guests and ancestors, and that a giver who sustains others is more honoured than a beggar. Arjuna then concludes that householders who practise charity, truth and worship can reach the regions of bliss."
B12C019,B12,Shanti Parva,19,19,XIX,1584,1661,1,856,"Yudhishthira answers Arjuna respectfully but firmly, saying Arjuna knows war but not the deeper scriptures. He ranks renunciation and knowledge of Brahma above penance, and denies that wealth is the highest good. He describes the northern path of renunciation and the southern path of action, and concludes that men reach Brahma through asceticism, intelligence and renunciation."
B12C020,B12,Shanti Parva,20,20,XX,1663,1711,2,438,"The ascetic Devasthana answers Yudhishthira by arguing that a king who has won the earth should not abandon it, and that wealth belongs to sacrifice. He says the Creator made wealth for sacrifice and man to tend it, and he cites Indra, Mahadeva, Marutta and Harischandra as examples of great sacrifices that won glory. He concludes that everything should be devoted to sacrifice."
B12C021,B12,Shanti Parva,21,21,XXI,1713,1765,1,520,"Devasthana continues with a teaching that Vrihaspati gave to Indra, in which contentment is called the highest bliss. Vrihaspati says people follow many different paths, and that the best religion is non-injury, truthfulness and compassion. He describes a righteous king who hands his crown to his son and retires to the forest, and says such a king wins good fruit in this world and the next."
B12C022,B12,Shanti Parva,22,22,XXII,1767,1810,1,447,"Arjuna again urges Yudhishthira to act, saying that death in battle is the proper end for a Kshatriya, while renunciation and penance belong to Brahmins. He tells Yudhishthira to perform sacrifices and charity, as Indra did while fighting as a warrior. He says the slain have gained the highest end and that destiny cannot be resisted."
B12C023,B12,Shanti Parva,23,23,XXIII,1812,1940,6,1255,"Yudhishthira stays silent, and Vyasa backs Arjuna: the householder's life is the highest duty, and a king's duties include wielding the rod of punishment. Vyasa tells of the brothers Sankha and Likhita, in which Likhita takes fruit without asking and confesses to King Sudyumna, who cuts off his hands as punishment. Sankha says the punishment has purified Likhita, whose hands return through penance, and Vyasa concludes that ruling by punishment is a king's proper duty."
B12C024,B12,Shanti Parva,24,24,XXIV,1942,2041,1,1141,"Vyasa urges Yudhishthira to enjoy the kingdom with his brothers, pay his debts to gods, ancestors and guests, and perform great sacrifices before he ever takes up the later stages of life. He lays out a king's duties: protect subjects impartially, punish robbers, and rely on learned counsel. He illustrates these duties with King Hayagriva, who died in battle after ruling righteously and is now in heaven, and whose battle is described as a sacrifice."
B12C025,B12,Shanti Parva,25,25,XXV,2043,2157,4,1187,"Yudhishthira says his kingdom brings him no joy, and the lamentations of the widowed women keep him from peace. Vyasa replies that Time governs all events, that no one truly slays or is slain, and that grief grows when indulged. He teaches that happiness and sorrow alternate and should be borne with an untroubled mind, and that a king's sacrifice is battle while his yoga is good government."
B12C026,B12,Shanti Parva,26,26,XXVI,2159,2247,1,1004,"Yudhishthira replies to Arjuna that wealth is not the only path, since sages gain heaven through study, penance and contentment. He notes the southern path of action and the northern path of yoga, and warns that wealth brings injury to others, anxiety and sin. He argues that wealth belongs to sacrifice and should go to deserving people, not be squandered on desire or given to the unworthy."
B12C027,B12,Shanti Parva,27,27,XXVII,2249,2338,3,970,"Yudhishthira grieves for the fallen heroes, including Bhishma, Drona, Abhimanyu, Karna and his own sons, and blames himself for their deaths. He confesses his deceit toward Drona about Ashvatthama, and declares that he will fast to death. Vyasa stops him, saying that all is destiny and that work and skill, not idleness, bring success."
B12C028,B12,Shanti Parva,28,28,XXVIII,2340,2489,4,1592,"Vyasa tells Yudhishthira the story of Asma's discourse. King Janaka of Videha asks the Brahmin Asma how to act when kin and wealth are gained or lost, and Asma explains that joy and grief come through destiny, that prosperity breeds vanity, and that death and decay cannot be escaped. He describes family ties as the passing company of travellers at an inn and urges study, sacrifice and righteous rule, which frees Janaka from grief. Vyasa closes by urging Yudhishthira to cast off his grief and enjoy the earth he has won."
B12C029,B12,Shanti Parva,29,29,XXIX,2491,2871,8,4369,"Arjuna asks Krishna to comfort the silent Yudhishthira. Krishna (Vasudeva) says the fallen heroes died bravely and are beyond recall, and then recounts Narada's counsel to King Srinjaya, who grieved for his dead son. Narada lists many great kings, such as Marutta, Bharata, Rama and Yayati, who all died despite their sacrifices and gifts, and so Srinjaya should not grieve; Narada then restores Srinjaya's son to life."
B12C030,B12,Shanti Parva,30,30,XXX,2873,2972,3,1065,"Yudhishthira asks how Srinjaya's son came to be called Suvarnashthivin and why he died in childhood. Krishna relates that the sages Narada and his nephew Parvata, guests of Srinjaya, cursed each other after Narada fell in love with the king's daughter Sukumari. Narada was cursed to appear as an ape, and the two later lifted their curses. Krishna says Narada himself is present and can explain the rest."
B12C031,B12,Shanti Parva,31,31,XXXI,2974,3079,2,1227,"Narada tells Yudhishthira the rest of the story. Srinjaya asks Parvata for a long-lived, heroic son, and Parvata grants a son named Suvarnashthivin but warns that he will not live long. Indra, fearing the boy, sends a thunderbolt in the form of a tiger that kills the five-year-old prince by the Bhagirathi. Narada restores the boy to life with Indra's permission, and the prince later rules for a very long time."
B12C032,B12,Shanti Parva,32,32,XXXII,3081,3158,4,777,"Vyasa tells Yudhishthira that protecting subjects and punishing wrongdoers is a king's duty, and that the Kauravas were transgressors who had to be stopped. Yudhishthira confesses that the deaths he caused for the kingdom still burn in him. Vyasa asks whether man or the Supreme Being acts, argues with the example of an axe that the one who cuts is responsible, and urges Yudhishthira to live and perform expiations rather than give up his life."
B12C033,B12,Shanti Parva,33,33,XXXIII,3160,3280,3,1311,"Yudhishthira laments that he alone caused the deaths of kin, friends and kings, pictures the widows' suffering and his own fall into hell, and asks what life he should now take up. Vyasa answers that Time, through the workings of past acts, took the lives of the fallen, and that killing to save a family or kingdom is no transgression. He recommends the Horse-sacrifice as expiation and urges Yudhishthira to comfort his brothers, install the kin of the fallen on their thrones, and rule."
B12C034,B12,Shanti Parva,34,34,XXXIV-XXXV,3282,3372,2,1029,"Yudhishthira asks which acts make a man liable to expiation and which acts free him from sin. Vyasa lists many lapses, such as waking after sunrise, marrying out of turn, killing a Brahmin and selling Vedic knowledge. He then names acts that carry no sin, such as striking down an armed Brahmin who attacks with intent to kill, or lying or stealing for a teacher in distress. The list sets up the rules of expiation that follow."
B12C035,B12,Shanti Parva,35,36,XXXVI,3374,3526,3,1675,"Vyasa describes the expiations for sin: years of mendicant austerity, gifts of cattle and wealth to Brahmins, fasts, and the great Horse-sacrifice. He prescribes penances for lesser faults, and says deliberate sins are graver than accidental ones. He notes that expiations are meant for believers and not the faithless, and urges Yudhishthira to atone through right conduct rather than take his own life."
B12C036,B12,Shanti Parva,36,37,XXXVII,3528,3681,2,1824,"Yudhishthira asks which food is clean, which gifts are praiseworthy, and who deserves a gift. Vyasa recounts Manu's discourse to a company of Rishis, which classes some foods as forbidden for Brahmins and some gifts as worthless or harmful. Manu holds that a gift to an unlearned Brahmin is wasted and that a bad gift harms both giver and receiver. The chapter gives rules on giving that match the expiation teaching before it."
B12C037,B12,Shanti Parva,37,38,XXXVIII,3683,3811,6,1262,"Yudhishthira asks to hear the duties of kings and of all four orders, and how virtue can be reconciled with kingship. Vyasa directs him to Bhishma, the aged Kuru grandsire who knows the duties of kings. Yudhishthira objects that he cannot approach Bhishma after having had him slain by deceit, but Krishna urges him to accept his duty. Yudhishthira agrees and enters the city in a grand procession."
B12C038,B12,Shanti Parva,38,39,XXXIX,3813,3913,5,960,"As the Pandavas enter the city, crowds and women praise them and Draupadi, and Yudhishthira blesses the Brahmins with gifts. A Rakshasa named Charvaka, disguised as a mendicant and a friend of Duryodhana, publicly accuses Yudhishthira of killing kin and urges him to give up his life. The Brahmins expose Charvaka as the Rakshasa, and their utterance kills him on the spot."
B12C039,B12,Shanti Parva,39,40,XL,3915,3949,1,349,"Krishna tells Yudhishthira to honour Brahmins, and explains that the Rakshasa Charvaka had won a boon that protected him from every creature except those he offended, the Brahmins. Brahma had arranged that Charvaka would befriend Duryodhana, insult the Brahmins, and be destroyed by their curse. Krishna urges Yudhishthira not to grieve for kin who died in their duties, and to protect his subjects and worship Brahmins."
B12C040,B12,Shanti Parva,40,41,XLI,3951,4007,1,600,"Yudhishthira takes his seat on a golden throne, surrounded by Krishna, Satyaki, his brothers, Kunti and the elders. Priests perform the coronation rites, and Krishna and Dhritarashtra pour sanctified water over the new king's head. The people bring gifts and the Brahmins bless him, and he rewards them and is installed as king of the restored realm."
B12C041,B12,Shanti Parva,41,42,XLII,4009,4052,1,443,"Yudhishthira tells his subjects that Dhritarashtra is his father and god, and asks them to serve the old king as before, since he lives for him alone. He dismisses the citizens and assigns offices: Bhima as heir apparent, Vidura as counsellor, Sanjaya over finance, Nakula over the army, Arjuna over the forces, Dhaumya as priest, and Sahadeva at his side. He also tells Vidura and Yuyutsu to carry out Dhritarashtra's wishes."
B12C042,B12,Shanti Parva,42,43,XLIII,4054,4086,1,323,"Yudhishthira performs funeral rites for each of his fallen kinsmen and allies, and Dhritarashtra gives gifts for his sons' sake. The king gives wealth to Brahmins in the names of Drona, Karna, Abhimanyu, Ghatotkacha, Virata, Drupada and others, and founds food-halls, water-places and tanks in their memory. He honours Dhritarashtra, Gandhari and Vidura, and cares for the widows, the blind and the destitute, and then enjoys peace."
B12C043,B12,Shanti Parva,43,44,XLIV,4088,4149,1,681,"Yudhishthira thanks Krishna for restoring his ancestral kingdom and praises him in a long hymn. He calls Krishna Vishnu, Hari, the creator and dissolver of the universe, and names him by countless forms and titles. Pleased by the hymn, Krishna begins to speak warmly to the king."
B12C044,B12,Shanti Parva,44,45,XLV,4151,4191,1,403,"Yudhishthira sends the people home and asks his brothers to rest after their wounds and exile. He gives each brother a palace that once belonged to a Kaurava prince: Bhima takes Duryodhana's, Arjuna Dussasana's, Nakula Durmarshana's, and Sahadeva Durmukha's. The counsellors return to their homes, and Krishna retires with Satyaki to Arjuna's palace, where all feast and sleep."
B12C045,B12,Shanti Parva,45,46,XLVI,4193,4243,2,501,"Janamejaya asks what Yudhishthira did after regaining his kingdom, and what Krishna did next. Vaisampayana says Yudhishthira gives gifts to Brahmins, servants and guests, and honours his elders, Kripa, Vidura, Yuyutsu and Dhritarashtra. He then goes to Krishna and finds him seated in deep meditation, and speaks to him gently, but Krishna does not answer."
B12C046,B12,Shanti Parva,46,47,XLVII,4245,4341,3,1031,"Yudhishthira asks Krishna why he is so still in meditation. Krishna says Bhishma, lying on his bed of arrows, is thinking of him, and that he had been concentrating on Bhishma in return. He urges Yudhishthira to go and learn the duties of kings from Bhishma before he dies, and Yudhishthira agrees. Krishna's chariot is then readied for the journey."
B12C047,B12,Shanti Parva,47,48,XLVIII,4343,4640,4,3429,"Janamejaya asks how Bhishma, lying on his bed of arrows, gave up his body and what yoga he followed. Vaisampayana describes how, at the sun's northward turn, Bhishma drew his soul inward while many sages, including Vyasa and Narada, sat around him. Bhishma hymned Krishna at great length as the Supreme Being, the creator and dissolver of all things, and Krishna granted him heavenly knowledge before departing with the others."
B12C048,B12,Shanti Parva,48,49,XLIX,4642,4688,3,385,"Krishna, Yudhishthira and the others ride to Kurukshetra, where the battlefield is still strewn with bones and remains. Krishna points out the lakes of Rama, son of Jamadagni, where Rama is said to have offered Kshatriya blood to his ancestors after destroying the Kshatriyas. Yudhishthira doubts the story and asks how the Kshatriya order could have been wiped out and then revived, and Krishna sets out to explain it."
B12C049,B12,Shanti Parva,49,50,L,4690,4918,10,2280,"Krishna tells Yudhishthira how Rama, son of Jamadagni, came to destroy the Kshatriyas. A mix-up of sacred food shapes the family line, and Rama gets a great axe from Mahadeva. After the sons of Arjuna, the Haihaya king, kill his father Jamadagni, Rama wipes out the Kshatriyas many times over, until Kasyapa takes the earth and the surviving Kshatriyas, hidden among herders and others, are restored as kings."
B12C050,B12,Shanti Parva,50,51,LI,4920,5069,5,1607,"Yudhishthira is amazed at Rama's deeds, and Krishna and Yudhishthira go to Bhishma lying on his bed of arrows on the banks of the Oghavati, surrounded by sages. Krishna asks whether Bhishma's mind is still clear, praises his mastery over death and his learning in all the duties, and urges him to dispel Yudhishthira's grief. Bhishma hymns Krishna, who reveals his divine form and tells Bhishma that fifty-six days remain before he will depart at the sun's northward turn, and that he should instruct Yudhishthira."
B12C051,B12,Shanti Parva,51,52,LII,5071,5163,4,914,"Bhishma replies that his pain and weakness leave him unable to speak in Krishna's presence, and asks Krishna to instruct Yudhishthira himself. Krishna grants Bhishma a boon that keeps his mind and memory clear and frees him from pain and confusion. The sages worship Krishna, heavenly flowers fall, and the company leaves at sunset for the city."
B12C052,B12,Shanti Parva,52,53,LIII,5165,5235,3,660,"Krishna wakes before dawn, performs his rites, and gives a thousand cows to Brahmins. He sends Satyaki to ask Yudhishthira whether the king is ready to visit Bhishma. Yudhishthira asks that no soldiers accompany them, so that Bhishma's last teaching is not crowded out, and the party drives out to the bed of arrows."
B12C053,B12,Shanti Parva,53,54,LIV,5237,5341,5,1049,"Janamejaya asks what was said when Bhishma lay on his bed of arrows. Narada urges the Pandavas to question Bhishma before he dies, and Yudhishthira asks Krishna to speak first. Krishna asks after Bhishma's health, and Bhishma says his pain has gone and his memory is clear through Krishna's favour. Krishna answers that Bhishma's fame must be enhanced, and urges him to teach Yudhishthira as a father teaches his sons."
B12C054,B12,Shanti Parva,54,55,LV,5343,5412,4,635,"Bhishma agrees to teach, saying his mind is steady through Krishna's grace, and asks Yudhishthira to question him freely. Krishna notes that Yudhishthira is too ashamed to approach, given the slaughter he caused. Bhishma defends the Kshatriya duty of fighting, even against kin and teachers in an unjust battle, and says a righteous battle brings heaven and fame. Yudhishthira bows at his feet, and Bhishma invites him to ask without fear."
B12C055,B12,Shanti Parva,55,56,LVI,5414,5579,4,1808,"Yudhishthira asks Bhishma to teach the duties of kings, which he calls the highest science and the reins that hold the world together. Bhishma tells him to honour gods and Brahmins, to act with prompt exertion rather than rely on destiny, and to keep to truth. He teaches that a king must be neither too mild nor too fierce, that Brahmins should be banished rather than physically punished, and that a king should care for his subjects as a mother cares for her child. He warns that servants who grow too familiar with the king will disrespect him."
B12C056,B12,Shanti Parva,56,57,LVII,5581,5697,1,1340,"Bhishma insists that a king must be ready for action, making peace or war as the situation requires. He gives examples of severe discipline, such as Sagara exiling his son Asamanjas and Uddalaka casting off Swetaketu, and advises the king to keep his counsels secret and to employ honest servants. He governs with justice and generosity, and describes the best king as one whose subjects live without fear."
B12C057,B12,Shanti Parva,57,58,LVIII,5699,5778,2,813,"Bhishma says protecting subjects is the core of kingly duty, as Vrihaspati and other sages teach, and lists the means of protection: spies, fair taxation, honest officers, fortifications and care of allies. He says exertion is the root of kingly duty, and that a king must be candid yet sometimes shrewd in policy. He declares he has taught only part of the subject, and the listeners praise him, while Yudhishthira promises to ask more the next day."
B12C058,B12,Shanti Parva,58,59,LIX,5780,6135,4,3992,"Yudhishthira asks why one man should rule the whole world when all men are alike in body and mind. Bhishma explains that in the first age there was no king or punishment, but greed, anger and error spread until the Vedas and righteousness declined, and the gods turned to Brahma. Brahma composed a great treatise on the science of chastisement, later abridged by Shiva, Indra, Brihaspati and Kavi, and the chapter traces its transmission to Vena, a tyrant slain by the sages, and to Prithu, the first true king, from whose rule kingship and its honour are said to come."
B12C059,B12,Shanti Parva,59,60,LX,6137,6296,2,1815,"Yudhishthira asks Bhishma to set out the general and special duties of each of the four orders. Bhishma lists nine duties shared by all, then the duties of Brahmins (self-restraint and Vedic study), Kshatriyas (giving without begging, protecting subjects and fighting robbers), Vaisyas (gifts, study, sacrifice and fair earnings from herding and trade), and Sudras (service to the higher orders, with minor sacrifices). He concludes that sacrifice and devotion belong to every order, with the Brahmin foremost."
B12C060,B12,Shanti Parva,60,61,LXI,6298,6367,1,737,"Bhishma names the four modes of life, Brahmacharya, Garhasthya, Vanaprastha and Bhaikshya, and sets out the duties of each. The student serves his teacher and studies the Vedas, the householder begets children, keeps faith with his wife and is hospitable, the forest hermit withdraws with the sacred texts, and the mendicant has no fixed home and no attachments. He ends with a verse on the householder's virtues."
B12C061,B12,Shanti Parva,61,62,LXII,6369,6408,2,375,"Yudhishthira asks for duties suited to men in their own position. Bhishma replies that the four modes of life belong to Brahmins, and that a Brahmin who takes up the callings of other orders is disgraced and bound for hell. He stresses that men act under the influence of Time and their own propensities, and that the study of the Vedas is as worthy as kingly power, farming or trade."
B12C062,B12,Shanti Parva,62,63,LXIII,6410,6516,2,1172,"Bhishma says that drawing the bowstring, warfare, farming, trade, herding and service for wages are improper for a Brahmin. A Brahmin who falls from his duties becomes like a Sudra, and gifts to such men bring no merit. He describes the duties of the other orders, and concludes that the Kshatriya's duties underlie all the others, as the elephant's footprint covers the tracks of other animals."
B12C063,B12,Shanti Parva,63,64,LXIV,6518,6625,4,1084,"Bhishma argues that all duties, including those of the four modes of life, fall under kingly duty, since disorder in royal duty brings evil on all creatures. He tells how King Mandhatri, seeking to see Narayana, met the god in the form of Indra and asked how to perform his duties. Indra explains that kingly duty came first from the Supreme, contains all other duties, and protected the others when Vishnu destroyed the Asuras, so that Kshatriya duty is the foremost of all."
B12C064,B12,Shanti Parva,64,65,LXV,6627,6750,6,1197,"Indra continues that kings must uphold their duties by reclaiming land, giving gifts, avoiding begging and ruling impartially, and that Brahmins who neglect their own duties should be punished like Sudras. When Mandhatri asks what duties foreign and robber tribes should keep, Indra says they should honour parents, teachers and kings, follow the Vedas, and make gifts. Indra warns that when kingly duty fails, men will fall into disorder and false sects, and honours the king who watches over men's duties. Bhishma closes by saying Narayana departed and that the path of the ancients should be followed."
B12C065,B12,Shanti Parva,65,66,LXVI,6752,6868,3,1315,"Yudhishthira asks Bhishma to explain the four modes of human life in more detail. Bhishma says a righteous king who rules well, gives gifts, honours the worthy and protects his people earns the merit of every mode of life. He closes by urging Yudhishthira to keep to the king's duty of protection, which he calls the most meritorious of all."
B12C066,B12,Shanti Parva,66,67,LXVII,6870,6992,6,1133,"Yudhishthira asks what the chief duties of a kingdom are. Bhishma says the first duty is to choose and crown a king, since anarchy leaves a land open to robbers and mutual destruction. He tells how Manu was persuaded to accept kingship in return for a share of the people's wealth and merit, and how a king should carry himself once crowned."
B12C067,B12,Shanti Parva,67,68,LXVIII,6994,7154,4,1764,"Yudhishthira asks why Brahmanas call the king a god. Bhishma answers with a teaching that the sage Vrihaspati gave to King Vasumanas of Kosala, in which the king is the root of all duties and the guardian against chaos. Vrihaspati lists the forms a king takes and urges loyalty to him, and Vasumanas accepts the teaching and begins to protect his subjects."
B12C068,B12,Shanti Parva,68,69,LXIX,7156,7409,4,2883,"Yudhishthira asks what further duties a king has in defending his realm, handling spies and winning his subjects' trust. Bhishma says a king must first master himself, then gives long practical advice on spies, peace and war, taxation, justice, fortifications and the seven limbs of a state. He ends by arguing that the king's conduct decides which age of the world comes, from the Krita age down to Kali."
B12C069,B12,Shanti Parva,69,70,LXX,7411,7466,3,507,"Yudhishthira asks whether a king who follows such conduct can gain lasting happiness in this world and the next. Bhishma lists thirty-six virtues a king should practise, such as restraint, kindness, fair taxation, careful punishment and humility towards elders. Vaisampayana ends the chapter by saying Yudhishthira accepted the teaching and ruled by it from then on."
B12C070,B12,Shanti Parva,70,71,LXXI,7468,7562,2,1012,"Yudhishthira asks how a king should protect his subjects so that he avoids grief and does not offend against righteousness. Bhishma gives a brief list of duties: honour learned Brahmanas, control lust and anger, collect a fair share of the produce as tax, and never fill the treasury by unrighteous means. He calls the protection of subjects the highest duty of a king, with rewards that only a king can earn."
B12C071,B12,Shanti Parva,71,72,LXXII,7564,7641,5,725,"Bhishma says a king should appoint as his priest someone who protects the good and punishes the wicked. He retells a dialogue between King Pururavas and the wind god Matariswan on the origin of the four orders and whom the earth belongs to. The wind god concludes that the Brahmana holds first place by birth, that the priest shares in the king's merit, and that sacrifice and order depend on a king."
B12C072,B12,Shanti Parva,72,73,LXXIII,7643,7782,11,1155,"Bhishma says a king should choose a learned priest, and that king and priest should be friends so the subjects stay content. Sage Kasyapa tells King Aila that quarrels between Brahmanas and Kshatriyas bring ruin, and that Rudra, the god of destruction, arises in the hearts of sinners and strikes the land. Kasyapa adds that the sinless must keep away from the sinful, and that the next world rewards the righteous and punishes the wicked differently."
B12C073,B12,Shanti Parva,73,74,LXXIV,7784,7841,3,530,"Bhishma says a kingdom's safety rests on the king, and the king's safety rests on his priest. He retells how King Muchukunda, after conquering the earth, met the Lord of Alaka's Rakshasa army, which his priest Vasishtha stopped through penance. Muchukunda refuses to hold sovereignty as a gift and insists on ruling by his own might, and Bhishma concludes that a king who yields precedence to Brahmanas wins fame."
B12C074,B12,Shanti Parva,74,75,LXXV,7843,7956,6,1092,"Yudhishthira asks how a king can raise his subjects and earn heavenly regions. Bhishma says a king should be generous, protect his people, honour the righteous and share in their merit and their sins. Yudhishthira then declares he would rather give up the kingdom for asceticism, and Bhishma replies that his gentleness does not fit a king, urging him to keep to his duty and rule. Bhishma ends by praising the man who gives relief from fear."
B12C075,B12,Shanti Parva,75,76,LXXVI,7958,8003,2,438,"Yudhishthira asks how Brahmanas who keep to their duties differ from those who do not. Bhishma says learned, even-minded Brahmanas match Brahma and the gods, while the ill-born and those who abandon their duties are like Sudras. He adds that the king may tax or discipline the unworthy and should support a learned Brahmana who has turned to theft out of want before banishing him for continued theft."
B12C076,B12,Shanti Parva,76,77,LXXVII,8005,8116,5,1158,"Yudhishthira asks whose wealth a king may claim and how he should conduct himself. Bhishma says the king may take wealth from everyone except worthy Brahmanas, but must keep Brahmanas supported, since a Brahmana who turns thief reflects on the king. He illustrates this with the story of the Kaikeya king, who wins release from a Rakshasa by listing how righteously his kingdom is run."
B12C077,B12,Shanti Parva,77,78,LXXVIII,8118,8266,10,1347,"Yudhishthira asks whether a Brahmana in distress may take up Vaisya work and what goods he may sell. Bhishma says he may farm or keep cattle, but must not sell items such as wine, salt, honey, meat or cooked food, while fair exchange by agreement is lawful. Asked what happens when the orders rise against a weakened king, Bhishma says that Brahmanas and others may take up arms to protect the Brahmanas and the people, and that whoever shields the helpless deserves to rule."
B12C078,B12,Shanti Parva,78,79,LXXIX,8268,8340,4,653,"Yudhishthira asks what conduct and character the priests who serve at his sacrifices should have. Bhishma describes the learning, honesty and self-control a fit priest needs. Yudhishthira then questions the fixed gift of dakshina, and Bhishma says a sacrifice needs its dakshina and sound character, and that true penance lies in harmlessness, truth and compassion."
B12C079,B12,Shanti Parva,79,80,LXXX,8342,8442,2,1125,"Yudhishthira asks how a king should choose and trust his ministers, since no task is done alone. Bhishma sorts friends into four kinds, adds a fifth who serves righteousness, and warns that a king must weigh trust and mistrust with care. He advises giving each task to one capable, honest minister and treating kinsmen with outward trust and inner watchfulness."
B12C080,B12,Shanti Parva,80,81,LXXXI,8444,8537,5,934,"Yudhishthira asks how to win both friends and foes when kinsmen turn hostile. Bhishma tells of Vasudeva confiding to the sage Narada that his kinsmen wound him with cruel words and split the Vrishnis and Bhojas. Narada says the trouble is internal and self-made, that the wealth given away cannot be reclaimed, and that the remedy is gentle speech, generosity and forgiveness, not steel."
B12C081,B12,Shanti Parva,81,82,LXXXII,8539,8725,4,2144,"Bhishma gives a second means: a king must protect the person who reports ministers embezzling the treasury. He tells of the sage Kalakavrikshiya, who used a crow in a cage to expose the corrupt officers of King Kshemadarsin of Kosala, and was saved only after the officers killed the crow. The sage warns the king of the dangers of royal service and urges him to weaken the guilty men one by one, and the king makes him his priest and rules well with his counsel."
B12C082,B12,Shanti Parva,82,83,LXXXIII,8727,8898,2,1980,"Yudhishthira asks what qualities a king's legislators, war ministers, courtiers, generals and counsellors should have. Bhishma answers at length: choose people of good birth, proven loyalty, learning and self-control, test their records, and avoid the greedy, cruel or self-serving. He also advises that counsel be kept secret, sought in quiet places, and given by at least three ministers."
B12C083,B12,Shanti Parva,83,84,LXXXIV,8900,8938,4,265,"Bhishma tells a short story in which Sakra (Indra) asks his priest Vrihaspati which single act wins the regard of all creatures. Vrihaspati answers that agreeable speech does so, since sweet, smiling words win love while frowns breed hatred. Even a king who must punish should speak sweetly, and Bhishma says Sakra followed this advice and urges Yudhishthira to do the same."
B12C084,B12,Shanti Parva,84,85,LXXXV,8940,9046,4,1076,"Yudhishthira asks by what method a king can earn lasting blessedness and fame. Bhishma says a pure king who protects his subjects gains merit and fame here and hereafter. He then sets out the make-up of a royal council drawn from all four orders, and rules for fair justice, punishments matched to offences, the protection of envoys, and the advice never to trust anyone fully."
B12C085,B12,Shanti Parva,85,86,LXXXVI,9048,9140,2,967,"Yudhishthira asks what kind of city a king should live in, and whether he should use an existing city or build one. Bhishma says the king should choose among six kinds of citadels: water, earth, hill, human, mud and forest. He describes a well-defended, well-stocked and righteous capital, and advises the king to keep spies, stores, craftsmen and learned ascetics close at hand."
B12C086,B12,Shanti Parva,86,87,LXXXVII,9142,9270,2,1463,"Yudhishthira asks how a kingdom can be consolidated and protected. Bhishma describes a layered administration, with a headman for each village and superiors over ten, twenty, a hundred and a thousand villages, all reporting upward and watched by spies. He advises taxes that the people can bear, likening the king to a herdsman who must not drain the cow, and urges kindness toward the Vaisyas who sustain trade and farming."
B12C087,B12,Shanti Parva,87,88,LXXXVIII,9272,9364,3,980,"Yudhishthira asks how a king should act if he still craves more wealth despite his riches. Bhishma says a king should draw revenue gently, like a bee gathering honey or a leech drawing blood, raising demands by degrees. He also says the king shares in his subjects' sins and merits, so he must check drinking, gambling and other vices and keep beggars off the streets. He closes with a charge to love all creatures and rule with truth and restraint."
B12C088,B12,Shanti Parva,88,89,LXXXIX,9366,9451,3,896,"Bhishma says fruit-bearing trees must not be felled, and that a Brahmana in want should be supported rather than driven away. He advises the king to use spies to watch his people and to examine his own conduct and reputation. When Yudhishthira asks how one man among equals comes to rule the rest, Bhishma answers that the strong prey on the weak and that the king must protect traders and farmers from heavy taxes."
B12C089,B12,Shanti Parva,89,90,XC,9453,9557,2,1118,"Bhishma recounts the teaching that the sage Utathya gave to King Mandhatri, son of Yuvanaswa. Utathya says a king rules rightly only by upholding righteousness, that a king who does so is godlike, and that pride and unrighteousness bring ruin. He urges the king to honour Brahmanas and avoid vice, and warns that neglecting righteousness brings drought, floods, disorder and the collapse of property and worship."
B12C090,B12,Shanti Parva,90,91,XCI,9559,9710,2,1703,"The sage Utathya tells Mandhatri that rain, prosperity and the four ages all depend on the king's conduct. A righteous king who corrects the orders is like a washerman who cleans cloth without stripping its colour, while a heedless king brings ruin on all creatures. Utathya lists the king's duties, including protecting the weak, punishing wrongdoers, honouring priests and avoiding pride, and Bhishma says Mandhatri obeyed and became lord of the whole earth."
B12C091,B12,Shanti Parva,91,92,XCII,9712,9775,3,593,"Yudhishthira asks how a righteous king should behave. Bhishma tells how King Vasumanas asked the sage Vamadeva for counsel on keeping to his duties. Vamadeva says righteousness is the highest guide and that kings who follow it conquer the earth, while kings who rely on force, wicked ministers or caprice bring their own downfall."
B12C092,B12,Shanti Parva,92,93,XCIII,9777,9883,1,1183,"Vamadeva continues his counsel to Vasumanas. He warns that a king's conduct is copied by his people and kinsmen, so he must be honest, kind and fair, and must choose capable, loyal officers. He advises watching rival kings through secret agents, attacking only weaker neighbours, sharing the duties of state with trusted ministers, and never trusting those who wish him ill."
B12C093,B12,Shanti Parva,93,94,XCIV,9885,9926,2,391,"Vamadeva says a king should win victories without battle where he can, and should first make his own power secure before seeking new lands. A contented army, a loyal and compassionate people, and a king who controls his temper make his power sound. Bhishma says that King Vasumana followed this counsel and that Yudhishthira would likewise conquer both worlds."
B12C094,B12,Shanti Parva,94,95,XCV,9928,10000,4,695,"Yudhishthira asks how a Kshatriya should act in seeking to conquer another Kshatriya. Bhishma says the invader should first call on the people to accept him and pay tribute, and fight only those who resist. He then sets out rules of fair combat between warriors, such as matching armour with armour and not striking the fallen, unarmed or wounded, and says a victory won by sinful means is no victory."
B12C095,B12,Shanti Parva,95,96,XCVI,10002,10070,1,780,"Bhishma says a king should never conquer by unrighteous means, since such victories bring no heaven and weaken both king and land. He sets out rules for dealing with the vanquished: spare the disarmed, keep a defeated king in one's palace for a year, return captured women after a year, give captured cattle to Brahmanas, and never harm a Brahmana who comes to make peace. He advises winning over conquered subjects with soothing words and gifts."
B12C096,B12,Shanti Parva,96,97,XCVII,10072,10154,2,882,"Yudhishthira asks how a warrior-king can win heaven when Kshatriya practice involves so much slaughter. Bhishma says kings are cleansed by punishing the wicked, supporting the good, and offering sacrifices and gifts, and that protecting people from robbers is itself a great gift. He concludes that a hero who fights bravely and dies in battle wins heaven, while a coward who flees or dies at home without honour does not."
B12C097,B12,Shanti Parva,97,98,XCVIII,10156,10315,7,1561,"Yudhishthira asks what regions unreturning heroes win by dying in battle. Bhishma tells how King Amvarisha, in heaven, sees his former general Sudeva ranked above himself, though Sudeva had made fewer sacrifices to the gods. Indra explains that battle is itself a sacrifice, with warriors as priests and blood as the final libation, and that brave heroes who die fighting win the highest regions. Bhishma says Amvarisha accepted this teaching."
B12C098,B12,Shanti Parva,98,99,XCIX,10317,10365,1,508,"Bhishma tells how King Janaka of Mithila rallied his warriors before a battle with Pratardana. Janaka showed them the heaven awaiting brave men and the hell reserved for deserters, and then set out the battle order. He advised against over-pursuing a routed enemy and ended by praising heroism as the support of the world."
B12C099,B12,Shanti Parva,99,100,C,10367,10523,3,1676,"Yudhishthira asks how kings should lead their troops into battle even if that means bending the rules of righteousness a little. Bhishma says a king may use crooked policy only to counter enemies, then gives a long set of military preparations: stocking arms, choosing the season and safe roads, picking camp sites, placing troops by wind and sun, sparing the helpless, and rewarding brave men. He ends by describing an oath of steadfastness and battle formations, including tricks to make a small force look larger."
B12C100,B12,Shanti Parva,100,101,CI,10525,10588,2,649,"Yudhishthira asks what temperament, appearance, dress and arms make combatants fit for battle. Bhishma says each people should fight with the weapons it knows, and notes the fighting styles of various regions. He then lists bodily and temperamental marks of brave fighters, and says the fiercest tribes of the outlying districts make the best vanguard, though they turn angry if treated gently."
B12C101,B12,Shanti Parva,101,102,CII,10590,10712,2,1366,"Yudhishthira asks for the known signs that an army will succeed. Bhishma lists omens of success, such as cheerful troops, favourable winds, auspicious birds and animals, and bright sacrificial fires. He advises trying conciliation, division and gifts before fighting, and says victory in battle depends largely on fate. He ends by urging a mix of severity and mildness toward the defeated, with genuine grief for the slain."
B12C102,B12,Shanti Parva,102,103,CIII,10714,10889,7,1789,"Yudhishthira asks how a king should treat a mild foe, a fierce foe and a foe with many allies. Bhishma tells how Vrihaspati advised Indra to avoid open quarrel, hide his feelings, speak sweetly while planning, strike at the right moment, and corrupt the enemy's forces by division and gifts. Vrihaspati then lists the marks of a wicked person, and Bhishma says Indra followed this teaching and subdued his foes."
B12C103,B12,Shanti Parva,103,104,CIV,10891,11051,5,1715,"Yudhishthira asks how a righteous king who has lost his officers, treasury and army can still find happiness. Bhishma tells of Kshemadarsin, the prince of Kosala, who fell into distress and went to the sage Kalakavrikshiya. The sage teaches that all things are impermanent and that grief for lost wealth is useless, and advises him to let go of craving, enjoy what he has, and perhaps retire to the forest."
B12C104,B12,Shanti Parva,104,105,CV,11053,11134,3,827,"The sage Kalakavrikshiya tells King Kshemadarsin that, if he still has courage, he can recover his kingdom by a line of policy. He advises him to humble himself before Janaka, the ruler of Mithila, to earn that king's trust, and then to weaken his foes through division, luxury, a drained treasury and misdirected sacrifices. He ends by saying that poison and fraud can destroy a hostile kingdom."
B12C105,B12,Shanti Parva,105,106,CVI,11136,11217,3,860,"Kshemadarsin refuses to win back his kingdom by fraud and says he will live only by honest means. The sage Kalakavrikshiya praises his righteousness and brings him to Janaka, the ruler of Videha, who recognises his worth. The two kings make peace and trust each other, and Janaka honours his guest with his own daughter and jewels, reasoning that peace is the high duty of kings."
B12C106,B12,Shanti Parva,106,107,CVII,11219,11314,2,1014,"Yudhishthira recaps the earlier teachings and asks how a king should treat the many brave men around him so that they stay loyal and undivided. Bhishma says enmity between the king and the nobility arises from greed on the king's side and wrath on theirs. Nobles who stay united, honour their leaders and settle quarrels early prosper, while disunion and oppression drive them to the king's enemies."
B12C107,B12,Shanti Parva,107,108,CVIII,11316,11410,2,1048,"Yudhishthira asks which duties matter most for earning merit now and in the next world. Bhishma answers that honouring mother, father and teacher is the chief duty, and that they should be obeyed and served with humility. He says the teacher deserves the greatest reverence because he gives an immortal life, and that neglecting or injuring any of the three is a grave sin."
B12C108,B12,Shanti Parva,108,109,CIX,11412,11497,2,932,"Yudhishthira asks how someone who wants to follow virtue should tell truth from falsehood, and what eternal virtue is. Bhishma says truth is generally right but must be withheld when it serves evil, and that a falsehood may be told to save a life or another's wealth or to escape sinful men. He concludes that righteousness is what upholds creatures and prevents their injury, so the honest should be met with honesty and the deceitful with deceit."
B12C109,B12,Shanti Parva,109,110,CX,11499,11582,2,836,"Yudhishthira asks how creatures can overcome the many afflictions that beset them. Bhishma answers with a long list of people who overcome difficulties: those who keep to their duties, speak the truth, give without taking, honour guests and parents, and avoid harm and greed. He ends by identifying Krishna as Narayana, the Lord who protects those who seek his refuge, and says reciting these verses helps one overcome difficulties."
B12C110,B12,Shanti Parva,110,111,CXI,11584,11838,6,2861,"Yudhishthira asks how to tell people who are truly tranquil from those who only appear so. Bhishma tells of a cruel king, Paurika, reborn as a jackal who lives purely and refuses meat. A tiger takes the jackal as his minister, but envious old servants frame him for stealing the tiger's meat, and the jackal, though cleared, leaves the court and ends his life by fasting, going to heaven."
B12C111,B12,Shanti Parva,111,112,CXII,11840,11906,3,679,"Yudhishthira asks what a king should do to be happy. Bhishma warns against the example of a camel of the Krita age, who won from Brahman a boon of a very long neck after great austerities. The camel grew idle, and while sheltering from a storm in a cave, a jackal and his wife ate his neck and killed him. Bhishma uses the tale to urge a king to avoid idleness and to act with intelligence, aided by wise counsel and allies."
B12C112,B12,Shanti Parva,112,113,CXIII,11908,11961,5,439,"Yudhishthira asks how a king without the usual aids should behave toward a powerful foe. Bhishma tells of the Ocean asking the rivers why they never sweep away the canes on their banks, though they uproot great trees. Ganga explains that the cane bends with the current and survives, while rigid trees resist and are torn away, and Bhishma concludes that a wise man facing a stronger foe should yield like the cane."
B12C113,B12,Shanti Parva,113,114,CXIV,11963,12030,2,756,"Yudhishthira asks how a learned, modest man should respond when an ignorant, conceited person abuses him in public. Bhishma advises patience: the man who does not answer anger takes the abuser's merit, and the abuser takes the patient man's demerit. The boasts and slanders of fools are empty, like a crow's cawing, and slanderers who speak ill of others behind their backs should be avoided, while one who endures their reproaches suffers no pain from speech."
B12C114,B12,Shanti Parva,114,115,CXV,12032,12105,2,763,"Yudhishthira asks how a king can keep his kingdom and royal line prosperous, and how he should choose servants, since a king who keeps company with wicked men loses his loyal servants. Bhishma answers that no king can rule alone and that he needs wise, honest and well-born ministers and officers. He adds that accounts and treasuries must be honestly supervised, justice fairly administered, and the subjects won over by kindness."
B12C115,B12,Shanti Parva,115,116,CXVI,12107,12176,2,726,"Bhishma tells an old tale heard at the hermitage of Rama, son of Jamadagni. A sage in a forest is served by its beasts, and a devoted dog stays by him, but a leopard threatens the dog. The sage transforms the dog into a leopard to save it, and then, when a tiger comes, into a tiger, so that the beasts of the forest leave it alone."
B12C116,B12,Shanti Parva,116,117,CXVII,12178,12242,2,675,"The transformed dog, now a tiger, is threatened by an elephant and then a lion, and the sage changes it into each in turn. It is changed into a Sarabha to meet a fierce beast, and then grows ungrateful, planning to kill the sage. The sage reproves it, reminds it of its origin as a dog, and turns it back into a dog."
B12C117,B12,Shanti Parva,117,118,CXVIII,12244,12329,1,904,"The dog, returned to its own form, is driven out of the hermitage. Bhishma draws the lesson for kings: examine servants carefully for truth, purity, learning, conduct, birth and self-control before employing them, and do not keep men of low birth. He describes the qualities of a good minister, the virtues of a righteous king, and the value of a loyal army, and says a king who wins the loyalty of his men can conquer the earth."
B12C118,B12,Shanti Parva,118,119,CXIX,12331,12389,1,634,"Bhishma says that, taking the lesson of the dog story, a king should give each servant the office he is fit for and never raise a man above his station. He advises choosing honest, learned and well-born ministers, keeping the treasury and granaries in trustworthy hands, and caring for kinsmen and the city. He closes by asking Yudhishthira what further he would like to hear."
B12C119,B12,Shanti Parva,119,120,CXX,12391,12575,2,2088,"Yudhishthira asks Bhishma to restate the duties of kingship in a form that is easy to remember. Bhishma answers at length that protecting all creatures is the highest duty, and that a king should be like a peacock, varying his conduct to suit each purpose and keeping counsel secret. He should watch for danger, collect taxes gently as a bee gathers honey, appoint honest officers, avoid waste and greed, and act with intelligence and patience, so as to protect his people and earn the rewards of virtue."
B12C120,B12,Shanti Parva,120,121,CXXI,12577,12734,2,1685,"Yudhishthira asks Bhishma to explain Chastisement itself: its nature, form, origin and the power that keeps it watchful, since so much seems to depend on it. Bhishma says Chastisement is the principle by which righteousness is upheld and is also called Vyavahara, a term that Manu first declared. He describes its fearsome form and many names, and explains that legal procedure rests on Vedic and royal authority. He ends by saying that no one, not even a mother, father, brother, wife or priest, is exempt from the justice of a king who rules by duty."
B12C121,B12,Shanti Parva,121,122,CXXII,12736,12887,4,1595,"Bhishma tells how King Mandhatri visits the penitent king Vasuhoma and asks where Chastisement came from. Vasuhoma explains that Chastisement vanished during Brahman's sacrifice, causing disorder, until Vishnu created it anew and it was entrusted to the gods, sages and finally to Manu and his sons. Chastisement must be used with discrimination, and Bhishma says whoever heeds this teaching will gain the fulfilment of his wishes."
B12C122,B12,Shanti Parva,122,123,CXXIII,12889,12974,3,876,"Yudhishthira asks how Virtue, Wealth and Pleasure relate, and what their roots and fruits are. Bhishma says Wealth rests on Virtue, Pleasure is the fruit of Wealth, and all three aim at liberation, with the flaws of greed for reward and hoarding to be purged. He then tells how King Angaristha asks the sage Kamandaka how a king can undo sins committed through lust or ignorance, and Kamandaka prescribes Vedic study, respect for Brahmanas, banishing wicked men and seeking the company of the good."
B12C123,B12,Shanti Parva,123,124,CXXIV,12976,13203,15,2075,"Yudhishthira asks how virtuous behaviour is acquired. Bhishma recounts how Duryodhana, grieved at Yudhishthira's splendour at Indraprastha, asked his father Dhritarashtra the same question, and Dhritarashtra answered that good conduct wins the earth. He then tells the tale of Prahlada, who lost his sovereignty to Indra when a Brahmana disciple drew away his conduct and with it righteousness, truth, good deeds, might and prosperity. Dhritarashtra concludes that abstaining from injury, compassion and charity build good conduct, and that wicked men who prosper do not keep their fortune long."
B12C124,B12,Shanti Parva,124,125,CXXV,13205,13253,2,483,"Yudhishthira asks what Hope is and where it comes from, lamenting that Duryodhana's obstinacy destroyed the hope he had cherished of peace. Bhishma introduces the discourse between Sumitra and Rishabha and tells how King Sumitra of the Haihayas chases a wounded deer far through forests and across rivers without giving up."
B12C125,B12,Shanti Parva,125,126,CXXVI,13255,13302,1,545,"King Sumitra, worn out by the hunt, arrives at a hermitage, where the ascetics honour him and ask why he has come. He tells them he is of the Haihaya race, has lost his deer, and is left disappointed in his hope. He then asks which is vaster, hope or the firmament, and says he wishes to hear the answer only if it is proper for the sages to give it."
B12C126,B12,Shanti Parva,126,127,CXXVII,13304,13372,2,751,"The sage Rishabha, asked by Sumitra, recalls meeting the emaciated sage Tanu near the hermitage of Nara and Narayana. There King Viradyumna came searching for his lost son Bhuridyumna and asked Tanu what is greater than hope. Tanu explains that Bhuridyumna had insulted a holy sage by refusing him a golden jar and vegetable bark, leaving the sage disappointed, and the sages gather around the king to ask what brought him there."
B12C127,B12,Shanti Parva,127,128,CXXVIII,13374,13477,10,849,"King Viradyumna asks Tanu what is exceedingly hard to obtain, and Tanu says that hope is the most slender thing of all. He lists the hopes that are slenderer still, such as hope placed in a giver who never gives, or in a father who longs to see his lost son again. The king is moved, Tanu produces the lost prince and reveals himself as the god of righteousness, and Sumitra then casts off his own hope. Bhishma urges Yudhishthira to be calm and collected like Himavat."
B12C128,B12,Shanti Parva,128,129,CXXIX,13479,13519,4,289,"Yudhishthira says he is never satiated with Bhishma's teaching on morality. Bhishma tells of the sage Gotama, who spent sixty thousand years in austerity on the Paripatra hills and was visited by Yama, the regent of the dead. Gotama asks how one can clear the debt owed to one's parents and win pure regions of bliss, and Yama answers that devotion to truth, purity, penance and reverence for one's parents, together with generous horse-sacrifices, win many regions."
B12C129,B12,Shanti Parva,129,130,CXXX,13521,13681,2,1858,"Yudhishthira asks what a weak king should do when he is surrounded by enemies and treacherous ministers, with an empty treasury and no army, and whether he should seek wealth by evil means or give up his life. Bhishma says the question is subtle and that a king in extreme distress may take wealth from anyone except ascetics and Brahmanas, since treasury, army and people depend on one another. He insists that the treasury should be filled by righteous means where possible, and warns that filling it by oppression leads to ruin."
B12C130,B12,Shanti Parva,130,131,CXXXI,13683,13741,5,492,"Yudhishthira asks what a weak, besieged king should do when his land is lost, his treasury is empty and his councils have leaked. Bhishma advises peace with an honest invader, and giving up land or even the capital to a treacherous one to save his life. If peace fails, the king should fight bravely, because a warrior who dies in battle goes to heaven."
B12C131,B12,Shanti Parva,131,132,CXXXII,13743,13813,2,755,"Yudhishthira asks how a Brahmana can make a living when proper rule has collapsed, robbers control the means of life, and he cannot abandon his family. Bhishma says he should live by his learning, and that in hard times a king may take wealth from the wicked and give it to the good. Even then the king must not oppress priests or Brahmanas, and he should not believe slander."
B12C132,B12,Shanti Parva,132,133,CXXXIII,13815,13878,1,691,"Bhishma explains that a king must keep his treasury full, drawing on his own realm and his enemies' lands by a middle course. He argues that a weak king with an empty purse loses respect and power, so he must not bend before enemies. On robbers, he advises bringing them under control rather than destroying them outright, since those who exterminate them live in fear."
B12C133,B12,Shanti Parva,133,134,CXXXIV,13880,13932,1,548,"Bhishma says a Kshatriya's clear duties are religious merit and wealth, and that endless debate about the unseen future should not stop him from them. He argues that power is the foundation of righteousness and that the powerful can do much that the weak cannot. He then lists the penances by which a man who has fallen into sin can cleanse himself and win back respect."
B12C134,B12,Shanti Parva,134,135,CXXXV,13934,14023,5,752,"Bhishma tells the story of Kayavya, a robber of mixed birth who was devout, protected Brahmanas and ascetics, and cared for his blind parents. When thousands of robbers choose him as their leader, he sets rules: spare women, children, ascetics and Brahmanas, and plunder only where it is due. Bhishma says that robbers who keep these rules win a good afterlife, and that hearing the tale brings safety from fear."
B12C135,B12,Shanti Parva,135,136,CXXXVI,14025,14061,1,380,"Bhishma quotes verses attributed to Brahman on how a king should fill his treasury. The wealth of sacrificers and of the gods must not be taken, but wealth of those who neglect sacrifice may be taken for the army and for worship, and the king should pass it on to good people rather than hoard it. He ends by comparing moral questions to dust that grows finer the more it is ground."
B12C136,B12,Shanti Parva,136,137,CXXXVII,14063,14129,2,694,"Bhishma tells a fable of three Sakula fish in a lake that fishermen are draining. One fish sees the danger and leaves early, another escapes by biting the string when caught, and the slow one is caught and dies. Bhishma's lesson is that foresight and quick thinking bring success, procrastination brings ruin, and well-timed action gets the best results."
B12C137,B12,Shanti Parva,137,138,CXXXVIII,14131,14671,8,6509,"Yudhishthira asks how a weak king surrounded by many foes should choose friends and enemies, and when to make war or peace. Bhishma answers with the fable of a mouse and a cat caught in the same hunter's net, in which the mouse makes a timely alliance with the cat, frees him, and then refuses his later offer of friendship. The moral is that alliances rest on self-interest, so a ruler should seem trusting while staying wary, and should act at the right time."
B12C138,B12,Shanti Parva,138,139,CXXXIX,14673,15007,15,3480,"Yudhishthira asks how a king can rule if he trusts no one, and Bhishma answers with the tale of the bird Pujani and King Brahmadatta. After the prince kills her chick, Pujani blinds him in revenge, and the two then argue over whether an injury can ever be forgiven. Brahmadatta appeals to Time and to reconciliation, while Pujani holds that enmity between injurer and injured never truly ends, so she leaves; the tale closes with advice that a king should protect his subjects and never provoke a stronger foe."
B12C139,B12,Shanti Parva,139,140,CXL,15009,15219,4,2388,"Yudhishthira asks how a king should act when righteousness and people have declined and robbers plague the land. Bhishma tells how Satrunjaya, king of the Sauviras, asked the sage Bharadwaja how to gain, grow, guard and use wealth. Bharadwaja replies that a ruler must rely on firm punishment, cut the roots of his foes, and mix sternness, mildness and deceit as the moment requires, and the king prospers by following this advice."
B12C140,B12,Shanti Parva,140,141,CXLI,15221,15591,27,3451,"Yudhishthira asks how a Brahmana and a king should live when righteousness has collapsed and famine and robbery have overrun the land. Bhishma tells of the sage Viswamitra, who in a twelve-year drought steals a dog's haunch from a Chandala's hut to stay alive. The Chandala argues at length that the meat is unclean and the theft sinful, but Viswamitra answers with hunger, precedent and the claim that saving life comes first, then eats the meat after offering it to the gods. The story teaches that a wise man may act against normal rules to survive great distress, and can later regain his merit."
B12C141,B12,Shanti Parva,141,142,CXLII,15593,15713,4,1264,"Yudhishthira is appalled that Bhishma's teaching seems to excuse cruelty and to make robbers respectable, and asks whether any kingly rule may never be broken. Bhishma replies that duty must come from wisdom gathered from many sources rather than a one-sided reading of scripture, and that a king must be severe when the occasion demands and mild otherwise. He closes by saying that Brahmanas must always be honoured, since they can bring either great blessing or great harm."
B12C142,B12,Shanti Parva,142,143,CXLIII,15715,15808,5,927,"Yudhishthira asks what merit comes from protecting a suppliant, and Bhishma says it is great, citing King Sivi and a pigeon that fed a foe who sought refuge with its own flesh. He then tells the story as Rama, son of Bhrigu, told it to King Muchukunda. A cruel fowler who lives by killing birds is caught in a storm and sets out to find shelter for the night beneath a great tree."
B12C143,B12,Shanti Parva,143,144,CXLIV,15810,15852,1,498,"A pigeon lives with his family in a tree, and when his wife does not return on the stormy night he laments her absence. He praises the faithful wife as a man's true home, companion and support, and says a man without one should go to the forest."
B12C144,B12,Shanti Parva,144,145,CXLV,15854,15893,2,370,"The she-pigeon, already caught in the fowler's cage, hears her husband's grief and urges him to welcome the fowler as a guest. She argues that refusing a suppliant is as sinful as killing a Brahmana or a cow, and tells him to take other wives if she dies."
B12C145,B12,Shanti Parva,145,146,CXLVI,15895,15950,1,616,"The pigeon welcomes the fowler and gives him warmth, but when the hungry fowler asks for food he has none. Bound by his duty to a guest, he throws himself into a fire he has lit so that he may be offered as food, and the fowler is overcome with grief."
B12C146,B12,Shanti Parva,146,147,CXLVII,15952,15982,1,303,"Moved by the pigeon's death, the fowler blames himself and vows to give up his cruel trade for a life of strict penance. He throws away his weapons and cages and frees the captive she-pigeon."
B12C147,B12,Shanti Parva,147,148,CXLVIII,15984,16019,1,366,"The she-pigeon mourns her husband and says life means nothing without him, then throws herself into the fire. She sees her husband in heaven on a celestial car, and the two ascend together as a reward for their merit."
B12C148,B12,Shanti Parva,148,149,CXLIX,16021,16071,1,537,"Seeing the pigeon couple in heaven, the fowler resolves to win the same reward through austerity. He gives up food and deliberately runs into a forest fire, and is taken up to heaven for it. Bhishma ends by praising the protection of suppliants as a high merit and saying that hearing this tale cleanses sin."
B12C149,B12,Shanti Parva,149,150,CL,16073,16124,2,508,"Yudhishthira asks how a person who sins through ignorance can be cleansed. Bhishma tells how King Janamejaya, son of Parikshit, killed a Brahmana, was abandoned by his priests and subjects, and wandered in penance. The sage Indrota, son of Sunaka, harshly rebukes the king when he comes to him for help."
B12C150,B12,Shanti Parva,150,151,CLI,16126,16201,5,699,"Janamejaya, tormented by remorse, begs the sage Saunaka for instruction and protection. Saunaka answers that folly is no cause for anger, but insists that the king repent, drop his pride, and honour Brahmanas, even if others mock him for it. The king swears never again to harm a Brahmana in thought, word or deed."
B12C151,B12,Shanti Parva,151,152,CLII,16203,16316,3,1206,"Saunaka tells the repentant king that a wise ruler must combine sternness with compassion, and recommends penance, gifts, sacred bathing places and graded remedies for each repeated sin. He cites the gods' question to Vrihaspati about how a righteous person cleanses sin, and Vrihaspati's answer that righteous acts done with understanding wash sin away. The sage then assists Janamejaya in the horse-sacrifice, and the purified king returns to his kingdom in splendour."
B12C152,B12,Shanti Parva,152,153,CLIII,16318,16645,12,3539,"Yudhishthira asks whether anyone has ever been restored to life after death. Bhishma tells how a Brahmana's only son dies, and how his kin at the cremation ground are argued back and forth between a vulture, who says the dead cannot return, and a jackal, who keeps them hoping. When the sun sets and the kin plead for help, Sankara appears and restores the child to life for a hundred years, showing that prayer and grace can overturn what seems final."
B12C153,B12,Shanti Parva,153,154,CLIV,16647,16702,2,546,"Yudhishthira asks how a weak man who has foolishly provoked a powerful enemy should act when that enemy comes to destroy him. Bhishma introduces the story of the Salmali tree, a great tree on the Himalaya that shelters elephants, birds and travellers. The sage Narada praises it and asks whether the wind god Pavana is its friend, since its branches are never broken by storms."
B12C154,B12,Shanti Parva,154,155,CLV,16704,16759,3,552,"The sage Narada tells the Salmali tree that the wind must protect it through some special friendship, since no other tree or mountain stands against the wind. The tree boasts that it is stronger than the wind and has defeated him before. Narada rebukes this arrogance and says he will report it to the wind-god."
B12C155,B12,Shanti Parva,155,156,CLVI,16761,16822,5,553,"Narada reports the tree's insults to the wind-god, who comes to the Salmali in anger and threatens to show his power. The tree laughs at the threat and says that true strength lies in wisdom, so the wind promises a test the next day. Seeing that it is weaker, the tree decides to rely on its intelligence and resolves to protect itself from the wind's attack."
B12C156,B12,Shanti Parva,156,157,CLVII,16824,16873,3,450,"The Salmali cuts off its own branches, leaving itself bare, and waits for the wind. The wind arrives, delighted to find the tree stripped, and says that the tree's own counsel has put it under his power. Ashamed and remorseful, the Salmali repents, and Bhishma concludes that a weak man should not provoke a powerful one and that the wise defeat the strong gradually, as the Pandava Arjuna defeated Duryodhana's army."
B12C157,B12,Shanti Parva,157,158,CLVIII,16875,16980,2,1109,"Yudhishthira asks what is the source and foundation of sin. Bhishma replies that covetousness is the root of sin, giving rise to anger, lust, pride, deceit and countless other vices, and that it can never be satisfied. He then describes the good people who are free of covetousness, fearless, content and devoted to the good of all, and says they should be honoured and learned from."
B12C158,B12,Shanti Parva,158,159,CLIX,16982,17031,4,363,"Yudhishthira asks Bhishma to explain ignorance in detail. Bhishma says ignorance leads to sin, infamy and hell, and that attachment, hatred, vanity and many other faults are all called ignorance. He treats ignorance and covetousness as two sides of the same fault that grow and fade together, and says that kings such as Janaka gained heaven by restraining covetousness."
B12C159,B12,Shanti Parva,159,160,CLX,17033,17140,3,1113,"Yudhishthira asks which duties bring the highest merit. Bhishma answers that self-restraint is the highest duty, made up of forgiveness, patience, truthfulness, mildness, liberality and compassion, and leads the restrained person to freedom and the highest state. He admits one drawback, that others may think a self-restrained man weak, but says its merits far outweigh this. Yudhishthira, delighted, asks him to go on."
B12C160,B12,Shanti Parva,160,161,CLXI,17142,17182,1,395,"Bhishma teaches that penance is the root of all achievement, from the creation of the world and the Vedas to the status of the gods. He says that many kinds of wrongdoing can be cleansed by penance, and that abstaining from food is the highest form of it."
B12C161,B12,Shanti Parva,161,162,CLXII,17184,17256,2,749,"Yudhishthira asks Bhishma to explain truth, its signs, how it is gained and what it brings. Bhishma calls truth the eternal duty and the foundation of all righteousness, and sets out its thirteen forms, such as impartiality, self-control and forgiveness. He ends by saying that truth outweighed a thousand horse-sacrifices when the two were weighed against each other."
B12C162,B12,Shanti Parva,162,163,CLXIII,17258,17323,2,644,"Yudhishthira asks about the origins of wrath, lust, envy, pride, malice and related vices. Bhishma calls these thirteen fierce foes that attack the heedless, and traces each to its source and cure, such as wrath springing from covetousness and dying away through forgiveness. He says tranquillity can subdue them all, and notes that Yudhishthira has already conquered them through respect for his elders."
B12C163,B12,Shanti Parva,163,164,CLXIV,17325,17370,2,448,"Yudhishthira asks Bhishma to describe malevolent people, whom he says he has not known well. Bhishma portrays them as boastful, deceitful, covetous and quick to slander, who eat greedily alone and regret their gifts. He contrasts them with the generous man who first gives to Brahmanas and then shares with kin, and advises that the malevolent be avoided."
B12C164,B12,Shanti Parva,164,165,CLXV,17372,17615,2,2862,"Bhishma sets rules for giving to Brahmanas: the learned and impoverished should be supported, the king may take wealth from those who refuse to fund sacrifices, and a hungry Brahmana may take a single meal in an emergency. He then lists the acts that make a Brahmana fallen and the expiation prescribed for each, from drinking liquor and killing a Brahmana to lesser faults, and says the gravest sins can be cleansed only by death. The chapter ends with a heading for the next section."
B12C165,B12,Shanti Parva,165,166,CLXVI,17617,17830,4,2382,"Nakula asks Bhishma whether the bow or the sword is the foremost weapon, and who first made the sword. Bhishma recounts the creation of the world, the rise of the Danavas, and how Rudra, born from a sacrificial fire, slew them with the sword called Asi, which was then handed down through a line of kings to the Pandavas. He ranks the sword highest among weapons and says the bow was first made by Prithu."
B12C166,B12,Shanti Parva,166,167,CLXVII,17832,18017,10,1770,"After Bhishma falls silent, Yudhishthira asks his brothers and Vidura which of Virtue, Wealth and Desire is greatest and which the mind should serve. Vidura ranks Virtue highest, Wealth middling and Desire lowest, while Arjuna argues that Wealth is needed for the other two, the twins argue that Virtue and Wealth should be pursued in order, and Bhima argues that Desire is the foremost. Yudhishthira judges their arguments mistaken and concludes that liberation is the highest good, since all acts follow the will of the Ordainer."
B12C167,B12,Shanti Parva,167,168,CLXVIII,18019,18183,4,1826,"Yudhishthira asks what kinds of men make worthy friends, and Bhishma lists the men to avoid, such as the covetous, the cruel and the deceitful, and the men to befriend, such as the well-born, the grateful and the steady. Yudhishthira asks who the ungrateful injurers of friends are, and Bhishma begins a tale. It concerns a poor Brahmana named Gautama who, having taken up with a village of robbers and learned to kill cranes, is visited by an old friend who begs him to return to his proper duties."
B12C168,B12,Shanti Parva,168,169,CLXIX,18185,18252,2,708,"Gautama leaves the robbers' village for the sea, is separated from a merchant caravan when an elephant attacks it, and wanders into a beautiful forest. He rests beneath a great banyan tree, where the crane prince Rajadharman, son of Kasyapa, arrives at evening. Gautama, hungry, first eyes the crane as prey, but the crane greets him warmly as a guest."
B12C169,B12,Shanti Parva,169,170,CLXX,18254,18325,3,719,"Rajadharman hosts Gautama with food, flowers and a soft bed, and reveals that he is a son of Kasyapa. Learning that Gautama is poor and seeks wealth at sea, the crane promises to help, citing four ways of gaining wealth. He sends Gautama to his friend, the Rakshasa king Virupaksha, who he says will give him wealth."
B12C170,B12,Shanti Parva,170,171,CLXXI,18327,18425,4,1034,"Virupaksha questions Gautama about his birth and practices, and Gautama gives only his name and race, adding that he lives among hunters with a Sudra widow as his wife. Out of loyalty to his friend the crane, the king honours Gautama at a great feast for a thousand Brahmanas and sends him away with gold. Gautama, laden with the gold, returns to the banyan, where the crane welcomes him, and he plots to kill the crane for its flesh."
B12C171,B12,Shanti Parva,171,172,CLXXII,18427,18489,1,697,"Gautama kills his sleeping crane host, roasts its flesh and flees with the gold. When the Rakshasa king Virupaksha finds that his friend has not returned, he sends his son, who finds the mutilated body and captures Gautama. The Rakshasas refuse to eat such an ungrateful man, since ingratitude, unlike other sins, has no expiation."
B12C172,B12,Shanti Parva,172,173,CLXXIII,18491,18562,3,719,"Virupaksha has the crane burned on a pyre, and the goddess Surabhi's milk revives him. Indra explains that the crane was cursed for missing the Grandsire's assembly, and at the crane's plea Indra restores Gautama to life too, though Gautama is cursed to sink into hell for his ingratitude. Bhishma concludes that ingratitude is shameful and that friends should always be honoured."
B12C173,B12,Shanti Parva,173,174,CLXXIV,18564,18766,9,2080,"Yudhishthira asks how a person should set aside grief after losing wealth or a loved one, and Bhishma says that reflection can dissolve sorrow. He tells how a Brahmana consoled King Senajit, who was mourning his dead son, by reminding him that all must pass away and that grief is folly. The rest of the teaching continues in the next scene."
B12C174,B12,Shanti Parva,174,175,CLXXV,18768,18902,8,1286,"Yudhishthira asks what good thing one should seek while time carries life away. Bhishma tells of a learned Brahmana's son, Medhavin, who asks his father how to act when death is always near. The father gives the usual stages of life, but the son warns that death and decay surround every creature, and urges pursuit of truth and renunciation over ritual."
B12C175,B12,Shanti Parva,175,176,CLXXVI,18904,18974,2,722,"Yudhishthira asks whence happiness and misery come to rich and poor who follow different practices. Bhishma gives verses sung by a Brahmana, miserable with a bad wife and hunger, who says that happiness and sorrow come from destiny and that poverty freed from desire brings true ease, while the wealthy grow anxious and proud. Bhishma concludes that renunciation is the highest good, as he heard from a Brahmana at Hastinapur."
B12C176,B12,Shanti Parva,176,177,CLXXVII,18976,19122,2,1710,"Yudhishthira asks what a man who craves wealth and cannot find it should do to be happy. Bhishma says the happy man is even-minded toward joy and sorrow, honour and insult, speaks truth, and seeks no worldly gain. He tells the story of Manki, whose two new bulls are carried off by a camel, and who concludes that destiny rules wealth and that desire is the real enemy. Manki then renounces his desire and attains a state of immortal peace."
B12C177,B12,Shanti Parva,177,178,CLXXVIII,19124,19170,3,396,"Bhishma cites King Janaka, who says he owns nothing even if his kingdom burns, and the sage Vodhya, who names six teachers of tranquillity. Vodhya's teachers are the courtesan Pingala, an osprey, a snake, the bee, a shaft-maker and a maiden with an anklet. Each one shows that hope agitates the heart and that living free of hope, possessions and strife brings peace."
B12C178,B12,Shanti Parva,178,179,CLXXIX,19172,19301,5,1332,"Yudhishthira asks how a person can live free of grief and reach a good end. Bhishma tells how King Prahlada questions a serene wandering Brahmana, who lives by the Ajagara vow, taking whatever food and rest come to him without desire or grief. The sage explains that all creatures are subject to death and change, so one should accept what comes, and Bhishma concludes that such a man passes his days in great delight."
B12C179,B12,Shanti Parva,179,180,CLXXX,19303,19453,2,1740,"Yudhishthira asks whether kinsmen, action, wealth or wisdom should be a person's refuge, and Bhishma says wisdom is the highest refuge. He tells how Indra, disguised as a jackal, speaks to the despairing Brahmana Kasyapa, who has been knocked down by a careless Vaisya and wants to end his life. Indra persuades him that a human birth and a Brahmana's status are precious, and that his pride in argument had caused his fall, and Kasyapa worships Indra and goes home."
B12C180,B12,Shanti Parva,180,181,CLXXXI,19455,19514,2,621,"Yudhishthira asks whether gifts, sacrifices, penances and service to teachers bring wisdom and happiness. Bhishma answers that a mind swayed by desire and anger runs toward sin, and that deeds bear their fruit in later lives, following a person as his shadow does. Charity and faith bring prosperity and unbelief brings suffering, but a penitent person can cleanse the past through penance and knowledge."
B12C181,B12,Shanti Parva,181,182,CLXXXII,19516,19638,8,1133,"Yudhishthira asks who created the universe, what creatures are, and where the dead go. Bhishma passes on the teaching that the sage Bhrigu gave to Bharadwaja: a primeval being called Manasa creates the elements, a lotus, and Brahman, and the universe is his body. Bhrigu then describes the boundless sky and its layers of water and fire, and explains that the earth is the lotus whose centre is Mount Sumeru."
B12C182,B12,Shanti Parva,182,183,CLXXXIII,19640,19693,4,440,"Bharadwaja asks how the creator, dwelling in Meru, made the diverse objects of the world. Bhrigu says the creator first made water, which sustains life, and that earth and mountains are solidified water. He then tells how seers who fasted for a thousand years heard a celestial voice describe the sequence: space, then water, then wind from water's pressure, then fire from friction, and finally earth from solidified fire."
B12C183,B12,Shanti Parva,183,184,CLXXXIV,19695,19809,4,1193,"Bharadwaja asks why only the five primal elements are called creatures. Bhrigu answers that they are called great because they pervade all things, and that all bodies and senses are built from them. Bharadwaja objects that trees show none of the signs of the elements, but Bhrigu argues that trees feel, see, smell and taste, and so have life, and he then describes how the elements and their properties appear in living bodies."
B12C184,B12,Shanti Parva,184,185,CLXXXV,19811,19865,2,563,"Bharadwaja asks how bodily heat dwells in the body and how wind moves it. Bhrigu explains that heat lies in the head and works with the breaths to drive life, the senses, excretion, digestion and bodily movement. He adds that yogins who hold the soul within the brain can reach Brahma through the main channel of the body."
B12C185,B12,Shanti Parva,185,186,CLXXXVI,19867,19914,1,559,"Bharadwaja objects to the account: if life were only wind or inner heat, it would merge back into outer air or fire at death, and nothing would remain of the person once the elements separate. He asks what knows, hears or speaks after such a separation, doubts that a gift of a cow helps the dead, and concludes that everything arises from seeds and perishes at death."
B12C186,B12,Shanti Parva,186,187,CLXXXVII,19916,20028,5,1157,"Bhrigu says the living creature is not destroyed with the body but passes into another form, as fire vanishes into space when its fuel is consumed. Bharadwaja objects that the analogy fails, and asks who feels pain, hears or sees once the body is only a union of the elements. Bhrigu replies that an inner Soul witnesses the senses, migrates from body to body, and survives the body's dissolution."
B12C187,B12,Shanti Parva,187,188,CLXXXVIII,20030,20100,3,640,"Bhrigu describes creation: Brahman first made the Prajapatis, then Truth, Duty, Penance and the Vedas, and then all beings, including the four classes, each assigned a colour. Bharadwaja objects that all men share the same passions and bodily functions, so colour cannot separate them into classes. Bhrigu replies that all men were once Brahmanas and that conduct made some Kshatriyas, Vaisyas or Sudras, while those who fell from knowledge became Pisachas, Rakshasas and other beings."
B12C188,B12,Shanti Parva,188,189,CLXXXIX,20102,20162,2,628,"Bharadwaja asks by what acts one becomes a Brahmana, a Kshatriya, a Vaisya or a Sudra. Bhrigu describes the Brahmana by his purifying rites, Vedic study, daily duties, hospitality and truthfulness, the Kshatriya as a warrior who studies and gives gifts, the Vaisya as a cattle-keeper or farmer, and the Sudra as one unclean in conduct who ignores the Vedas. He ends by urging mastery over greed and anger, and renunciation of the self, as the path to Brahma."
B12C189,B12,Shanti Parva,189,190,CXC,20164,20242,3,780,"Bhrigu teaches that truth is Brahma and the root of penance and creation, that untruth leads to darkness, and that happiness is the aim of all action. Bharadwaja doubts that happiness is the highest aim, since Brahma and Shiva, who conquered desire, do not seek it. Bhrigu replies that those ruled by anger and greed suffer disease, death and loss, while heaven knows no hunger, thirst or sin, so happiness is the highest goal."
B12C190,B12,Shanti Parva,190,191,CXCI,20244,20361,6,1131,"Bharadwaja asks what gifts, righteousness, conduct, penance, Vedic study and fire offerings bring. Bhrigu says offerings burn sin, study brings peace, gifts bring pleasure, and gifts to the good follow the giver after death. He then describes the stages of life set down by Brahman: the student under a teacher, the householder who supports the others and enjoys family, wealth and pleasure, and the forest dweller, each with its own duties."
B12C191,B12,Shanti Parva,191,192,CXCII,20363,20492,5,1313,"Bhrigu describes the austere life of forest hermits, who sleep on bare ground, live on roots and leaves, and endure heat and cold through penance. He then describes wandering renouncers who give up home, possessions and family and do no harm to any creature. Bharadwaja asks about the region beyond the known world, and Bhrigu describes a righteous northern land across the Himalaya, contrasting it with this world as the field where good and evil deeds bear fruit."
B12C192,B12,Shanti Parva,192,193,CXCIII,20494,20596,2,1147,"Yudhishthira asks Bhishma to explain the rules of proper conduct. Bhishma lists daily habits and courtesies that mark a good person: where and when to relieve oneself, washing and worship, eating manners, honouring Brahmanas and elders, and never hiding a sin from good men. He ends by saying that righteousness is the source of lasting happiness after death."
B12C193,B12,Shanti Parva,193,194,CXCIV,20598,20789,2,2105,"Yudhishthira asks what the Adhyatma teaching is and how the universe is created and dissolved. Bhishma explains that the five great elements, the mind, the understanding and the soul make up a person, and that the three qualities of goodness, passion and darkness shape the understanding. He describes the soul as a silent witness, distinct from the understanding although they are found together, and he ends by recommending detachment and self-knowledge as the way to freedom."
B12C194,B12,Shanti Parva,194,195,CXCV,20791,20852,1,679,"Bhishma now describes four kinds of yoga meditation, which great sages practised to reach liberation. The yogin must withdraw his senses into the mind, sit still in a quiet place, and steady a mind that keeps wandering. Patience and repeated effort are needed, and the result is a happiness that cannot be won by action or fate alone, leading to Nirvana."
B12C195,B12,Shanti Parva,195,196,CXCVI,20854,20933,2,820,"Yudhishthira asks what fruit silent reciters of the sacred mantras receive, and which path, Sankhya, yoga or work, they belong to. Bhishma answers with an old story of Yama, Time and a Brahmana, and explains that silent recitation fits both the Sankhya and yoga paths. He then describes how a reciter who takes up renunciation withdraws from worldly concerns, meditates on Brahma, and at last reaches the pure, immortal Soul."
B12C196,B12,Shanti Parva,196,197,CXCVII,20935,20988,4,457,"Yudhishthira asks whether reciters have any end beyond the high one already named. Bhishma lists the kinds of recitation that lead to hell, such as doing it with pride, for desire, or without faith, and says even a half-finished discipline leads there. When Yudhishthira asks why reciters who reached Brahma are still reborn, Bhishma blames their lack of true knowledge."
B12C197,B12,Shanti Parva,197,198,CXCVIII,20990,21031,2,373,"Yudhishthira asks what kind of hell a reciter may be sent to. Bhishma says that even the heavenly regions of the gods count as hell when set against the supreme region of the Soul. That region is free from change, pain, time and the three qualities, and a reciter who unites with his Soul goes there."
B12C198,B12,Shanti Parva,198,199,CXCIX,21033,21366,37,2531,"Bhishma tells the story of the Brahmana, a reciter of the Gayatri, who is offered heaven by Dharma but refuses to leave his body. Time, Death and Yama come to take him, and king Ikshvaku arrives and asks for the fruit of his recitations. The Brahmana gives it away, the two argue over duty and truth, and Dharma and Heaven declare that both men have earned equal merit."
B12C199,B12,Shanti Parva,199,200,CC,21368,21663,27,2461,"The king offers to share the Brahmana's reward and his own merit, and two strangers, Virupa and Vikrita, then arrive disputing a debt over a cow gift. After the king, who feels bound by both kingly and Brahmanical duty, accepts the Brahmana's gift, Virupa reveals that he and Vikrita are Desire and Wrath, sent to test them. Bhishma then explains where reciters go, and the Brahmana and king are absorbed into Brahma with the gods' approval."
B12C200,B12,Shanti Parva,200,201,CCI,21665,21786,7,1139,"Yudhishthira asks about the fruits of yoga and knowledge, and how the creature-soul can be known. Bhishma tells how the sage Vrihaspati asked his teacher Manu about the cause of the universe, the fruits of sacrifice and knowledge, and the path of the departing soul. Manu teaches that acts driven by desire lead to hell, that liberation comes by freeing oneself from acts, and that the supreme being is beyond the senses and beyond sex or form."
B12C201,B12,Shanti Parva,201,202,CCII,21788,21884,1,1122,"Manu teaches that all things return through the elements to space and that the Self, which is the true cause, is beyond the senses and their objects. He explains that knowledge sits in the body like a lamp that lights the senses, and that the Soul is never born or destroyed. Passing from body to body, the Soul carries the results of its acts with it."
B12C202,B12,Shanti Parva,202,203,CCIII,21886,21969,1,948,"Manu explains that the Soul is a silent witness that cannot be grasped by any single sense and is known only through scripture and wisdom. He gives images to show how something real can be unseen, such as the far side of the Himalayas, the moon at its dark phase, and Rahu passing over the sun or moon. He ends by saying the Soul keeps the fruits of its acts even after it leaves the body."
B12C203,B12,Shanti Parva,203,204,CCIV,21971,22035,1,697,"Manu compares sleep and death to a dream, in which the body lies still while the inner spirit goes on, and says the Soul can be seen only when the senses are calm, like a reflection in still water. Ignorance, delusion and desire cloud this view, so the senses must be restrained. Knowledge removes sin, and the Soul is freed when it is withdrawn in turn into mind, understanding and the Supreme."
B12C204,B12,Shanti Parva,204,205,CCV,22037,22123,1,913,"Manu advises that sorrow should not be brooded over, since brooding makes it grow, and that mental sorrow should be met with wisdom while physical pain is treated with medicine. He explains that the mind must be quieted, the senses shut and the understanding drawn inward, so that the seeker can reach Brahma, which lies beyond all qualities and words. Creatures are born again according to righteousness or sin, and only freedom from attachment leads to Knowledge."
B12C205,B12,Shanti Parva,205,206,CCVI,22125,22226,1,1123,"Manu explains that the soul lodges in many kinds of bodies according to its past acts, and that knowledge, desire, resolve and action form a chain. Breaking this chain through knowledge leads to Brahma, which is beyond all qualities and cannot be reached by study or effort. He identifies Vishnu, who is beyond Time, as the Supreme Brahma, and says renunciation and self-restraint lead to liberation."
B12C206,B12,Shanti Parva,206,207,CCVII,22228,22360,5,1343,"Yudhishthira asks Bhishma to describe Vishnu, called Narayana, Govinda and Kesava. Bhishma tells how the Supreme Being created the elements, Consciousness and the lotus-born Brahman, slew the demon Madhu, and then brought forth the sages, the gods, the four orders of men and the lords of the regions. He ends by stating that Narada and others proclaim Krishna as the Supreme God, beyond any ordinary man."
B12C207,B12,Shanti Parva,207,208,CCVIII,22362,22441,2,821,"Yudhishthira asks who the first Prajapatis were and which great Rishis dwell in each direction. Bhishma names the seven sons of the self-born Brahman, the later Prajapatis, and the gods such as the Adityas, Aswins, Vasus and Maruts, along with their social standing. He then places the great Rishis in the four quarters and says that reciting their names cleanses a person of sin."
B12C208,B12,Shanti Parva,208,209,CCIX,22443,22537,3,983,"Yudhishthira asks Bhishma why Krishna took the form of an animal. Bhishma recounts a visit to Markandeya's hermitage where the sage Kasyapa told how the Danavas oppressed the gods and the earth. Brahman promises that Vishnu will take the form of a boar to destroy them, and when the boar fights the demons and roars, the universe trembles, until the gods are told that the sound comes from Krishna, the Supreme God."
B12C209,B12,Shanti Parva,209,210,CCX,22539,22687,3,1654,"Yudhishthira asks for the yoga that leads to emancipation, and Bhishma tells of a disciple who asks his preceptor about the origin of himself and his teacher and why beings with the same material cause have different ends. The preceptor identifies Vasudeva as the Supreme cause, traces creation and the revival of lost knowledge, and describes primordial matter with its modifications. He concludes that the Soul is the true doer, that it can be seen only through yoga, and that it passes from body to body according to its acts."
B12C210,B12,Shanti Parva,210,211,CCXI,22689,22754,1,713,"Bhishma explains that living beings come from the unmanifest and that the Soul is eternal and untouched by the qualities that bind it. He compares the universe to a wheel driven by passion, with the Soul as its unmoved witness. He concludes that true knowledge burns the seeds of rebirth, and that this resolves the disciple's doubt."
B12C211,B12,Shanti Parva,211,212,CCXII,22756,22877,4,1182,"Bhishma says that the wise prefer abstention from acts, avoid impure acts, and recognise that the body is made of the elements and must be fed only as medicine. He describes how the qualities of goodness, passion and darkness produce different states of mind. Yudhishthira asks which faults should be abandoned, and Bhishma answers that goodness, the means of liberation, must cut away passion and darkness."
B12C212,B12,Shanti Parva,212,213,CCXIII,22879,22953,1,814,"Bhishma traces how passion and darkness lead to delusion, wrath, desire and pride, and how these bring acts, bonds, birth and sorrow. He describes the womb and presents women, desire and children as part of the bondage that the wise should avoid. He concludes that the senses are formed by past acts, and that freedom comes when knowledge weakens the senses and thirst is ended."
B12C213,B12,Shanti Parva,213,214,CCXIV,22955,23055,2,1107,"Bhishma explains that the regenerate, especially those learned in the Vedas, are the best of men, and that Brahmacharya, a discipline of restraint, is the highest means to Brahma. He sets out the rules a practitioner should follow, such as avoiding women and performing expiations after desire arises, and describes how desire draws the vital fluid through the body's ducts. He concludes that one who acts only to sustain the body and balances the three qualities escapes rebirth."
B12C214,B12,Shanti Parva,214,215,CCXV,23057,23153,1,1030,"Bhishma urges seekers to see the sorrows of the world, to avoid attachment and pride, and to practise truth, non-injury and forgiveness. He advises restraint of speech, thought and body, a simple life of alms, and the gradual control of the understanding, mind and senses. He ends by saying that ignorance is dispelled and that the seeker reaches Brahma, which is eternal and deathless."
B12C215,B12,Shanti Parva,215,216,CCXVI,23155,23231,1,825,"Bhishma tells the yogin to give up sleep and dreams, which arise from passion, darkness and fatigue. He explains that the mind keeps working while the senses rest, and that dreams draw on impressions from past lives. In deep sleep the mind rests in the Soul, and crossing darkness reveals the Supreme Brahma, which is reached by withdrawing the senses and mind."
B12C216,B12,Shanti Parva,216,217,CCXVII,23233,23367,2,1437,"Bhishma says no one can know Brahma without understanding the body, the Soul, dreams and sleep, and the two paths of activity and renunciation. He contrasts Prakriti and Purusha, illustrates the Soul's distinction from the qualities with the image of a turban, and urges yoga and detachment. He then describes the many ways people worship Brahma and ends by saying that the universe is woven by desire, and that knowledge of Prakriti and Purusha frees one from it."
B12C217,B12,Shanti Parva,217,218,CCXVIII,23369,23590,2,2549,"Yudhishthira asks how King Janaka of Mithila reached emancipation after giving up worldly pleasures. Bhishma answers with the story of King Janadeva of Janaka's line, who is unsatisfied by his hundred teachers until the sage Panchasikha comes to teach him the Sankhya doctrine. Panchasikha argues that the Soul is separate from the body and survives death, and he refutes sceptics and others who deny this, and the king is filled with wonder."
B12C218,B12,Shanti Parva,218,219,CCXIX,23592,23804,3,2324,"King Janadeva asks Panchasikha again about existence and non-existence after death, and objects that if nothing survives death then knowledge, rites and action seem pointless. Panchasikha calms him by describing the body as a union of elements, senses and mind, and by urging renunciation of all things as the highest path. He uses images such as the silkworm, the lotus leaf and Janaka's burning city to show that the Soul is untouched by the body, and Janadeva finds peace."
B12C219,B12,Shanti Parva,219,220,CCXX,23806,23872,2,631,"Yudhishthira asks what brings happiness, what brings woe, and what frees a person from fear. Bhishma says self-restraint is the foundation of all rites, penances and truth, and that the self-restrained person sleeps and wakes happily, is fearless and reaps great results. He ends by urging Brahmanas to master lust and wrath and to live calmly, with their passions under control."
B12C220,B12,Shanti Parva,220,221,CCXXI,23874,23949,7,612,"Yudhishthira asks whether twice-born men who eat the leftover meat and wine of sacrifices, hoping for children and heaven, act rightly. Bhishma says that eating forbidden food is a fall, though those who do it in ritual observance rise to heaven and fall again when their merit ends. He then says that fasting alone is not true penance, and that renouncing acts and humbling oneself before all creatures are the highest penance."
B12C221,B12,Shanti Parva,221,222,CCXXII,23951,24078,7,1221,"Yudhishthira asks whether man is truly the doer of his good and bad acts. Bhishma tells how Indra visits the wise Daitya Prahlada, now fallen and bound, and asks how he stays so calm. Prahlada answers that beings arise by their own nature rather than personal effort, that the Soul does not act, and that the wise are free from grief, and he names simplicity, self-control and service to elders as the path to wisdom."
B12C222,B12,Shanti Parva,222,223,CCXXIII,24080,24180,8,910,"Yudhishthira asks how a king who has lost his fortune can still live with dignity. Bhishma tells how Indra asks Brahma where the once generous Vali has gone, and Brahma says he has been reborn as an ass and must not be killed. Indra finds Vali living as an ass and mocks his fall, and Vali replies that he does not grieve over lost wealth."
B12C223,B12,Shanti Parva,223,224,CCXXIV,24182,24361,4,2094,"Indra mocks Vali again, asking whether he grieves over his fall from power and the loss of his kinsmen. Vali replies that all bodies, fortunes and lives are transitory and governed by Time, and that no one is truly the doer of acts. He says that Indra himself is subject to Time and will one day pass away, and he urges Indra to be calm and avoid boasting."
B12C224,B12,Shanti Parva,224,225,CCXXV,24363,24549,26,1199,"Indra sees the goddess of prosperity, Sree, come out of Vali. She says she is leaving him because he has turned against truth, gifts and the Brahmanas and has begun to boast, and that no being can bear her forever. Indra is told to divide her into four parts, which are given to the earth, the waters, fire and the good among men. Vali then predicts a future battle, and Indra, bound by Brahma's command not to kill him, lets him go."
B12C225,B12,Shanti Parva,225,226,CCXXVI,24551,24631,2,888,"Indra visits the Asura Namuchi, who has lost his fortune and is bound, and asks whether he grieves. Namuchi replies that grief only wastes the body and pleases foes, and that no one can take another's sorrow. He says that all events are ordained by the one Ordainer and that the wise accept pleasure and pain with calm."
B12C226,B12,Shanti Parva,226,227,CCXXVII,24633,24970,6,3781,"Yudhishthira asks what helps a man who has lost his friends, sons and kingdom. Bhishma says fortitude is the highest support in distress, and tells how Indra finds the defeated Vali calm in a cave and asks why he does not grieve. Vali replies that Time, not personal merit, governs rise and fall, that many kings before him have fallen, and that grief only weakens a person. Indra, restraining his anger, accepts that all things are subject to Time, promises that Vali's bonds will loosen as the world declines, and returns to heaven."
B12C227,B12,Shanti Parva,227,228,CCXXVIII,24972,25256,7,3034,"Yudhishthira asks for the signs that show a person is heading for greatness or for ruin. Bhishma tells how Narada and Indra, bathing and talking by the Ganga, see the goddess Sree descend to them, and she explains that she dwells with the valiant, the virtuous and the devoted, and that she left the Danavas when they turned to vice. She recalls their former virtues and then the decay that drove her away, such as disrespect for elders, neglect of rites and disorder in homes. Indra welcomes her, and the gods and the world are renewed with prosperity."
B12C228,B12,Shanti Parva,228,229,CCXXIX,25258,25340,5,782,"Yudhishthira asks how a person reaches Brahma, which lies beyond primordial nature. Bhishma tells how the sage Devala asks Jaigishavya why he is neither pleased by praise nor angered by blame, and what supports his wisdom. Jaigishavya describes the wise as even-minded, free from envy and recrimination, untroubled by past or future, and indifferent to gain and loss, and says that only such people reach Brahma."
B12C229,B12,Shanti Parva,229,230,CCXXX,25342,25432,5,881,"Yudhishthira asks which man is dear to all and possesses every merit. Bhishma recites what Kesava once told Ugrasena when Ugrasena asked about the sage Narada's merits. Kesava lists Narada's learning, purity, humility, self-control, freedom from envy, anger and greed, and his even regard for all beings, and explains that for these reasons Narada is worshipped everywhere."
B12C230,B12,Shanti Parva,230,231,CCXXXI,25434,25549,5,1187,"Yudhishthira asks for the origin and end of creatures, the divisions of time, and the lengths of the ages. Bhishma recounts how Vyasa taught his son Suka that before creation only Brahma exists, then measured time from winks of the eye up to a day and night of Brahman. He describes the four yugas, whose length and virtue decline from the Krita to the Kali, and says that a thousand such yugas make one day of Brahman, after which Brahman wakes to create again."
B12C231,B12,Shanti Parva,231,232,CCXXXII,25551,25710,1,1841,"Vyasa describes how Brahma, waking at the dawn of his day, creates the universe through Avidya and Mind, producing Space, Wind, Light, Water and Earth, each carrying the qualities of the one before. The Creator enters the combined body to make all beings, and creation repeats with the same attributes each time. He then weighs the views that effort, fate, nature or their union cause effects, names penance as the highest good, and explains that the Vedas are the source of names, forms and actions. He ends by saying that Time creates and swallows all beings, and that he has explained creation, time, sacrifice, the Vedas and action."
B12C232,B12,Shanti Parva,232,233,CCXXXIII,25712,25771,1,639,"Vyasa describes how the universe is withdrawn at the end of Brahman's day. Fire burns everything, and the elements dissolve one into the next, each losing its quality to the element that follows, until Mind, Time and energy are absorbed into the supreme Iswara. Creation and dissolution repeat through Brahman's days and nights, each lasting a thousand yugas."
B12C233,B12,Shanti Parva,233,234,CCXXXIV,25773,25870,1,1091,"Vyasa turns from creation to the duties of a Brahmana. He says that the Brahmana should study under a preceptor, pass through the modes of life with householder life as their root, and pay his three debts by having children, studying the Vedas and performing sacrifices. He stresses gifts to the deserving, and closes with a long list of kings and sages who won heaven by giving."
B12C234,B12,Shanti Parva,234,235,CCXXXV,25872,25978,1,1214,"Vyasa urges the Brahmana to study the Vedas, live with faith, restraint and moderation, and do his duties without harming any creature. He describes life as a river of Time that carries all beings toward Yama, and says only the wise, who cross it on the raft of knowledge, are saved, while fools sink. He concludes that acting without clear vision keeps a person in the cycle of rebirth."
B12C235,B12,Shanti Parva,235,236,CCXXXVI,25980,26118,1,1582,"Vyasa says that knowledge is the raft that carries a person across the stream of Time and life, and that the wise can help the ignorant across. He lists the requirements of yoga, compares the body to a chariot whose parts are virtues and knowledge, and describes the stages of concentration in which the yogin gains power over the elements. He concludes that the Sankhya and yoga paths both lead to the same emancipation."
B12C236,B12,Shanti Parva,236,237,CCXXXVII,26120,26217,3,1026,"Vyasa tells Suka that the meditative person should cling to knowledge alone as the raft to emancipation. Suka asks what this knowledge is, whether it is learning, action or abstention from action. Vyasa replies that those who think all things come from nature alone gain no truth, that wisdom in applying means leads to success, and that Brahmanas who know the Vedas and the Soul are the highest of beings and are like gods."
B12C237,B12,Shanti Parva,237,238,CCXXXVIII,26219,26293,1,826,"Vyasa says that the duties of a Brahmana are obligatory when they lead to knowledge, and he reviews the rival views on what causes action, such as effort, necessity, nature and time. He notes that people of the Krita age devoted themselves to penance, that the duties of each order differ, and that the Vedas decline in later ages. He ends by saying that Time creates, sustains and destroys all creatures, and that they rest upon it."
B12C238,B12,Shanti Parva,238,239,CCXXXIX,26295,26406,3,1183,"Suka asks by what means a learned and wise man can attain Brahma, which lies beyond perception, inference and the Vedas, and whether penance, celibacy, renunciation, Sankhya or yoga is the way. Vyasa answers that only knowledge, penance, mastery of the senses and renunciation lead there. He describes the elements, senses, mind and knowledge that make up the body and the Soul, which is beyond body and nature, present in all beings, and is reached by the inner light, so that one who sees all beings in the Soul reaches Brahma."
B12C239,B12,Shanti Parva,239,240,CCXL,26408,26527,2,1311,"Vyasa gives the yoga method for attaining knowledge. He says that the five impediments of desire, wrath, greed, fear and sleep must be overcome, that the senses and mind must be restrained and fixed on the Soul, and that after six months of steady practice Brahma appears like a smokeless flame. Supernatural powers must be disregarded, and the yogin must treat praise and blame, gain and loss, and even a clod of earth and a lump of gold alike. Such practice lets even a woman or a person of low birth reach the highest end."
B12C240,B12,Shanti Parva,240,241,CCXLI,26529,26597,2,697,"Suka points out that the Vedas both command action and enjoin its renunciation, and asks where each path leads. Vyasa describes two paths: action, which brings rebirth, and knowledge, which leads to eternal Brahma beyond pairs of opposites. He says the person of knowledge remains subtly existent like the moon at the end of the dark fortnight, while the doer of acts is like the new moon, and that the soul stands above mind and knowledge."
B12C241,B12,Shanti Parva,241,242,CCXLII,26599,26708,5,1057,"Suka asks which course of righteousness good people should follow under the rule of Time, since the Vedas seem to command both action and its abstention. Vyasa says that the path of Brahmacharya, forest austerity and detachment, shown by the great Rishis, leads to Brahma. He then explains that the four stages of life form a ladder to Brahma, and that the Brahmacharin's duty to his preceptor and his study lead on to householder life."
B12C242,B12,Shanti Parva,242,243,CCXLIII,26710,26826,1,1323,"Vyasa describes the duties of the householder, who keeps a household fire and stores grain in one of four ways, each with fewer duties and greater merit than the last. He says the householder should never cook only for himself or kill animals except in sacrifice, should honour guests, feed everyone including the undeserving, and avoid quarrels with his relatives. Such a householder raises his ancestors and descendants and earns heaven, but the forest life is higher still."
B12C243,B12,Shanti Parva,243,244,CCXLIV,26828,26947,2,1306,"Bhishma introduces the forest stage of life, and Vyasa describes how a householder who sees wrinkles, white hair and grandchildren retires to the forest, tends his fires, eats once a day, and lives simply. He then describes the forest practices and the fourth stage of full renunciation, in which the old man gives up all ties, performs a final sacrifice of the self, eats very little, and walks through the world causing no harm."
B12C244,B12,Shanti Parva,244,245,CCXLV,26949,27092,2,1655,"Suka asks how a seeker of the highest knowledge should practise yoga in the final stage of life. Vyasa says that after purifying himself in the earlier stages, the renouncer should practise yoga alone, beg for food, speak little, and treat abstention from injury as the highest duty. He describes the true Brahmana as free of attachment and fear, honoured by the gods, and the one who sees the Soul within the body, and he ends by saying that the renouncer is free of fear and wanders in equanimity."
B12C245,B12,Shanti Parva,245,246,CCXLVI,27094,27170,1,868,"Vyasa explains the order of reality, running from the senses through the mind, understanding and Mahat to Prakriti and finally Brahma, which has nothing above it. He says the Yogin who draws the senses and mind into the inner Soul, and purifies his heart, reaches immortality, and that this teaching is the essence of the Vedas, to be given only to the worthy. He ends by inviting Suka to ask whatever else he doubts."
B12C246,B12,Shanti Parva,246,247,CCXLVII,27172,27259,4,802,"Suka asks Vyasa to explain Adhyatma again, what it is and where it comes from. Vyasa says that the five great elements make up all beings, distributed unequally, and that creation and destruction are their transformations. He then explains which element gives rise to each sense and quality, the roles of understanding, mind and Soul, and the three qualities of goodness, passion and darkness."
B12C247,B12,Shanti Parva,247,248,CCXLVIII,27261,27350,1,1010,"Vyasa explains that the understanding, when it forms ideas, becomes the mind, and that its modifications are the senses. The three qualities bind it, while the Soul, above it, stays a witness that the qualities cannot grasp. The Soul becomes visible only when the darkness of passion is removed, and the Soul and understanding are different yet always united, like a fish and the water it lives in. He concludes that a person who acts without attachment is not soiled."
B12C248,B12,Shanti Parva,248,249,CCXLIX,27352,27413,1,648,"Vyasa says that the understanding creates the objects of the world, while the Soul presides over them and stays apart from them. Some hold that the qualities persist after knowledge while others hold they are destroyed, and Vyasa advises one to act without anger, joy or envy and to cut the knot of the heart through knowledge. The wise who know the Soul are free from distress and reach liberation, and acts done without desire for fruit leave no bondage."
B12C249,B12,Shanti Parva,249,250,CCL,27415,27504,2,956,"Suka asks his father Vyasa for the highest of all duties. Vyasa says it is restraining the senses, turning the mind inward, and knowing the Supreme Soul within, and he compares worldly life to a dangerous river that must be crossed with understanding. He adds that the Soul is free of sex, pleasure and pain, and that whoever knows it is not reborn. The teaching is to be passed on by a teacher to a worthy and self-restrained disciple."
B12C250,B12,Shanti Parva,250,251,CCLI,27506,27589,1,912,"Vyasa lists the conduct of a true Brahmana: no craving for scents, tastes, honour or fame, and no harm to any creature. Freedom from desire is the only real bondage to escape, and the man who is free of it is said to reach Brahma. The chapter ends with a yogin who transcends Prakriti and so avoids returning to the world."
B12C251,B12,Shanti Parva,251,252,CCLII,27591,27633,1,427,"Vyasa says a teacher should first recount the earlier teaching on the inner Soul to a disciple who seeks liberation. He then links the five elements and time to the living body, and assigns each sense to an element. The mind, understanding and Soul are counted as the ninth, tenth and eleventh, and a person who sees all beings as unstained is free from errors of action."
B12C252,B12,Shanti Parva,252,253,CCLIII,27635,27696,1,649,"Vyasa describes the subtle Soul that outlasts the gross body and can be seen only by yogins who have controlled their senses. He says that people ruled by rajas and tamas cannot see the Jiva within their bodies, even though it is a part of the Supreme. He then names the yoga duties taught by Sandilya, and ends by saying that one who understands the seven subtle entities and the Supreme cause can behold high Brahma."
B12C253,B12,Shanti Parva,253,254,CCLIV,27698,27754,1,605,"Vyasa uses the image of a tree of desire that grows in the heart, from the seed of error, and says that yoga can uproot it. He then compares the body to a city ruled by understanding, with the mind as its minister and the senses as its citizens. Rajas and tamas corrupt the understanding, and the mind joins with rajas and seizes the Soul and hands it over to them."
B12C254,B12,Shanti Parva,254,255,CCLV,27756,27818,3,535,"Bhishma repeats the teaching that Vyasa gave his son on the entities, listing the properties of the five elements, the mind and the understanding. Yudhishthira asks how the understanding can have five properties, and Bhishma explains that it has sixty properties in all, counting the elements. He says these entities are created and not eternal like the Soul, and that the Brahma knowledge should be sought for peace of heart."
B12C255,B12,Shanti Parva,255,256,CCLVI,27820,27885,3,664,"Yudhishthira looks at the fallen kings on the battlefield and asks what it is that dies, and why death takes living beings. Bhishma tells of King Anukampaka, whose son was killed, and of the sage Narada, who starts a story to console him. Narada begins by describing how the Grandsire's creatures multiplied until the worlds were overcrowded, and how the Grandsire's wrath set off a destroying fire."
B12C256,B12,Shanti Parva,256,257,CCLVII,27887,27955,4,631,"Shiva pleads with the Grandsire to stop the fire that is burning all creatures. The Grandsire explains that he had wanted to lighten the burden on the earth, and that his wrath had risen when he could find no other way. Shiva asks him to spare the world and to let creatures be reborn again and again. The Grandsire calms his fire and brings forth a female figure, Death, whom he orders to slay all creatures."
B12C257,B12,Shanti Parva,257,258,CCLVIII,27957,28080,2,1406,"Death refuses to kill creatures who have done her no harm and asks to be excused, but the Grandsire insists that she must carry out his order. She performs many long austerities at sacred places, and she keeps asking to be excused, while the Grandsire repeats his command. In the end he gives her Desire and Wrath as her agents and says that the tears she shed will become diseases, and that wind is the life of all beings. The chapter closes by telling the king not to grieve for his son, who has gone to heaven."
B12C258,B12,Shanti Parva,258,259,CCLIX,28082,28173,2,1000,"Yudhishthira asks Bhishma what righteousness is, where it comes from, and whether it serves this world, the next, or both. Bhishma says the sources of righteousness are the practice of the good, the Smritis, and the Vedas, with the purpose of an act as a fourth. He then gives examples of right conduct, such as truth, honesty, charity, and not doing to others what one would not want done to oneself. He ends by urging Yudhishthira never to set his mind on wrongdoing."
B12C259,B12,Shanti Parva,259,260,CCLX,28175,28251,1,841,"Yudhishthira says that duty cannot be learned from the scriptures alone, because it depends on circumstances, on the age, and on what good people actually do. He points out that the Vedas and Smritis may disagree and that the rule that the good define righteousness goes in a circle. He concludes that righteousness is only what the learned of old declared it to be."
B12C260,B12,Shanti Parva,260,261,CCLXI,28253,28401,5,1488,"Bhishma tells the story of the forest ascetic Jajali, who stood motionless for a long time while birds nested and reared their young in his matted hair. When the birds left, Jajali grew proud and claimed great merit, and a voice in the sky told him that the merchant Tuladhara of Varanasi was far more righteous. Jajali travels to Varanasi to meet him, and Tuladhara greets him and says that Jajali's pride came from his own mistaken view of his acts."
B12C261,B12,Shanti Parva,261,262,CCLXII,28403,28578,4,1948,"Jajali asks Tuladhara, a merchant who sells scents and herbs, how he gained such steady understanding. Tuladhara says true morality is universal friendliness and harmlessness, and describes how he trades honestly and treats all creatures with equal mind. He argues that harmlessness is the highest duty and gift, criticizes cruelty to animals and the sale of living creatures, and retells how the Rishis took on the sin of King Nahusha. He ends by saying he treats those who praise him and those who injure him alike."
B12C262,B12,Shanti Parva,262,263,CCLXIII,28580,28759,5,1898,"Jajali objects that Tuladhara's doctrine of harmlessness would end farming, food, and sacrifice, and so end the world. Tuladhara replies that he does not reject sacrifice, only the greedy and violent kinds, and that offerings made with faith and without desire of fruit lead to Brahma. He says harmless offerings of plants, herbs and clarified butter are proper, and that the Soul is itself a sacred place. Bhishma says the wise applauded these duties."
B12C263,B12,Shanti Parva,263,264,CCLXIV,28761,28839,3,815,"Tuladhara asks Jajali to call back the birds that once nested on his head, to see who truly follows the duty of harmlessness. The birds answer that acts done without harm bring good results, while acts that injure others destroy faith. Bhishma says Tuladhara and Jajali both went on to heaven, and that Jajali became calm after hearing these teachings."
B12C264,B12,Shanti Parva,264,265,CCLXV,28841,28894,3,468,"Bhishma tells of King Vichakhy, who pitied the animals at a cow-slaughter sacrifice and blessed the kine. Vichakhy condemns animal slaughter in sacrifice, saying harmlessness is the highest duty and that only the greedy or foolish praise it. Yudhishthira asks how a man who avoids all harm can keep his body alive, and Bhishma says one should acquire merit so the body does not suffer and death does not come early."
B12C265,B12,Shanti Parva,265,266,CCLXVI,28896,29130,2,2869,"Yudhishthira asks whether a hard duty should be judged quickly or after delay. Bhishma tells of Chirakarin, son of Gautama, who was ordered in anger to kill his mother and who took a long time to decide, weighing the duty to his father against the duty to his mother. When Gautama returned and repented, he learned that Indra had tempted the wife, so she was innocent, and he praised his son for his delay. The chapter closes with the lesson that one should reflect long before acting, especially when violence is at stake."
B12C266,B12,Shanti Parva,266,267,CCLXVII,29132,29269,5,1356,"Yudhishthira asks how a king can protect his subjects without harming anyone. Bhishma tells of the debate between King Dyumatsena and his son Satyavat, where Satyavat says killing can never be righteous and Dyumatsena argues that unpunished crime would destroy all distinctions. Satyavat proposes that Brahmanas guide the other orders, that offenders be punished gently, and that killing be avoided. Dyumatsena answers that punishment has grown harsher as righteousness has declined through the ages, and the chapter ends with Satyavat's advice on the ages and the role of Manu."
B12C267,B12,Shanti Parva,267,268,CCLXVIII,29271,29409,4,1431,"Yudhishthira asks which is better, the duties of the householder or the duties of yoga, since both lead to the same end. Bhishma tells the story of the sage Kapila, who protests when King Nahusha is about to kill a cow for a guest. A sage named Syumarasmi, speaking through the cow, argues that the Vedas authorise sacrifice with animals and that sacrifice upholds the world. The passage ends with the claim that those who do not sacrifice have neither this world nor the next."
B12C268,B12,Shanti Parva,268,269,CCLXIX,29411,29706,8,3154,"Kapila argues that ascetics who renounce action reach Brahma and so have no need of household life. Syumarasmi answers that the householder supports every other stage of life, and that Vedic rites are needed for the dead and for sacrifice. Kapila then describes the self-control of the four doors of the body, and Syumarasmi asks how the Vedas can both urge and forbid acts. Syumarasmi finally asks to be taught about Emancipation, and Kapila says that knowledge of the one Soul is the way across the river of life."
B12C269,B12,Shanti Parva,269,270,CCLXX,29708,29900,5,2003,"Kapila says the Vedas are authoritative, and that rites purify the body so a twice-born man can receive knowledge of Brahma. He recalls men of old, such as King Janaka and the Brahmana Yajnavalkya, who lived by duty, were free from expiation, and attained Brahma. Syumarasmi asks who reaches the highest place in heaven, and Kapila replies that householders are blessed but cannot enjoy the joy of renunciation. Kapila ends by saying that acts only cleanse the body, while knowledge is the highest end."
B12C270,B12,Shanti Parva,270,271,CCLXXI,29902,30066,9,1549,"Yudhishthira asks which of religion, profit and pleasure is the highest, and Bhishma tells of a poor Brahmana who prayed to the cloud Kundadhara for wealth. Kundadhara asks the gods to make the Brahmana virtuous instead, and they grant it. The Brahmana goes to the forest, gains spiritual power, and boasts that his word can bestow kingdoms, so Kundadhara shows him kings suffering in hell. Kundadhara rebukes his greed, the Brahmana repents and is forgiven, and the story teaches that virtue brings more lasting happiness than wealth."
B12C271,B12,Shanti Parva,271,272,CCLXXII,30068,30151,3,826,"Yudhishthira asks which sacrifice is performed for virtue alone, not for heaven or wealth. Bhishma passes on Narada's story of Satya, a Brahmana who lived on gleanings and worshipped Vishnu, and of his wife Pushkaradharini, who disapproved of his cruel rites. When a deer asks to be sacrificed, Satya is tempted to slay it, but Dharma, who had taken the form of a deer, stops him, saying that killing is no part of sacrifice. Narada concludes that abstaining from injury brings the fullest reward."
B12C272,B12,Shanti Parva,272,273,CCLXXIII,30153,30228,2,784,"Yudhishthira asks how a man becomes sinful or virtuous, and how he reaches renunciation and liberation. Bhishma explains that desire follows the senses, that attachment and greed then lead to hypocrisy and sin, and that the righteous man, guided by the wise, turns to virtue and knowledge. Such a man eventually gives up even the rewards of virtue and reaches liberation."
B12C273,B12,Shanti Parva,273,274,CCLXXIV,30230,30298,2,677,"Yudhishthira asks Bhishma for the means by which liberation is won. Bhishma says there is only one path to liberation, and lists the remedies that go with it: forgiveness against anger, patience against lust, study against error, and contentment against greed. He says the soul must finally be controlled by the soul, and that giving up desire in speech, body and mind is the path of liberation."
B12C274,B12,Shanti Parva,274,275,CCLXXV,30300,30435,3,1452,"Narada asks the sage Asita-Devala how the universe was created and how it is destroyed. Asita names five primal essences, water, space, earth, wind and heat, with Time as the sixth, and says that these together with ignorance and past acts cause creation and destruction. He describes the senses, the mind and understanding, sleep and dreams, and the Jiva that passes from body to body until knowledge frees it to reach Brahma."
B12C275,B12,Shanti Parva,275,276,CCLXXVI,30437,30480,2,410,"Yudhishthira laments that he and his people have killed kin and friends in pursuit of wealth, and asks how to end this thirst. Bhishma tells of the king of Videha, who has nothing yet is happy because he does not cling to possessions, and who advises that desire grows like a cow's horns and that giving it up brings the highest happiness. The sage Mandavya is pleased with this teaching and turns to the path of liberation."
B12C276,B12,Shanti Parva,276,277,CCLXXVII,30482,30620,8,1348,"Yudhishthira asks what good a man should seek while time runs swiftly. Bhishma tells of a learned son, Medhavin, who asks his Vedic father what to do, and the father advises study, household life, sacrifice, and then forest life. The son answers that Death and old age are always near, so one should practise truth, give up desire, and seek inner knowledge rather than offspring or ritual killing. The father follows the son's advice, and Bhishma urges Yudhishthira to do the same."
B12C277,B12,Shanti Parva,277,278,CCLXXVIII,30622,30707,2,902,"Yudhishthira asks what conduct, knowledge and practice lead to Brahma. Bhishma describes the renouncer who is frugal, calm, and free from attachment, who does no harm, who does not speak ill of others, and who begs only what he needs. He lives alone in quiet places, takes praise and blame alike, and wanders without a home. Bhishma says the sage Harita taught this path, which leads to bright and lasting regions."
B12C278,B12,Shanti Parva,278,279,CCLXXIX,30709,30823,5,1130,"Yudhishthira laments that even kings born of the gods suffer, and asks when he can renounce. Bhishma replies that nothing lasts, that rebirth has an end, and that the soul is darkened by ignorance until knowledge removes it. He then tells how the Daitya Vritra, deprived of his kingdom, showed no grief and spoke of the cycle of rebirth, and asked the preceptor Usanas how to reach high Brahma. The chapter ends by pointing to Usanas's answer, which Bhishma is about to recount."
B12C279,B12,Shanti Parva,279,280,CCLXXX,30825,31126,9,3299,"The sage Sanatkumara comes to Usanas and Vritra and teaches them the greatness of Vishnu, saying that the universe rests in him and that he is reached by restraint of the senses and purification of the heart. He describes the cycles of creation, the colours of beings that follow from the three qualities, and the stages by which a soul moves through rebirths until it attains Brahma. Vritra is comforted and gives up his life-breath in yoga, and Yudhishthira then asks whether Krishna is that same Lord, which Bhishma affirms and ends by reassuring the Pandavas."
B12C280,B12,Shanti Parva,280,281,CCLXXXI,31128,31254,7,1169,"Yudhishthira asks how Vritra, a devoted and learned Asura, could be defeated by Indra. Bhishma describes the great battle, in which the huge Vritra overwhelms Indra with rocks and illusions, and Indra is stupefied until the sage Vasishtha revives him. Mahadeva sends a fever into Vritra, Vishnu enters Indra's thunderbolt, and Indra vows to slay the Asura. The Asuras lose their memory and their illusions vanish, and Indra's appearance is so awe-inspiring that no one can look at it."
B12C281,B12,Shanti Parva,281,282,CCLXXXII,31256,31457,16,1767,"Bhishma describes Vritra's fever and death at Indra's thunderbolt, and the sin of Brahmanicide, a fierce woman, which comes out of Vritra and seizes Indra. Brahma divides that sin among Agni, the trees and herbs, the Apsaras and the Waters, each with a condition on how it may pass to men. Indra is cleansed by a horse sacrifice, and Bhishma says the cocks born of Vritra's blood are unclean food for the twice-born, and that reciting this tale on Parva days removes sin."
B12C282,B12,Shanti Parva,282,283,CCLXXXIII,31459,31640,10,1734,"Yudhishthira asks how the fever arose before Vritra was slain. Bhishma tells how Mahadeva sat on Mount Meru with a great court, and how the god Daksha held a horse sacrifice without giving Mahadeva a share. Uma is grieved, and Mahadeva sends his followers to wreck the sacrifice, and a fierce being born from his sweat burns it. Brahma makes peace, Mahadeva accepts a share, and Fever is spread among many creatures. Bhishma adds that Vritra was first struck by Fever, and that reading this tale brings freedom from disease."
B12C283,B12,Shanti Parva,283,284,CCLXXXIV,31642,31873,12,2279,"Janamejaya asks how Daksha's horse sacrifice was destroyed and how its divided parts were made whole again. Vaisampayana tells how Daksha held the sacrifice on Himavat without inviting Shiva, how the sage Dadhichi warned that it would be ruined, and how Uma asked Shiva to win a share. Shiva creates the fierce Virabhadra, who with Mahakali and a host of spirits wrecks the sacrifice, and Daksha, who is then humbled, asks Shiva to make the wrecked offerings useful to him. Shiva agrees, and Daksha praises him with his thousand and eight names."
B12C284,B12,Shanti Parva,284,285,CCLXXXV,31875,32346,6,5579,"Yudhishthira asks for the names by which Daksha praised the great god. Bhishma gives Daksha's long hymn, which lists Shiva's many names and forms, ends by asking forgiveness for leaving him out of the sacrifice, and is answered with Shiva's grace and a share of the sacrificial fruit. Shiva then teaches Daksha the Pasupata religion, which is open to all, and disappears with Uma and his followers. Bhishma says that anyone who hears or recites the hymn is freed from fear, disease and sin, and gains success."
B12C285,B12,Shanti Parva,285,286,CCLXXXVI,32348,32493,2,1566,"Yudhishthira asks what Adhyatma is and where it comes from. Bhishma explains that the five great essences, earth, wind, space, water and light, form all bodies, and that the understanding creates the senses and the three qualities, while the Soul is only a witness. He says the understanding and the Soul are joined eternally, and that knowledge carries one across the river of delusion."
B12C286,B12,Shanti Parva,286,287,CCLXXXVII,32495,32569,4,724,"Yudhishthira asks how sorrow and death can be kept away from living creatures. Bhishma tells of the sage Samanga, whom Narada finds always cheerful and free of anxiety. Samanga explains that he knows past, present and future, that all creatures live by the fruits of past acts, and that the wise are those whose senses are free of error. He has conquered desire through penance, so grief cannot trouble him."
B12C287,B12,Shanti Parva,287,288,CCLXXXVIII,32571,32748,3,1906,"Yudhishthira asks what is beneficial for a man who doubts the scriptures and lacks self-restraint. Bhishma recommends honouring teachers and hearing the scriptures, and tells how Galava asks Narada which course is beneficial when the scriptures disagree. Narada says the four stages of life each have their proper duties, that true excellence lies in friendship, truth, mildness, contentment and study, and that boasting and idleness should be avoided. He also advises where to live and under which kings, and says that the highest good is hard to describe."
B12C288,B12,Shanti Parva,288,289,CCLXXXIX,32750,32893,4,1506,"Yudhishthira asks how a king should behave and what makes a man free of attachment. Bhishma recounts how the sage Arishtanemi taught King Sagara that the true happiness is liberation, and that attachment to children, wealth and a wife is the trap. Arishtanemi says each creature lives and suffers by its own acts, and lists the marks of a freed man, including contentment, equal regard for all, and awareness of death and disease. Sagara follows this teaching and rules his subjects well."
B12C289,B12,Shanti Parva,289,290,CCXC,32895,33014,6,1146,"Yudhishthira asks why the sage Usanas, called Kavi and Sukra, sided with the Asuras, and how he gained his name and why he cannot reach the middle of the sky. Bhishma explains that Usanas used yoga to enter the god Kubera and rob him of his wealth. When Kubera complained to Shiva, Shiva raised his lance, Usanas sat on its tip, and Shiva bent the lance into his bow Pinaka and swallowed him. Usanas wandered inside Shiva until Shiva told him to leave by the urethra, and Uma then saved him from Shiva's anger and made him her son."
B12C290,B12,Shanti Parva,290,291,CCXCI,33016,33109,3,962,"Yudhishthira asks what good acts lead to benefit in this world and the next. Bhishma tells how King Janaka asked the sage Parasara what is beneficial for all creatures. Parasara says that righteousness through right action is the highest good, that the four classes each have their duties, and that acts and their fruits belong to each person, refuting the sceptic who denies this. He ends by saying that a man should not do what he would condemn in others."
B12C291,B12,Shanti Parva,291,292,CCXCII,33111,33190,1,864,"Parasara continues his teaching to Janaka. He compares the body to a chariot that the mind must steer with the reins of knowledge, and he says that wrongs done knowingly bring sorrow while wrongs done in ignorance can be expiated. Acts done with judgment increase merit, and kings should protect their subjects, while devotees should later retire to the forest and treat all creatures as their own selves."
B12C292,B12,Shanti Parva,292,293,CCXCIII,33192,33262,1,780,"Parasara says that people mostly act for themselves, so gifts and debts matter greatly. He says that wealth must be earned by fair means and never at others' expense, and that a man owes debts to the Rishis, the gods, the Pitris, his fellow men, his servants and himself, each of which can be paid in a set way. He cites examples of sages who won success through devotion and says that parents, the sacred fire and the teacher must be honoured."
B12C293,B12,Shanti Parva,293,294,CCXCIV,33264,33327,1,673,"Parasara explains the duties of the four classes. The Sudra should serve the higher classes and keep company with good people, the Vaishya should farm and tend cattle, the Kshatriya should protect, and the Brahmana should study and enjoy. Each class that keeps to its own duty helps keep righteousness whole, and gifts made with respect bring the greatest merit."
B12C294,B12,Shanti Parva,294,295,CCXCV,33329,33424,1,1070,"Parasara says that wealth earned by each class's proper means is praised, and that a Brahmana may take up another class's work in need but must not fall to the lowest order's tasks. He traces how pride, wrath and desire, the Asuras, spread among men, and how Shiva destroyed the Asura chiefs with his arrow and lance. The seven Rishis then set up Indra and the kings, and some kings took to Asura ways, so Parasara urges avoiding harm and seeking knowledge of the Soul."
B12C295,B12,Shanti Parva,295,296,CCXCVI,33426,33546,1,1320,"Parasara moves on to penance. He says that householders grow attached to wealth, kin and pleasure, and that despair, awakening, study and penance follow from this, so penance is open to all classes. He warns that penance done for reward brings misery, that the pleasures of the senses are short-lived, and that householders should enjoy wealth honestly while doing their duties. He ends by saying that the householder is the refuge of all other orders."
B12C296,B12,Shanti Parva,296,297,CCXCVII,33548,33690,10,1218,"Janaka asks why men of different classes differ in colour when all are said to have sprung from Brahmanas. Parasara explains that the classes arose when penance declined, that the four classes came from the Lord's mouth, arms, thighs and feet, and that mixed castes arose from their intermixture. He adds that sages born of mixed wombs became Rishis through penance, and he sets out the special and common duties of the classes, with the rule that a man is stained more by his acts than by his birth."
B12C297,B12,Shanti Parva,297,298,CCXCVIII,33692,33831,2,1572,"Parasara speaks at length on devotion to elders, the rules of battle for Kshatriyas, and the course of death and rebirth. He says that the body dissolves into its elements, that the soul roves for a time before taking a new body, and that the righteous die well while ignorance is the chief foe. He urges the four stages of life, rates human birth as the best, and recommends sacred places, cremation rites, and the Vedas for those without stain. Bhishma says the sage taught all this to the king of Videha."
B12C298,B12,Shanti Parva,298,299,CCXCIX,33833,33997,6,1712,"King Janaka asks the sage Parasara what is good, what the best path is, what cannot be destroyed, and where one need not return from. Parasara answers that detachment and knowledge are the highest good, that harmlessness is the greatest gift, and that sin clings only to the attached. He adds that family and wealth cannot help after death, and that each creature bears the fruit of its past acts. Janaka hears the teaching and is greatly pleased."
B12C299,B12,Shanti Parva,299,300,CCC,33999,34180,11,1752,"Yudhishthira asks Bhishma what he thinks of truth, self-restraint, forgiveness and wisdom. Bhishma tells of Brahma appearing as a golden swan before the Sadhyas, who ask the swan about the highest good. The swan teaches restraint of speech and wrath, forgiveness, truth and self-control, and says that truth is the only way to heaven. The Sadhyas then ask what covers the world and what makes a Brahmana divine, and the swan answers that ignorance and attachment cover the world and that study, vows, and wisdom mark the true Brahmana."
B12C300,B12,Shanti Parva,300,301,CCCI,34182,34372,7,1973,"Yudhishthira asks how the Sankhya and Yoga systems differ. Bhishma says that each school praises itself and gives its reasons, but that both are approved and both require purity, compassion and vows, differing mainly in the scriptures they follow. He describes how the strong Yogin breaks the bonds of the world and gains great powers while the weak are lost, and sets out meditation, diet, the difficult path of Yoga, and its highest fruit of union with Brahma. The chapter closes the second part of the Shanti Parva."
B12C301,B12,Shanti Parva,301,302,CCCII,34374,34714,7,3734,"Yudhishthira asks Bhishma to set out the Sankhya philosophy. Bhishma presents its view of the world, the elements and qualities that make up the body and cosmos, the faults of the body, and the path by which the wise rise through the qualities to liberation. Yudhishthira then asks whether a liberated person keeps consciousness, a question he says bears on which way of life is superior."
B12C302,B12,Shanti Parva,302,303,CCCIII,34716,34869,4,1606,"Yudhishthira asks Bhishma to explain the difference between the Deteriorating and the Undeteriorating, and Bhishma answers with an old teaching of Vasishtha to king Karala of Janaka's race. Vasishtha describes the cycles of creation and destruction, the sequence of elements and senses that make up every embodied being, and a twenty-fifth principle that lies beyond them. He explains that union with Prakriti makes the Indestructible seem destructible, and that knowledge reveals its true nature."
B12C303,B12,Shanti Parva,303,304,CCCIV,34871,35029,1,1862,"Vasishtha continues by explaining how the soul, forgetting its true nature, falls under ignorance and is reborn again and again among gods, men and lower beings. He lists the many bodily ailments, ascetic practices, rites and worldly roles the soul takes on while it believes itself bound by them. He says Prakriti drives the cycle of birth, death and acts, and that the soul, though free of all attributes, imagines it has them."
B12C304,B12,Shanti Parva,304,305,CCCV,35031,35071,1,395,"Vasishtha closes the teaching by comparing the soul to the moon, which waxes and wanes while one of its sixteen portions stays constant. Under ignorance the soul is repeatedly reborn, and its pure nature becomes tied to the three qualities of Prakriti. Emancipation is described as release from that union."
B12C305,B12,Shanti Parva,305,306,CCCVI,35073,35192,2,1302,"King Janaka asks Vasishtha how Emancipation can exist if Purusha and Prakriti are always joined, as male and female are in creation, and he asks for direct evidence of it. Vasishtha answers that memorized texts without understanding are of no use. He explains that Sankhya and Yoga teach the same truth, that the Supreme Soul is beyond all attributes, and that unity marks the Indestructible while multiplicity marks the destructible."
B12C306,B12,Shanti Parva,306,307,CCCVII,35194,35349,3,1715,"Janaka says he is still confused about unity and multiplicity, and asks Vasishtha to explain again the knower, Jiva, knowledge, ignorance, and both the Sankhya and Yoga systems. Vasishtha describes the Yoga practice of contemplation, breath control and stillness, and the vision of the Supreme Soul it brings. He then sets out the Sankhya chain of principles, how they dissolve back in reverse order, and how the Soul is the true knower freed from returning to the world."
B12C307,B12,Shanti Parva,307,308,CCCVIII,35351,35494,2,1623,"Vasishtha defines knowledge (Vidya) and ignorance (Avidya) in terms of the Sankhya principles, with Prakriti as ignorance and the Purusha beyond the twenty-four as knowledge. He explains why both Prakriti and the Jiva can be called indestructible or destructible. He then gives the Jiva's lament at being caught in Prakriti like a fish in a net, and its resolve to turn to the Supreme Soul, before noting that Sankhya and Yoga teach the same knowledge."
B12C308,B12,Shanti Parva,308,309,CCCIX,35496,35686,3,2105,"Vasishtha contrasts the Supreme Soul with the Jiva, which takes on the qualities of Prakriti through ignorance and is freed only by recognizing itself as distinct from her. He says the teaching must be given only to worthy and humble disciples, never to deceitful or unworthy ones. Bhishma closes the whole discourse by tracing its line of transmission from Hiranyagarbha through Vasishtha and Narada to himself, and by assuring the king that knowledge frees him from ignorance."
B12C309,B12,Shanti Parva,309,310,CCCX,35688,35789,4,960,"A king of Janaka's race, Vasuman, meets a Rishi of Bhrigu's line while hunting and asks what brings lasting benefit to a man whose body is unstable and whose desires are strong. The Rishi advises restraint, righteous conduct, generous gifts from honestly earned wealth, firmness, and the company of virtuous people. The king accepts the counsel and turns his mind to righteousness."
B12C310,B12,Shanti Parva,310,311,CCCXI,35791,35870,4,748,"Yudhishthira asks Bhishma for teaching on what is free from duty, doubt, birth and death. Bhishma offers an old dialogue in which king Daivarati of Janaka's race questions the Rishi Yajnavalkya about the senses, Prakriti, Brahma and the limits of life. Yajnavalkya begins his answer with the list of principles and the stages of creation."
B12C311,B12,Shanti Parva,311,312,CCCXII,35872,35924,1,567,"Yajnavalkya measures the length of Brahma's day and night and describes how Brahman, born from a golden egg, creates the earth and sky. He then traces the creation of the five elements, their qualities, and the senses. He ends by saying the mind rules the senses, so the senses act only through it."
B12C312,B12,Shanti Parva,312,313,CCCXIII,35926,35974,1,502,"Yajnavalkya explains how creation is dissolved at the end of Brahman's day. Maharudra, urged by the Unmanifest, burns all living things, and then fire, water, wind, space, mind, consciousness and Mahat are each absorbed in turn into Sambhu. He then announces that he will turn to the three frames of teaching, Adhyatma, Adhibhuta and Adhidaivata."
B12C313,B12,Shanti Parva,313,314,CCCXIV,35976,36040,1,644,"Yajnavalkya pairs each sense and faculty with three aspects: its inner organ (Adhyatma), its outer object (Adhibhuta), and its presiding deity (Adhidaivata). He then explains that Prakriti multiplies the three qualities into countless forms, and he lists the qualities that belong to Sattwa, Rajas and Tamas. The passage sets up the teaching on the qualities that follows."
B12C314,B12,Shanti Parva,314,315,CCCXV,36042,36099,2,597,"Yajnavalkya explains that the three qualities are present in all things and that their mixtures decide a being's destiny, from the realms of the gods down to the lowest forms of life. He says Purusha stays unchanged, and that Prakriti, though inanimate, creates only when Purusha presides over her. Janaka then asks how one can be called inanimate while the other is intelligent, and asks for teachings on Emancipation, Sankhya, Yoga and the signs of death."
B12C315,B12,Shanti Parva,315,316,CCCXVI,36101,36171,1,773,"Yajnavalkya explains that Purusha seems to take on attributes as a clear crystal takes on the colour of a nearby flower, while in truth he is beyond them. Prakriti, unintelligent by nature, seems alive only through her union with Purusha. He argues that Purusha and Prakriti are distinct, using images such as the worm in the fig, the fish in water and the fire in a pot, and he then turns to the teaching of Yoga."
B12C316,B12,Shanti Parva,316,317,CCCXVII,36173,36258,1,995,"Yajnavalkya says Sankhya and Yoga aim at the same liberation and that people who see them as different lack understanding. He describes the Yoga practices of breath and sense control, the eight powers they bring, and the two kinds of practice, with and without attributes. He ends with the stillness of one who is absorbed in Samadhi and beholds the Supreme Soul."
B12C317,B12,Shanti Parva,317,318,CCCXVIII,36260,36322,1,737,"Yajnavalkya explains that the exit point of the soul at death decides which heavenly region it reaches, with each part of the body linked to a particular deity or realm. He then lists the bodily and sensory signs that foretell death within a year, six months, a week or a single day. He advises the wise to unite with the Supreme Soul and live in abstinence, so as to overcome death."
B12C318,B12,Shanti Parva,318,319,CCCXIX,36324,36670,7,3758,"Yajnavalkya recounts how the sun god Surya gave him the Yajush texts, how the goddess Saraswati entered him, and how he compiled the Satapatha Brahmana and taught it to his disciples. He then answers the Gandharva Viswavasu's long list of questions about the universe, Prakriti, Purusha, knowledge and ignorance, and the Supreme Soul. He ends by saying that liberation comes through knowledge that is open to every order of people, and Bhishma adds how king Daivarati gave up his kingdom to live as a renunciant."
B12C319,B12,Shanti Parva,319,320,CCCXX,36672,36722,2,492,"Yudhishthira asks whether great power, wealth and long life can be kept safe from death and decay by penance, ritual, knowledge or medicine. Bhishma offers the old dialogue in which Janaka of the Videhas asks the sage Panchasikha the same question. Panchasikha answers that time carries every creature along without a raft, and that only the eternal path of renunciation leads beyond birth and death."
B12C320,B12,Shanti Parva,320,321,CCCXXI,36724,37309,6,6909,"Yudhishthira asks whether liberation can be won while living a householder's life. Bhishma tells how the mendicant Sulabha, having heard that king Dharmadhyaja of Janaka's line was devoted to renunciation, enters his mind by Yoga power to test him. The king claims his freedom is compatible with ruling and rebukes her, and Sulabha answers at length, defending her conduct and arguing that souls cannot be mixed by contact. Janaka, hearing her reasoning, has no reply."
B12C321,B12,Shanti Parva,321,322,CCCXXII,37311,37606,3,3481,"Yudhishthira asks how Suka, son of Vyasa, came to renounce the world. Vyasa, seeing his son living carelessly, gives him a long exhortation to master the senses, practise truth and righteousness, honour the wise and prepare for death, which takes each person alone with only his deeds. Moved by these words, Suka leaves home to seek a teacher of the path to liberation."
B12C322,B12,Shanti Parva,322,323,CCCXXIII,37608,37671,2,672,"Yudhishthira asks whether gifts, sacrifices, penance and service to teachers really bring benefit. Bhishma answers that evil conduct brings poverty and fear, while faith, restraint and generosity bring joy and heaven. Every deed, good or bad, ripens at its proper time and follows the doer, even into the next life."
B12C323,B12,Shanti Parva,323,324,CCCXXIV,37673,37747,2,791,"Yudhishthira asks how Suka, the son of Vyasa, was born and why his mind turned to the subtle Brahma so early. Bhishma says that merit rests on restraining the senses, and tells how Vyasa, after long penance on Mount Meru, won from Mahadeva the boon of a son of great purity."
B12C324,B12,Shanti Parva,324,325,CCCXXV,37749,37816,1,730,"Vyasa's desire for the apsara Ghritachi causes his seed to fall while he is kindling a fire, and Suka is born from the fire-sticks. The gods and celestial beings celebrate, Mahadeva invests the boy with the sacred thread, and Suka masters the Vedas under the teacher Vrihaspati. Even as a youth his mind is set on the path of liberation rather than household life."
B12C325,B12,Shanti Parva,325,326,CCCXXVI,37818,37932,1,1299,"Vyasa sends his son Suka to king Janaka of Mithila to learn the path to liberation, and tells him to travel on foot like ordinary people and to show humility. Suka makes his way across many lands and is kept waiting at the palace gate. He is then tested by a troupe of palace women, but remains unmoved and spends the night in Yoga."
B12C326,B12,Shanti Parva,326,327,CCCXXVII,37934,38095,5,1725,"King Janaka receives Suka with full honour and asks the purpose of his visit. Suka asks what a Brahmana's duties are and whether a man of purified understanding must still pass through the four stages of life. Janaka explains that right knowledge, guided by a teacher, is the boat that carries one across the world's ocean, and tells Suka that he already has that knowledge."
B12C327,B12,Shanti Parva,327,328,CCCXXVIII,38097,38230,2,1478,"Satisfied, Suka leaves Mithila for the Himalayas, passing stories of Skanda's dart and Mahadeva's penance, and reaches his father Vyasa, who is teaching disciples there. His disciples then ask Vyasa for a boon that the Vedas be shared only among them, and Vyasa sets out rules on who may receive Vedic teaching and how it should be given."
B12C328,B12,Shanti Parva,328,329,CCCXXIX,38232,38388,5,1686,"Vyasa's disciples leave the mountain to teach and perform sacrifices among the people, and Vyasa is left alone with Suka, troubled by the silence of Vedic recitation. Narada points out that the Vedas are lost when they are not recited, and urges Vyasa to resume with his son. A violent wind interrupts their recitation, and Vyasa explains the winds and the two paths after death before going to bathe in the Ganges."
B12C329,B12,Shanti Parva,329,330,CCCXXX,38390,38579,2,2185,"Narada visits Suka, who honours him and asks what will help him most. Narada passes on the teaching of Sanatkumara, that attachment brings sorrow and that desire and wrath destroy one's good. He describes the river of life that must be crossed by the boat of the body, and says that even the understanding must be cast off through knowledge of the Supreme Soul."
B12C330,B12,Shanti Parva,330,331,CCCXXXI,38581,38671,1,1049,"Narada counsels Suka that wisdom is the cure for sorrow, since grieving over what is past only doubles one's pain. He says that wealth, youth, life and union all end in loss, so one should cultivate contentment, guard the senses and find peace in the self. The man who turns his mind inward and needs nothing from outside reaches happiness."
B12C331,B12,Shanti Parva,331,332,CCCXXXII,38673,38857,2,2113,"Narada explains that fortune, misfortune, the results of childbirth and disease, and the soul's passage from one body to the next are all beyond human control, and that only the self can be protected. Suka reflects on this teaching and resolves to reach an eternal and fearless state through Yoga, even by entering the sun. He takes leave of his father, who asks him to stay, and departs for Kailasa."
B12C332,B12,Shanti Parva,332,333,CCCXXXIII,38859,38947,3,902,"Suka sits in Yoga on a mountain peak, sees his own soul, and rises through the sky, where heavenly beings and Apsaras marvel at him. He tells Narada that he has found the path to liberation, and asks the points of the compass, forests, seas, rivers and mountains to answer his father's calls once he has gone beyond reach. They agree to do so."
B12C333,B12,Shanti Parva,333,334,CCCXXXIV,38949,39048,1,1123,"Suka sheds all the attributes and dwells in Brahma, and the heavens react with omens as he breaks through the twin peaks of Himavat and Meru. His father Vyasa follows and grieves, calling his name, until Suka answers only as an echo that still sounds in mountains. Mahadeva consoles Vyasa, telling him that his son has reached the highest end and that a shadow of him will remain at Vyasa's side."
B12C334,B12,Shanti Parva,334,335,CCCXXXV,39050,39196,5,1471,"Yudhishthira asks who is the highest deity and the highest Pitri, and how emancipation and lasting heaven can be reached. Bhishma relates how Narada visited Narayana, who had taken fourfold form as the sons of Dharma, and praised him as the source of all. Narayana replies that the inner soul, called Kshetrajna, is the highest object of worship, that unmanifest Prakriti is its companion, and that those who know him are merged into him."
B12C335,B12,Shanti Parva,335,336,CCCXXXVI,39198,39374,4,1883,"After Narayana's teaching, Narada visits the White Island, whose strange inhabitants Yudhishthira asks about. Bhishma then tells how King Uparichara, a devotee of Narayana, was tied to the treatise of duties composed by the seven seers under Narayana's command. He explains that this treatise was to be passed down through Vrihaspati, and that it would be lost with the king's death."
B12C336,B12,Shanti Parva,336,337,CCCXXXVII,39376,39548,3,1932,"At king Uparichara's great Horse-sacrifice, where no animals are slain and Vrihaspati presides, Hari takes his share unseen, and Vrihaspati is angry. The Sadasyas calm him, and the sons of Brahman describe their penance, their journey to the White Island and the voice that told them only the favour of its devout people brings the sight of Narayana. Vasu later falls through a Brahmana's curse and rises again through Narayana's grace."
B12C337,B12,Shanti Parva,337,338,CCCXXXVIII,39550,39681,7,1290,"Yudhishthira asks why king Vasu fell from heaven and was sunk into the earth despite his devotion to Narayana. Bhishma tells how the gods and Rishis argued over whether sacrifices should use animals or grain, and how Vasu, judging for the gods, was cursed to fall. The gods secured him provisions, and Narayana sent Garuda to lift him back to heaven."
B12C338,B12,Shanti Parva,338,339,CCCXXXIX,39683,39815,2,1530,"Narada reaches the White Island, where the white people honour him, and he settles there in silent recitation and Yoga. He then praises Narayana in a long hymn that lists his many forms, as the soul beyond attributes, the source of the Vedas, sacrifices, deities and the cosmos. He closes by saying he is a devoted disciple who longs to see the god."
B12C339,B12,Shanti Parva,339,340,CCCXL,39817,40221,10,4501,"Narada's hymn brings Narayana before him in a wondrous universal form, and the god explains his nature as the Purusha beyond the attributes, his fourfold manifestation, and his successive descents into the world. Narada then goes to Vadari and later repeats the teaching in Brahman's abode. Bhishma explains how the narrative has been handed down and that hearing it with devotion brings the highest end, and the frame closes with the recitation at Naimisha."
B12C340,B12,Shanti Parva,340,341,CCCXLI,40223,40591,12,3950,"Saunaka asks why Narayana, who ordains renunciation, also grants the deities shares in sacrifice. Sauti relays Vaisampayana's answer to king Janamejaya, recalling how Vyasa taught his disciples that creation flows from the Supreme Soul through Aniruddha and the eight Prakritis, and how the gods came to Brahman for their roles. Narayana then grants the gods their shares in sacrifice, foretells the decline of righteousness through the four ages, and charges Brahman with the work of creation."
B12C341,B12,Shanti Parva,341,342,CCCXLII,40593,40773,4,2064,"King Janamejaya asks Vaisampayana to explain the meanings of the names by which Vyasa and his disciples praised Hari. Vaisampayana recalls how Arjuna once asked Krishna the same thing. Krishna explains that his names arise from his nature and deeds, including Narayana, Vasudeva, Vishnu, Damodara and Kesava, and that he and Rudra are one."
B12C342,B12,Shanti Parva,342,343,CCCXLIII,40775,41414,6,7526,"Arjuna asks how Agni and Soma came to share one nature, and Krishna answers with a long account of creation from the primal darkness, the honour owed to Brahmanas, and many stories of gods who were cursed or saved. These include Indra's sins, Viswarupa's death, Nahusha's fall, Soma's waning and the marks on the moon, and the origins of many of Krishna's own names. Arjuna then asks who won the battle between Rudra and Narayana, and Krishna explains that Brahma stopped it and the two made peace, each marking the other."
B12C343,B12,Shanti Parva,343,344,CCCXLIV,41416,41611,6,2088,"Saunaka praises Sauti's recitation and asks why Narada went back to Vadari after seeing Narayana on White Island. Sauti explains that Janamejaya put the question to Vyasa during the snake sacrifice, and Vaisampayana then tells how Narada travels to Vadari and finds Nara and Narayana doing penance. Narada reports what he saw and decides to stay with the two sages. The chapter sets up the sages' teaching and frames the Narayana-centred devotion that the rest of the section develops."
B12C344,B12,Shanti Parva,344,345,CCCXLV,41613,41702,2,949,"Nara and Narayana praise Narada for having seen Narayana and explain how the Supreme Soul is the source of the elements. They describe the path by which the liberated pass through successive forms into Vasudeva, and why they themselves took birth in Dharma's house. Narada becomes wholly devoted to Narayana and stays at Vadari for a thousand celestial years. The chapter gives the teaching that the rest of the section builds on."
B12C345,B12,Shanti Parva,345,346,CCCXLVI,41704,41806,4,1063,"Nara asks Narada what rites he performs for the Pitris and why. Narada explains that he worships Vishnu through rites to the deities and Pitris, and recounts the old exchange of knowledge between sons and sires. Nara and Narayana then tell how Vishnu, as a boar, raised the Earth and made three mud balls as offerings, which became the Pitris, and why they are called Pindas. The chapter gives the origin story behind the Pinda offering, grounding it in Vishnu's act."
B12C346,B12,Shanti Parva,346,347,CCCXLVII,41808,41886,2,863,"Narada, after a thousand years with Nara and Narayana, returns to his own hermitage while the two sages stay on at Vadari. Vaisampayana then tells Janamejaya that hating Narayana brings ruin, that Vyasa is Narayana on earth, and urges him to carry on the horse sacrifice. Sauti reports that the king did so and ends with a long praise of Narayana as lord of the sages, refuge of the worlds, and slayer of demons. The chapter closes the Narada frame and returns the story to the sacrifice."
B12C347,B12,Shanti Parva,347,348,CCCXLVIII,41888,42173,7,3191,"Janamejaya asks why Hari took the horse-headed form that Brahma saw in the northern ocean, and what Brahma did afterwards. Vaisampayana tells how the world dissolves, how Brahma arises from Aniruddha, and how two demons seize the Vedas, leaving Brahma in grief. Narayana then takes the horse-headed form, recovers the Vedas, and slays the demons Madhu and Kaitabha, earning the name Madhusudana. The story closes by presenting Narayana as the source and soul of every quality and the refuge of both religions."
B12C348,B12,Shanti Parva,348,349,CCCXLIX,42175,42442,6,2974,"Janamejaya asks who first taught the path of wholehearted devotion to Narayana, why it is said to surpass knowledge, and why most Brahmins follow other vows. Vaisampayana traces this teaching from Narayana through Brahma's many births and a long line of teachers, down to Narada, Vyasa, and Yudhishthira. He explains the three dispositions of Sattwa, Rajas, and Tamas, says that the Sattwa type is closest to liberation through Narayana's grace, and concludes that the path is hard to practise. The chapter gives the doctrinal basis of devotion for the rest of the section."
B12C349,B12,Shanti Parva,349,350,CCCL,42444,42790,15,3431,"Janamejaya asks whether the Sankhya, Pancharatra, and Aranyaka systems teach the same duties. Vaisampayana first honours Vyasa and then recounts Vyasa's own birth as he told it to his disciples: Narayana made Brahma, appointed a sage to arrange the Vedas, and foretold his own rebirth as Vyasa. Vaisampayana then surveys the main schools, all of which he says centre on Narayana, and begins Janamejaya's question of whether there are many Purushas or only one. The chapter sets up the dialogue between Brahma and Mahadeva that follows."
B12C350,B12,Shanti Parva,350,352,CCCLII,42792,42879,1,1013,"Brahma tells Mahadeva what the one Purusha is like: eternal, beyond the reach of anyone without self-control, present in every body, and called Kshetrajna. Brahma explains that this Purusha is Narayana, the Supreme Soul, and that the universe and its many souls come from him in the fourfold form of Aniruddha, Pradyumna, Sankarshana, and Vasudeva. He adds that Brahma himself arose from this Purusha, and that the Sankhya and Yoga teachings agree with this account. The chapter states the chapter's central doctrine of a single, all-pervading Purusha."
B12C351,B12,Shanti Parva,351,353,CCCLIII,42881,42927,3,421,"Vaisampayana turns to a new topic: Yudhishthira asks Bhishma which duties are foremost for each stage of life. Bhishma replies that duties can all lead to heaven if performed faithfully. He then says he will repeat a story that Narada once told Indra, which sets up the teaching that follows. The chapter is a short introduction to a new frame story about how to choose one's duty."
B12C352,B12,Shanti Parva,352,354,CCCLIV,42929,43027,4,989,"Bhishma tells of a Brahmin householder in the city of Mahapadma who has many children and wealth, but is troubled about which of three kinds of duty to follow. When a learned guest visits, the host confesses that he wants to hand his household to his son and seek liberation, yet cannot give up his attachments. The guest admits he is equally confused and lists the many routes to heaven that people follow. The chapter sets the puzzle that the rest of the story will try to resolve."
B12C353,B12,Shanti Parva,353,355,CCCLV,43029,43067,1,406,"The guest offers to guide the host, though he says the question is hard. He points him to a wise Naga named Padmanabha who lives in a city in the Naimisha forest on the Gomati, and he describes the Naga's many virtues. The host is directed toward a teacher he can trust. The chapter moves the search to a new teacher."
B12C354,B12,Shanti Parva,354,356,CCCLVI,43069,43111,2,420,"The host is deeply relieved by the guest's words and says he now knows what to do. The two spend the night in talk about renunciation, and the night passes quickly. In the morning the host honours the guest, takes leave of his family, and sets out for the Naga's dwelling."
B12C355,B12,Shanti Parva,355,357,CCCLVII,43113,43159,4,402,"The Brahmin reaches the Naga's house and announces himself as a guest. The Naga's devoted wife welcomes him and explains that her husband is away for a month, pulling the Sun's chariot, and will return in fifteen days. The Brahmin says he will wait on the bank of the Gomati and asks her to tell the Naga he has come."
B12C356,B12,Shanti Parva,356,358,CCCLVIII,43161,43207,2,460,"The Naga's kinsmen are alarmed to see the Brahmin fasting by the Gomati, and they plead with him to eat, arguing that his fast shames their hospitality. The Brahmin says he will only break his fast after the Naga returns, and he asks them to go home. The chapter shows the guest's vow standing firm and the household's concern."
B12C357,B12,Shanti Parva,357,359,CCCLIX,43209,43265,2,585,"The Naga returns home after fifteen days, washes his feet, and asks his wife whether she kept up worship and hospitality in his absence. She explains the duties of each class and of the householder, then reports that a Brahmin has been waiting by the Gomati for many days. She urges her husband to go and grant the guest's request."
B12C358,B12,Shanti Parva,358,360,CCCLX,43267,43337,3,723,"The Naga asks whether the Brahmin is a human or a god, since few humans would seek him out. His wife argues that the guest is sincere and that a man of standing must not turn away a needy visitor. The Naga admits he has been moved by her teaching, cites the ruin that wrath brought to Ravana and to Kartavirya's sons, and agrees to go and meet the Brahmin."
B12C359,B12,Shanti Parva,359,361,CCCLXI,43339,43395,4,520,"The Naga goes out to the waiting Brahmin, wondering what has brought him, and greets him with courtesy. The Brahmin gives his name as Dharmaranya and explains that he has come to see Padmanabha on business, reciting the Vedas and practising yoga while he waits. The Naga identifies himself and offers to help in any way, and the Brahmin says he will reveal his request after first asking a question. The chapter opens the direct meeting between the two."
B12C360,B12,Shanti Parva,360,362,CCCLXII,43397,43454,2,594,"The Brahmin asks the Naga, who pulls the Sun's chariot in turns, to describe any wonder he has seen on his journeys. The Naga praises the Sun as the source of creatures and of the rains, and the dwelling place of the Supreme Soul. He then describes a radiant being who approached the Sun at noon and merged into it, so that the Nagas could no longer tell the two apart."
B12C361,B12,Shanti Parva,361,363,CCCLXIII,43456,43484,2,245,"Surya himself explains who the radiant being was: a Brahmin who reached heaven through the Unccha vow, living on fruit, roots, fallen leaves, water, or air, and devoted to Mahadeva. The Naga reports this explanation, adding that the Brahmin now travels round the Earth from within the Sun's disc. The chapter closes the Naga's story of the wonder and answers the Brahmin's question."
B12C362,B12,Shanti Parva,362,365,CCCLXV,43486,47101,599,19159,"Dharmaranya leaves the Naga, having learned from him that the Unccha vow, living by gleaning, is the right path to take. He goes to the sage Chyavana to be formally initiated into it. Bhishma traces the teaching back through Janaka, Narada, Indra, and the Vasus, and says it answers Yudhishthira's question about the highest duty. The main text ends with the close of the Santi Parva, and the rest of the chapter is a long run of translator's footnotes that explain Sanskrit words, variant readings, and difficult passages."
B12C363,B12,Shanti Parva,363,351,CCCLI,47103,57153,1356,63489,"This last section of the chapter has no narrative of its own in this file. It is a run of Ganguli's translator notes, numbered from 594 on, that explain Sanskrit words, variant readings, and the doctrine of Bhishma's teaching on the mind, the soul, yoga, the three qualities, and the illusion of the world. The notes also compare the teaching with Sankhya, Vedanta, Buddhist, and sceptical views of rebirth. They matter as the translator's guide to how the difficult closing doctrine should be read."
B13C001,B13,Anushasana Parva,1,1,I,43,371,35,2644,"Yudhishthira, stricken by the war's dead and by Bhishma's wounded body, asks how he can find peace of mind. Bhishma answers with the tale of Gautami, whose son dies of a snakebite, and the fowler Arjunaka, who wants the serpent killed. Mrityu (Death), the serpent and Kala (Time) each deny being the true cause, and Kala concludes that every creature's own karma decides its fate. Bhishma applies the lesson to Yudhishthira's grief, and Yudhishthira is calmed and asks again."
B13C002,B13,Anushasana Parva,2,2,II,373,579,3,2395,"Yudhishthira asks whether any householder has ever conquered Death through virtue, and Bhishma tells of Sudarsana, son of Agni, and his wife Oghavati. When Mrityu sends a Brahmana to test Sudarsana's vow of hospitality, Oghavati accepts the guest out of duty, and Sudarsana affirms that honoring a guest is his highest duty. Dharma appears to praise the couple as having conquered Death, and Bhishma concludes that a guest's blessing is worth more than a hundred sacrifices."
B13C003,B13,Anushasana Parva,3,3,III,581,627,1,486,"Yudhishthira asks how Viswamitra, born a Kshatriya, came to be a Brahmana when that status is so hard for the other classes to reach. He lists Viswamitra's feats, including destroying Vasishtha's hundred sons, founding the Kusika line, and rescuing Sunasepha. He contrasts this with Matanga, a Chandala who could not win Brahmanhood, and asks how the change could happen without a new body."
B13C004,B13,Anushasana Parva,4,4,IV,629,764,3,1497,"Bhishma explains how Viswamitra became a Brahmana, beginning with King Gadhi, whose daughter Satyavati is sought in marriage by the sage Richika. Gadhi asks for a dowry of a thousand horses, which Varuna supplies, and Richika then arranges sacred food for mother and daughter that is meant to decide the sons' castes. Satyavati's mother swaps the portions and trees, Satyavati pleads to keep her own son from being a Kshatriya, and Gadhi's wife bears Viswamitra, who though a Kshatriya by birth becomes a Brahmana and founds many Brahmana lines."
B13C005,B13,Anushasana Parva,5,5,V,766,849,3,855,"Yudhishthira asks about the merit of compassion and the marks of devout men. Bhishma answers with the tale of a parrot named Suka, whose tree is withered by a fowler's poisoned arrow, and who refuses to leave it even as he dies with it. Indra, disguised as a Brahmana, is moved by the bird's constancy, and grants a boon that revives the tree, after which the parrot joins Indra in heaven. The lesson is that companionship with the good brings people the ends they desire."
B13C006,B13,Anushasana Parva,6,6,VI,851,984,4,1437,"Yudhishthira asks whether Exertion or Destiny is the stronger force in shaping a life. Bhishma tells how Vasishtha put this question to Brahma, and Brahma answers with the image of seed and soil: past deeds (destiny) bear fruit only when joined to present effort. Brahma gives examples of kings and others who fell or rose through their own deeds, and concludes that destiny and exertion together are what work."
B13C007,B13,Anushasana Parva,7,7,VII,986,1079,3,992,"Yudhishthira asks what the fruits of good deeds are, and Bhishma explains that deeds bear fruit in later lives in a similar bodily state. He lists the rewards for hospitality, austerity, fasting and vows, and for honoring father, mother and teacher, and says past deeds follow a person as a calf finds its mother. Vaisampayana closes by reporting that the princes were delighted, and that falsehood in speech brings evil just as improper rites do."
B13C008,B13,Anushasana Parva,8,8,VIII,1081,1170,2,980,"Yudhishthira asks Bhishma whom he honors, whom he likes, and what helps in this world and the next. Bhishma says he most values learned Brahmanas and those who feed them generously, and that he holds Brahmanas dearer than his own kin. He explains why Brahmanas must be served with respect, since their energy and penance can destroy those who anger them, and that Kshatriyas must protect them and the Vedas."
B13C009,B13,Anushasana Parva,9,9,IX,1172,1261,5,867,"Yudhishthira asks what becomes of people who promise a gift to Brahmanas and then fail to give it. Bhishma says such a person's good deeds turn fruitless, and tells of a jackal and an ape, once friends, now reborn as animals, who explain the sins that led to their state. Bhishma concludes that promised gifts to Brahmanas must be kept, because Brahmanas carry a fire-like energy and gifts to them bring the highest heaven."
B13C010,B13,Anushasana Parva,10,10,X,1263,1522,13,2652,"Yudhishthira asks whether teaching a low-born person is blameworthy. Bhishma tells of a Sudra who joins a Himalayan asylum, is taught the rites for the ancestors by a Rishi, and is later reborn as a king who makes that same Rishi his priest. The king keeps laughing at the priest because he remembers their past, and reveals that the priest's teaching cost him his penances. Bhishma concludes that Brahmanas should not instruct the low-born, and that teaching for pay pollutes the teacher."
B13C011,B13,Anushasana Parva,11,11,XI,1524,1614,4,920,"Yudhishthira asks where the goddess of prosperity, Sree, always dwells. Bhishma recounts how Rukmini asked Sree this question in Krishna's presence, and Sree answered that she stays with the diligent, self-controlled, grateful and devout, and avoids the idle, dishonest, ungrateful and quarrelsome. She also describes the women and places she favors and shuns, and finally says she dwells in Narayana, whose presence makes a person grow in righteousness, fame and wealth."
B13C012,B13,Anushasana Parva,12,12,XII,1616,1785,5,1839,"Yudhishthira asks whether man or woman takes greater pleasure in union, and Bhishma answers with the tale of king Bhangaswana. After a sacrifice that Indra dislikes, Bhangaswana is turned into a woman by a magic lake, bears a hundred sons, and later sees them killed in a quarrel that Indra stirs up. When Indra offers her a boon, she chooses to remain a woman, saying women take greater pleasure in union, and Bhishma presents this as the answer to the question."
B13C013,B13,Anushasana Parva,13,13,XIII,1787,1812,2,207,"Yudhishthira asks how a person should conduct himself to pass well in this world and the next. Bhishma answers that one should avoid ten kinds of wrong action, three of the body, four of speech and three of the mind. He names each of them, and says that good and evil deeds bring their own certain results."
B13C014,B13,Anushasana Parva,14,14,XIV,1814,3088,22,14840,"Yudhishthira asks Bhishma to recount the names and power of Mahadeva, and Bhishma defers to Vasudeva (Krishna), who alone can speak of him fully. Vasudeva tells how he went to Himavat to win a son for Jambavati and met the sage Upamanyu, whose own childhood longing for milk led him to austerities and a vision of Shiva, who tested him in Indra's form and then granted him boons. Vasudeva then recounts his own vision of Mahadeva with Uma and hymns him, and the chapter presents Shiva as the supreme cause of all gods, creatures and weapons, ending with Shiva offering Vasudeva eight boons."
B13C015,B13,Anushasana Parva,15,15,XV,3090,3135,4,371,"Vasudeva tells how, after his vision of Mahadeva, he asked for boons such as firmness in virtue, victory in battle, fame, Yoga and many children. Mahadeva agreed, and Uma added further blessings, including a son named Samva and a household of sixteen thousand wives. Vasudeva reported all this to Upamanyu, who then declared that there is no deity like Sarva."
B13C016,B13,Anushasana Parva,16,16,XVI,3137,3384,5,2765,"Upamanyu tells how the sage Tandi, after ten thousand years of devotion, saw Mahadeva and praised him in a long hymn that calls him the source, end and highest truth of all things. Mahadeva, pleased, grants Tandi indestructibility, knowledge and a son who will write Sutras, and Tandi later passes on a thousand names of Mahadeva, first recited by Brahma. Upamanyu now offers these names to Krishna as an aid to his spiritual progress."
B13C017,B13,Anushasana Parva,17,17,XVII,3386,4440,6,12937,"Upamanyu recites the thousand-and-eight names of Mahadeva as an essence of Brahma's ten thousand names and of Tandi's hymn, which is said to cleanse all sin and lead to the highest end. He traces the transmission of this hymn from Brahma through Sakra, Mrityu, the Rudras, Tandi, Sukra, Gautama, Manu, Narayana, Yama, Nachiketa and Markandeya, and then gives it to Krishna. Krishna closes by saying that daily recitation for a year brings the fruit of a horse-sacrifice and protection from demons and snakes."
B13C018,B13,Anushasana Parva,18,18,XVIII,4442,4706,9,2785,"The Island-born Krishna urges Yudhishthira to recite the thousand-and-eight names of Mahadeva, and a line of sages then describe how Mahadeva rewarded their devotion with knowledge, forgiveness, weapons, sovereignty or the return of lost merit. Galava recounts how Mahadeva brought him safely home to his father, and Krishna repeats Upamanyu's teaching that devotion to Mahadeva frees even sinners. Krishna closes by saying that reciting the hymn for a month earns the merit of a horse-sacrifice and benefits every class."
B13C019,B13,Anushasana Parva,19,19,XIX,4708,5011,9,3297,"Yudhishthira asks what the saying about performing all duties jointly in marriage means, since spouses die at different times and women are called false by the ordinances. Bhishma answers with the story of the sage Ashtavakra, who asks the sage Vadanya for his daughter Suprabha and is sent on a long northern journey first. On the way he passes through Kuvera's realm, spends a year of dance and music without noticing, and reaches a golden mansion, where an aged woman urges him to lie with her and he wonders whether she was made ugly by a curse."
B13C020,B13,Anushasana Parva,20,20,XX,5013,5114,10,848,"The old woman tends to Ashtavakra's bath with soft hands, and when midnight comes she goes to his bed. Ashtavakra refuses, saying he will not lie with another man's wife, but she insists she is her own mistress, claims to have kept a vow of celibacy as a maiden, and asks him to marry her. Ashtavakra questions why any woman would be independent and resolves to keep his restraint, although he is drawn to her."
B13C021,B13,Anushasana Parva,21,21,XXI,5116,5183,5,587,"Yudhishthira asks why the lady feared no curse from Ashtavakra and how he returned safely. Bhishma reports that she was the embodiment of the northern quarter, who devised the trial at Vadanya's request, and who promised Ashtavakra a safe return, a chosen bride and a son. Ashtavakra reports his journey to Vadanya, who gives him his daughter Suprabha in marriage, and he settles at his hermitage free from mental fever."
B13C022,B13,Anushasana Parva,22,22,XXII,5185,5401,23,1591,"Yudhishthira asks Bhishma which Brahmanas are proper recipients of gifts, and Bhishma answers that any Brahmana who keeps the duties of his order is worthy, with or without outward marks. Bhishma then recounts what Earth, Kasyapa, Agni and Markandeya say about which givers are purified and which Brahmanas fail, and holds that Truth outweighs a thousand horse-sacrifices. He also covers the Sraddha rites, the marks of Righteousness, the offences equal to Brahmanicide, and which Brahmanas are worth honouring, since one worthy Brahmana can rescue a whole family."
B13C023,B13,Anushasana Parva,23,23,XXIII,5403,5755,7,4073,"Bhishma gives Yudhishthira the rules for Sraddha offerings: the proper timing, the foods that become the portion of Rakshasas when impure or improperly given, and which Brahmanas may and may not be invited, with the ritual words to be spoken and the sin of falsehood. He then sets out the deeds that send people to hell, such as lying, adultery, robbery and eating without sharing, and the deeds that lead to heaven, such as feeding the needy, charity and honouring parents. The chapter closes his teaching on rites and gifts."
B13C024,B13,Anushasana Parva,24,24,XXIV,5757,5799,2,403,"Yudhishthira asks what makes a person guilty of Brahmanicide without actually killing a Brahmana. Bhishma reports that he once put the question to Vyasa, who answered with a list of such acts. These include refusing alms to an invited Brahmana, ruining a learned Brahmana's livelihood, blocking thirsty cattle, disparaging the Srutis, and robbing or harming the helpless."
B13C025,B13,Anushasana Parva,25,25,XXV,5801,6015,3,2523,"Yudhishthira asks Bhishma about the merit of visiting, bathing in and hearing about the sacred waters on earth. Bhishma recounts the teaching that Angiras gave to Gautama, a long catalogue of named tirthas with the rewards each brings, such as heaven, the merit of a horse-sacrifice, cleansing from sin including Brahmanicide and foeticide, beauty and power. Angiras closes by saying that this teaching, recited or heard, leads to a good birth and memory of past lives."
B13C026,B13,Anushasana Parva,26,26,XXVI,6017,6360,8,3849,"Vaisampayana describes the many great Rishis who visit Bhishma on his bed of arrows and then vanish, and Yudhishthira asks which countries, rivers and mountains are most sacred. Bhishma tells of a poor Brahmana who keeps the Sila vow and asks a visiting Rishi the same question, and the Rishi answers that the places along the Bhagirathi Ganga are holiest. The Rishi then praises the Ganga at great length, saying her waters cleanse sin, rescue ancestors and lead to heaven, and Bhishma urges Yudhishthira to honour her too."
B13C027,B13,Anushasana Parva,27,27,XXVII,6362,6474,7,1061,"Yudhishthira asks how a Kshatriya, Vaisya or Sudra can attain the status of a Brahmana. Bhishma tells of Matanga, who was raised with Brahmana rites but was born of a mixed union, and who learns from a talking she-ass that he is in fact a Chandala by birth. Matanga resolves to win Brahmanahood by severe penance, and Indra appears and warns him that a person of impure birth cannot reach that status."
B13C028,B13,Anushasana Parva,28,28,XXVIII,6476,6527,1,594,"Matanga persists with his penance, standing on one foot for a hundred years, and Indra returns to explain that a person must pass through many lower births before reaching Brahmanahood. Indra describes a long path through the Pukkasa, Sudra, Vaisya and Kshatriya orders and through the lower kinds of Brahmana, each lasting thousands of years. He ends by urging Matanga to ask for some other boon, since the status of Brahmana is beyond his reach."
B13C029,B13,Anushasana Parva,29,29,XXIX,6529,6641,8,1018,"Matanga, born to a Chandala mother, spends a thousand years in penance trying to become a Brahmana. Sakra (Indra) tells him that someone of his birth can never reach that status, and Matanga, grieving, pushes his austerities until he collapses. Sakra then grants him other boons, and Matanga dies. The chapter is used to show that Brahmana status is very high and cannot be won by penance alone."
B13C030,B13,Anushasana Parva,30,30,XXX,6643,6825,5,1992,"Yudhishthira asks how the king Vitahavya became a Brahmana, since Viswamitra did as well. Bhishma tells how Vitahavya's hundred sons overran the kingdom of Kasi, and how Divodasa's son Pratarddana defeated them in battle. Vitahavya fled to the sage Bhrigu, who protected him and made him a Brahmana by his word alone. The chapter ends with the family line from Gritsamada down to Saunaka, which shows the Brahmana descent of this house."
B13C031,B13,Anushasana Parva,31,31,XXXI,6827,6955,4,1382,"Yudhishthira asks which men in the three worlds deserve reverent worship. Bhishma tells an old story in which Narada worships a large group of Brahmanas, and Krishna asks him whom he honours. Narada names the Brahmanas he reveres by their virtues and says those who keep such virtues escape every calamity. Bhishma closes by urging Yudhishthira to honour the gods, the ancestors, the Brahmanas and guests."
B13C032,B13,Anushasana Parva,32,32,XXXII,6957,7085,7,1312,"Yudhishthira asks what merit comes from protecting living beings who seek shelter. Bhishma answers with the story of a pigeon chased by a hawk, which takes refuge in the lap of king Vrishadarbha. The hawk demands the pigeon as its food, and the king ends up offering flesh cut from his own body, which the text presents as the highest act of protection. The story ends with the king's reward in heaven and the claim that hearing it cleanses sin."
B13C033,B13,Anushasana Parva,33,33,XXXIII,7087,7180,2,1035,"Yudhishthira asks which act a king should put first to win happiness in this world and the next. Bhishma answers that honouring learned Brahmanas is the foremost duty of a king. He describes the many kinds of Brahmanas, their great power, and the ruin that comes to those who speak against them. He ends by saying that no one can truly defeat the Brahmanas."
B13C034,B13,Anushasana Parva,34,34,XXXIV,7182,7284,4,1020,Bhishma tells Yudhishthira that Brahmanas must be honoured because the kingdom's peace and the gods' favour depend on them. He lists the benefits of feeding and supporting them and the defeats of Kshatriyas who fought them. He then gives a dialogue in which the Earth tells Vasudeva (Krishna) that serving Brahmanas cleanses sin and that harming them leads to ruin. Bhishma closes by urging Yudhishthira to honour the superior Brahmanas.
B13C035,B13,Anushasana Parva,35,35,XXXV,7286,7373,3,791,"Bhishma says Brahmanas are worthy of worship by birth, because they are the mouths of the gods and guides of all creatures. He quotes verses attributed to Brahma that set out the Brahmanas' duties and the rewards of study, sacrifice and self-restraint. He ends by describing their great power and urging the king to honour them with gifts and service. The section closes with a note that the parva continues in another volume."
B13C036,B13,Anushasana Parva,36,36,XXXVI,7375,7450,5,671,"Bhishma tells of Sakra (Indra), who visits the Asura Samvara in disguise and asks how he rose above his kin. Samvara credits his respect for Brahmanas and his willingness to learn from them, and he repeats what his father heard from Soma about the power of Brahmanas. Sakra then takes up the same devotion to Brahmanas and gains the chiefdom of the gods. The story is offered as an example of honouring Brahmanas."
B13C037,B13,Anushasana Parva,37,37,XXXVII,7452,7527,4,712,"Yudhishthira asks whether a stranger, a long-known companion, or a traveller from afar is the best recipient of a gift. Bhishma says all three can be worthy and lists the qualities that make a recipient deserving, such as learning, truthfulness and self-restraint. He condemns quarrelsome and vain Brahmanas and sets out the householder's duties to the gods, sages, ancestors, Brahmanas and guests. The chapter teaches that the worth of the person matters more than how well one knows them."
B13C038,B13,Anushasana Parva,38,38,XXXVIII,7529,7634,6,999,"Yudhishthira asks Bhishma to describe the nature of women, whom he calls the root of evil. Bhishma tells of Narada questioning the Apsara Panchachuda, who at first refuses to speak ill of her own sex and then does so at Narada's urging. She lists the faults she ascribes to women, including restlessness, a readiness to break restraints, and an inability to be satisfied. The chapter presents these as a view attributed to Panchachuda, and it sets up the next chapter's question about men and women."
B13C039,B13,Anushasana Parva,39,39,XXXIX,7636,7680,1,480,"Yudhishthira presses Bhishma with doubts raised by the previous account: why men still attach themselves to women despite their faults, whether women can deceive and sway men, and whether anyone has ever restrained them. He asks Bhishma to explain how men can protect women and whether women can truly be kept within the bounds set by the scriptures."
B13C040,B13,Anushasana Parva,40,40,XL,7682,7860,6,1957,"Bhishma says women were created by Brahma after the gods feared that humans would become too righteous, and that they were given desire and anger. He then tells how the sage Devasarman, about to leave for a sacrifice, asks his disciple Vipula to guard his wife Ruchi from Indra. Devasarman describes Indra's endless disguises, and Vipula enters Ruchi's body by yoga power so that Indra cannot approach her. The chapter sets up the test of Vipula's devotion."
B13C041,B13,Anushasana Parva,41,41,XLI,7862,7970,3,1156,"Indra comes to the hermitage in a beautiful form, intending to seduce Ruchi, but finds that Vipula has bound her body and speech from inside. Indra speaks to her, and she is forced to say words Vipula controls, while Vipula watches Indra's approach from within her. When Vipula reveals himself and rebukes Indra, mentioning Gautama's curse, Indra flees in shame. Devasarman rewards Vipula with a boon that he will never fall from righteousness."
B13C042,B13,Anushasana Parva,42,42,XLII,7972,8055,1,969,"Vipula, after his success, grows proud of his penance. When Devasarman's sister-in-law asks for celestial flowers, Vipula is sent to fetch some and finds them where Ruchi had dropped them. On the road he hears two couples swear oaths naming his fate in the next world, and he searches his conscience and recalls that he never told his teacher about entering Ruchi's body. He then brings the flowers and honours his teacher. The chapter shows that even a just act can leave a hidden fault."
B13C043,B13,Anushasana Parva,43,43,XLIII,8057,8145,4,910,"Devasarman greets his returning disciple Vipula and explains that the two couples and the dice players were Day and Night and the six Seasons, who see every hidden deed. Vipula had not told his teacher the whole truth, but Devasarman judges that his protection of Ruchi was proper and sends him to heaven. Bhishma then recounts a lesson he had from the sage Markandeya: women must be guarded, virtuous women are blessed, and men should not become overly attached to them. Only Vipula is said to have protected women successfully."
B13C044,B13,Anushasana Parva,44,44,XLIV,8147,8380,8,2556,"Yudhishthira asks how a father should choose a husband for his daughter, and Bhishma answers at length on marriage. He names the several forms of marriage, separates the righteous forms from the unrighteous, and sets rules on how many wives each caste may take, on suitable ages and on whom a girl may not marry. Yudhishthira then asks whether a dowry alone makes a bride a wife, and Bhishma answers that only the rites of marriage do, recalling his own seizure of maidens for Vichitravirya. The chapter's main point is that the taking of the hand with proper rites creates the marriage."
B13C045,B13,Anushasana Parva,45,45,XLV,8382,8485,4,1105,"Yudhishthira asks what should happen when a dowry-giver walks away from a marriage, and Bhishma answers with a set of rules on the girl's maintenance and on the rights of daughters and their sons. He cites the case of Savitri and an opinion of a king of Videha's line, and says a woman is never free. He then argues that a daughter sold for a price, or a dower taken for a daughter, is a sinful sale, and recites Yama's warning of punishment in hell for those who sell their children. The chapter treats marriage by sale as wrong."
B13C046,B13,Anushasana Parva,46,46,XLVI,8487,8535,1,523,"Bhishma says a maiden for whom no dowry has been taken is not sold, and that a wife should be respected and kindly treated, since a family's prosperity depends on how its women are treated. He recalls Manu's instruction that men must protect and honour women, and he quotes a verse of a princess of Videha's house on a woman's duty to serve her husband and her lifelong need for protection. The chapter closes by saying that honouring women is honouring prosperity itself."
B13C047,B13,Anushasana Parva,47,47,XLVII,8537,8750,7,2431,"Yudhishthira asks how a Brahmana's sons from different wives should divide his property, since a Brahmana may take wives from all four classes. Bhishma sets out the shares: out of ten parts, the son of the Brahmana wife takes four, the Kshatriya wife's son three, the Vaisya wife's son two, and the Sudra wife's son one part only if his father gives it. Yudhishthira objects that all the sons are Brahmanas by birth, and Bhishma answers that the Brahmana wife ranks first and that Kshatriyas, who protect society, are rightly given a larger share than Vaisyas. Yudhishthira then asks about the rules for other classes, and Bhishma gives the Kshatriya and Vaisya rules and the law for the eldest son, which Kasyapa is said to have declared."
B13C048,B13,Anushasana Parva,48,48,XLVIII,8752,8935,3,2114,"Yudhishthira asks what duties fall to people born of mixed unions between the four classes. Bhishma explains that the four classes were set up for sacrifice, and then lists the offspring of each mixed pairing, such as the Suta, Magadha, Chandala and Nishada, with the work each is assigned. He warns that such unions multiply lower castes and bring grief to the father. Yudhishthira then asks how a man of mixed birth can be recognised, and the chapter ends with the warning that men of wisdom should not become overly attached to women."
B13C049,B13,Anushasana Parva,49,49,XLIX,8937,9122,13,1822,"Bhishma says a person's birth shows in his conduct, since a son takes after his parents and cannot hide his origin for long. Yudhishthira asks for the kinds of sons recognised by law, and Bhishma lists the sons born of wives, of outsiders, and of mixed unions. A debate follows over whether the seed or the soil makes a son, and Bhishma rules that the soil-owner's son belongs to him, and that a found and raised child becomes the rearer's son. The chapter ends with the purification rites for such children."
B13C050,B13,Anushasana Parva,50,50,L,9124,9207,4,835,"Yudhishthira asks Bhishma about compassion, the bonds formed by living together, and the blessedness of cows. Bhishma begins a story about the sage Chyavana, who takes a vow to stand still in the water at the Ganga and Yamuna confluence for a long time. A group of fishermen nets him along with a heap of fish, and he refuses to be parted from the fish. The fishermen, terrified, report to king Nahusha. The chapter sets up the story's test of compassion and devotion."
B13C051,B13,Anushasana Parva,51,51,LI,9209,9402,21,1506,"King Nahusha comes to the river and offers Chyavana ever larger sums to free him: a thousand coins, a hundred thousand, a crore, and finally half his kingdom. Chyavana rejects each offer and tells Nahusha to consult the Brahmanas. A sage born of a cow proposes a cow as the price, since Brahmanas are beyond price, and Chyavana praises cows as the source of sacrifice, prosperity and heaven. The fishermen, moved by Chyavana, return the cow, and Chyavana sends them and the fish to heaven. Both sages grant Nahusha boons before he returns to his city."
B13C052,B13,Anushasana Parva,52,52,LII,9404,9519,5,1203,"Yudhishthira asks why Rama, the son of Jamadagni, a Brahmana by birth, took up Kshatriya ways, and how a Kshatriya son of Kusika became a Brahmana. Bhishma tells how Chyavana, foreseeing that his own race would be stained by Kshatriya practice through a Kusika descendant, decides to bring ruin on the Kusika line. He asks king Kusika to let him stay, and the king and queen serve him for twenty-one days without food. When the sage finally leaves unseen, the king is left in grief, searching for him."
B13C053,B13,Anushasana Parva,53,53,LIII,9521,9708,3,2197,"After Chyavana vanishes, king Kusika and his queen keep serving him. He returns repeatedly, burns the food they prepare, and then makes the royal couple yoke themselves to a battle-car and drag him about, goading them until they bleed. Through all of it they show no anger, and Chyavana finally heals their wounds, gives away treasure, and sends them home young and beautiful again. The chapter shows the sage testing the king's patience, which the king passes."
B13C054,B13,Anushasana Parva,54,54,LIV,9710,9817,2,1186,"Kusika goes back to the wood and sees a golden palace, celestial trees and musicians, which vanish when he tries to approach. He realises that Chyavana has shown him these marvels by his yoga power and that penance is superior even to sovereignty. Chyavana, satisfied that the king has come through the ordeal without sin, offers him a boon. Kusika's reply sets the stage for his questions to the sage."
B13C055,B13,Anushasana Parva,55,55,LV,9819,9927,4,1217,"Chyavana offers Kusika a boon and asks him to state his doubts. Kusika asks why the sage put him through his long trials, the feast he burned, the car, the gifts, and the vanishing palace. Chyavana explains that he came to destroy Kusika's race because the gods foretold a clash of Brahmana and Kshatriya energy in it, but he found the king blameless. He then tested the king to show the rewards of penance and promised that a descendant of Kusika would become a Brahmana. Kusika asks for the details of how this will happen."
B13C056,B13,Anushasana Parva,56,56,LVI,9929,9988,2,622,"Chyavana explains the wider pattern. The Kshatriyas and the Bhargavas will fall out, and the Kshatriyas will destroy the Bhrigu line until a sage named Urva rises with fury that he cools in the sea. Urva's line leads to Jamadagni, who marries Kusika's granddaughter, and their son Viswamitra is born a Kshatriya. Richika then gives a Brahmana son to Kusika's line in exchange, so the two lines are joined by marriage. Kusika accepts the promise, and Bhishma says the events of Rama and Viswamitra came about as Chyavana foretold."
B13C057,B13,Anushasana Parva,57,57,LVII,9990,10134,4,1560,"Yudhishthira is overwhelmed by the deaths of many kings and kinsmen in the war and says he wants to undertake severe penance. Vaisampayana then introduces Bhishma's reply, in which Bhishma lists the rewards that different acts of penance, austerity, vows, and gifts bring in the next life. He especially praises gifts of cows, land, houses and other goods to Brahmanas. Yudhishthira, moved by the account, sets aside his disgust at the householder's life, and the brothers agree to follow the grandsire's words."
B13C058,B13,Anushasana Parva,58,58,LVIII,10136,10225,2,1023,"Yudhishthira asks what rewards come from planting trees and digging tanks. Bhishma says a tank brings a man honour in the three worlds and that water in a tank in each season counts as a particular sacrifice, with water given to kine and other creatures counting most. He says gifts of water are the highest of gifts and that planting trees brings fame, honour among the Pitris, and rescue for one's ancestors. The chapter urges making tanks, planting trees, sacrificing and speaking the truth."
B13C059,B13,Anushasana Parva,59,59,LIX,10227,10357,2,1506,"Yudhishthira asks which gift is best among those not found in the Vedas, and which follows the giver after death. Bhishma says the best gifts are kindness, relief for the distressed, and gifts given without pride; gifts of gold, cows and land cleanse sin. He urges giving to worthy, learned Brahmanas, especially those who do not ask, and calls such giving a sacrifice. He ends by insisting that kings must honour Brahmanas, since kingly power yields to them, and he says he loves them above all."
B13C060,B13,Anushasana Parva,60,60,LX,10359,10433,2,788,"Yudhishthira asks whether a gift is more meritorious when given to a Brahmana who asks or to one who does not, if they are otherwise equal. Bhishma says a gift to one who does not ask earns more merit, since a Brahmana's firmness lies in not begging. He says begging brings shame and that the giver is said to grant life to the one who asks. Bhishma urges kings to seek out such contented Brahmanas, invite them, and feed and honour them, calling this a sacrifice that pleases the gods."
B13C061,B13,Anushasana Parva,61,61,LXI,10435,10556,2,1386,"Yudhishthira asks where the rewards of gifts and sacrifices are earned, which is greater, and who should receive gifts. Bhishma says a king should give to righteous Brahmanas, support them with food, cattle and dwellings, and protect their means of living, and that such giving benefits a king more than grand sacrifices. He warns that a king who extorts wealth gains no merit from the sacrifices it pays for, and that a king who fails to protect his people, or lets learned Brahmanas go hungry, bears a share of their sins. The chapter ends by urging Yudhishthira to be a protector his subjects will trust."
B13C062,B13,Anushasana Parva,62,62,LXII,10558,10808,5,2921,"Yudhishthira asks which gift is the foremost of all, and Bhishma answers that the gift of earth is the highest, since land lasts and brings wealth to its giver. He says a king should give land to learned Brahmanas, that taking land from the righteous is a grave sin, and that the gift of earth cleanses even great sinners. Bhishma then tells how Indra asked Vrihaspati which gift leads to heaven, and Vrihaspati gave the same answer, that the gift of earth is supreme. The chapter closes with Indra giving the whole earth to Vrihaspati and with advice to recite these verses at funeral rites."
B13C063,B13,Anushasana Parva,63,63,LXIII,10810,10970,5,1700,"Yudhishthira asks what gifts bring a king immediate gratification from the Brahmanas and lasting rewards. Bhishma says he once put the same question to the sage Narada, who answered that food is the foremost of gifts, since all life and every rite depends on it. Narada urges giving food to Brahmanas, guests and anyone in need, and describes the heavenly mansions earned by such giving. The chapter ends with a heading that marks the start of Section LXIV."
B13C064,B13,Anushasana Parva,64,64,LXIV,10972,11082,4,1109,"Yudhishthira asks about gifts tied to the planetary conjunctions and the lunar mansions. Bhishma recalls a discourse in which the sage Narada told Devaki, the mother of Krishna, which gifts to make under which lunar constellations. Each mansion is linked with a particular offering and its reward, such as Payasa under Krittika or a cow under Mrigasiras. Bhishma adds that Devaki later passed the teaching on to her daughters-in-law."
B13C065,B13,Anushasana Parva,65,65,LXV,11084,11132,1,532,"Bhishma lists the gifts praised by earlier authorities: Atri on gold, King Harischandra on gold's cleansing power, and Manu on the gift of drink. He explains that digging wells and tanks where cows, Brahmanas and people can drink wins large merit, and that gifts of ghee, firewood, umbrellas and cars bring prosperity, protection and success. The chapter ends with Sandilya's view that a car is the best gift."
B13C066,B13,Anushasana Parva,66,66,LXVI,11134,11321,7,2088,"Yudhishthira asks about the merit of giving sandals to Brahmanas and of giving sesame, land, cows and food. Bhishma says a sandal-gift protects the feet and brings the merit of a vehicle, and that sesame seeds, made by Brahma as food for the Pitris, purify the giver. He tells how the gods asked Brahma for a piece of earth to hold a sacrifice, and how they then granted a share of their merit to the gift of earth. He goes on to praise gifts of shelter, land, cows (which should not be given to butchers or atheists) and food as the highest acts."
B13C067,B13,Anushasana Parva,67,67,LXVII,11323,11378,2,607,"Yudhishthira asks Bhishma to describe the merits of giving drink, after hearing that food is the highest gift. Bhishma says food and drink together are unmatched among gifts, since all life depends on food and food depends on water. He describes how nectar, plants and the very sources of life come from water, and says the gift of water brings fame, long life, victory over enemies, and a place in heaven. Manu is cited as the authority."
B13C068,B13,Anushasana Parva,68,68,LXVIII,11380,11492,6,1140,"Yudhishthira asks Bhishma again about the merit of gifts of sesame, lamps, food and robes. Bhishma tells the story of Yama, lord of the dead, who sends a messenger to fetch a learned Brahmana named Sarmin, but the messenger brings the wrong man, a Brahmana who wants to finish his life in peace. Yama sends him back and instructs him to give sesame, water and resting places, and to light lamps; Sarmin does so. The chapter goes on to praise lamps, gems, robes and a son as the greatest acquisition."
B13C069,B13,Anushasana Parva,69,69,LXIX,11494,11580,4,891,"Yudhishthira asks again about gifts, especially the gift of earth, and which objects any class may give to earn merit. Bhishma names three gifts of equal worth, kine, earth and knowledge, and says that cows are the mothers of all creatures and must be treated with care. He then explains which cows and which recipients are fit, and warns that a cow should not go to the unrighteous, and that taking a Brahmana's property is as grave as the merit of a cow-gift is great."
B13C070,B13,Anushasana Parva,70,70,LXX,11582,11673,1,1097,"Bhishma tells the story of king Nriga, who was cursed for taking a cow that had been given to a Brahmana by mistake. Yadava youths find a huge lizard stuck in a well and ask Krishna for help, and the lizard reveals itself as the soul of Nriga. Nriga explains that he gave away a cow that another Brahmana had lost, and that when he offered a hundred thousand cows in exchange, both Brahmanas refused. Yama then punishes him for breaking his oath and taking a Brahmana's property, and Krishna frees him to heaven. Vasudeva's verse on not taking a Brahmana's property closes the tale."
B13C071,B13,Anushasana Parva,71,71,LXXI,11675,11904,3,2786,"Yudhishthira asks for more on the merit of giving cows, and Bhishma tells the story of the sage Uddalaki and his son Nachiketa. When Nachiketa cannot find the firewood and ritual items that the current has carried off, his father curses him to meet Yama, and the boy dies; the father's grief brings him back to life. Nachiketa then tells how Yama showed him the heavenly regions of cow-givers, with rivers of milk and ghee, and taught the rules for giving cows, including substitute cows made of ghee, sesame or water when real cows are not available."
B13C072,B13,Anushasana Parva,72,72,LXXII,11906,11953,3,454,"Yudhishthira asks about the regions reserved for those who give cows, having heard of Nriga and Nachiketa. Bhishma introduces a dialogue between Brahma and Indra. Indra is puzzled that the residents of the cow-givers' regions outshine the gods of heaven, and asks what those regions are like, how long their rewards last, and how gifts of many cows compare with gifts of a few. The chapter ends with Indra's questions still open."
B13C073,B13,Anushasana Parva,73,73,LXXIII,11955,12150,1,2393,"Brahma answers Indra's questions about the regions reserved for cow-givers, describing a realm where time, decay and disease do not reach and where cows roam freely. He lists the virtues needed to reach it, such as forgiveness, obedience to teachers, truthfulness and compassion for kine, and the sins that bar the way. He then sets out the merit of giving cows according to the giver's class and the means of acquiring them, and the rules for choosing recipients and performing the gift."
B13C074,B13,Anushasana Parva,74,74,LXXIV,12152,12203,3,502,"Indra asks what becomes of a man who knowingly steals a cow or sells one for profit. Brahma answers that anyone who kills, eats or sells cows, or lets others slaughter them for gain, will rot in hell for as many years as the cow has hairs, and that a stolen cow given away still brings sin. He adds that gold is the best Dakshina for a cow-gift. Bhishma says this teaching came down from Brahma through Indra, Dasaratha, Rama, Lakshmana and the sages to his own teacher, and he urges Yudhishthira to recite it."
B13C075,B13,Anushasana Parva,75,75,LXXV,12205,12332,2,1449,"Yudhishthira asks what rewards come from vows, study, gifts, the refusal of gifts, teaching, valour in battle, purity, celibacy, service to parents and teachers, and compassion. Bhishma answers that self-restraint is worth more than giving, since a giver may act in anger but a restrained man does not. He describes the honours of teachers, the Vedic students, heroes of many kinds, and the truthful, and he says truth outweighs a thousand horse-sacrifices. He ends with the merits of lifelong celibacy and of serving parents and elders, which keep a man from hell."
B13C076,B13,Anushasana Parva,76,76,LXXVI,12334,12480,3,1665,"Yudhishthira asks Bhishma for the exact ritual of giving cows. Bhishma says a lawfully acquired cow given away rescues the giver's whole family and recounts how king Mandhatri asked Vrihaspati for the rite: honour Brahmanas the day before, give cows of the Rohini class, spend the night in the cow-pen with mantras, and give the proper substitutes when a cow is not available. He lists kings who won heaven by following the rite and urges Yudhishthira to do the same. The chapter closes by noting that Yudhishthira obeyed, took up a cow-based diet and simple life, and stopped yoking cattle to his chariots."
B13C077,B13,Anushasana Parva,77,77,LXXVII,12482,12626,7,1458,"Yudhishthira asks Bhishma once more about giving cows, and Bhishma lays down rules on which cows to give: healthy, young, gentle and fragrant ones, with calves, and never sick, dry or unwilling animals. Yudhishthira asks why the tawny Kapila cow is so praised, and Bhishma tells how Daksha made the cow Surabhi from his breath and how her daughters were born from nectar. The story goes on to Mahadeva's angered glance, Daksha's blessing that the milk stays pure, and Mahadeva's becoming lord of cattle, which is why he bears a bull on his standard. Yudhishthira then gives many cows and bulls to Brahmanas."
B13C078,B13,Anushasana Parva,78,78,LXXVIII,12628,12718,4,927,"Bhishma tells how king Saudasa of Ikshvaku's line asks his priest Vasishtha which sacred thing, if recited, brings great merit. Vasishtha answers by praising cows as the refuge of all creatures, the source of sacrifice, offerings and prosperity, and says that gifts of cows bring merit in proportion to the giver's devotion. He lists the everyday rules for honouring cows, such as not eating their flesh, never soiling their dung, and saying their names each morning and night, and he ends with the verse-like formula for a safe refuge in cows."
B13C079,B13,Anushasana Parva,79,79,LXXIX,12720,12800,1,997,"Vasishtha tells Saudasa how the cows, after a hundred thousand years of penance, asked Brahma for the boon that they would be the finest of gifts and that their dung would purify people; Brahma granted it, and cows became the refuge of the world. He then lists the heavenly regions won by giving cows of different colours, calves, and bulls to particular deities, from Brahma and Surya down to Prajapati. The giver of cows rises to heaven, is attended by celestial women, and returns to earth in a noble family."
B13C080,B13,Anushasana Parva,80,80,LXXX,12802,12858,2,608,"Vasishtha gives a mantra that calls cows the source of ghee and milk and asks that they always stay near him, to be recited morning and evening to cleanse daily sins. He describes the heaven reached by those who give a thousand cows, with rivers of milk, curds and cheese. He calls cows the refuge of the universe and says a Kapila cow given with its calf and a brass milking vessel lets the giver pass safely into Yama's realm. Saudasa then gives many cows to Brahmanas and gains many heavens."
B13C081,B13,Anushasana Parva,81,81,LXXXI,12860,13007,4,1620,"Yudhishthira asks which is the most sacred thing, and Bhishma says cows, which uphold all creatures and rescue their givers. Bhishma tells how the sage Suka asked his father Vyasa which sacrifice and act is greatest. Vyasa explains that cows were once hornless until they worshipped Brahma, who gave them horns and their desires; he describes the rich land of the cow-givers, and gives mantras, purification by cow products, and the rewards of cow worship. Suka is then said to have worshipped cows every day."
B13C082,B13,Anushasana Parva,82,82,LXXXII,13009,13119,12,843,"Yudhishthira asks why cow dung is said to hold Sree, the goddess of fortune. Bhishma tells how Sree came into a herd of cows, dazzled them with her beauty, and asked to dwell in them. The cows first refuse her because she is fickle, then, when she pleads, they grant her a place in their urine and dung. Sree agrees and vanishes, which explains why cow dung is sacred and holds prosperity. Bhishma says he will continue on the glory of cows."
B13C083,B13,Anushasana Parva,83,83,LXXXIII,13121,13249,2,1448,"Bhishma says that those who give cows and eat the remnants of the sacred offerings are always counted as sacrificers, since no sacrifice works without ghee. He tells how the gods and sages gathered before Brahma after the Daityas were defeated, and Indra asked why the realm of cows lies above the realm of the gods. Brahma explains that cows are the limbs of sacrifice, sustain creatures, and serve with patience, and that the goddess Surabhi won an eternal realm called Goloka through her austerities. Indra then worships cows every day, and Bhishma says anyone devoted to cows gains his wishes."
B13C084,B13,Anushasana Parva,84,84,LXXXIV,13251,13477,4,2636,"Yudhishthira asks Bhishma why gold is the best of all sacrificial gifts and where it came from. Bhishma explains that after his father's rites a hand rose from the ground, which led him to a dream in which his ancestors urged him to give gold. He then retells how Parashurama, seeking a deeper purification, was taught by the sages and Vasishtha that gold, born from Agni, is the highest cleanser and carries all the gods. The chapter closes with a myth of Rudra's seed, which grew into a fiery power and set the stage for the Asura Taraka's attacks on the gods."
B13C085,B13,Anushasana Parva,85,85,LXXXV,13479,13977,13,5671,"The gods cannot kill the Asura Taraka, who is protected by Brahma's boon, and Uma's curse keeps them from having children. Brahma sends them to find Agni, who must father a son; Agni hides in water and trees, cursing frogs, elephants and parrots on the way, and then impregnates the river Ganga. The golden seed becomes Kartikeya, who later slays Taraka, and gold is thereby established as Agni's offspring and the best gift. Vasishtha's long account of the cosmic sacrifice of Rudra, and the dispute over its offspring, ends with a lesson on the merit of giving gold at different times of day."
B13C086,B13,Anushasana Parva,86,86,LXXXVI,13979,14075,2,1090,"Yudhishthira asks how Taraka was finally destroyed, since the gods could not slay him. Bhishma tells how the six Krittikas bore Agni's divided seed, how the child was reared in a reed forest as Kartikeya, and how the gods gave him gifts and made him their commander. Once grown, the youth killed Taraka, and the chapter closes by urging gifts of gold again."
B13C087,B13,Anushasana Parva,87,87,LXXXVII,14077,14141,3,638,"Yudhishthira asks Bhishma to set out the rules for the Sraddha, the rites for dead ancestors, as he did for the four orders. Bhishma says the Pitris must be honored first and sets out which lunar days bring which benefits. He adds that the dark fortnight and the afternoon are the better times for the rite."
B13C088,B13,Anushasana Parva,88,88,LXXXVIII,14143,14194,2,511,"Yudhishthira asks which offerings to the Pitris last forever. Bhishma lists the foods and how long each keeps the ancestors satisfied, from sesame and fish up to several kinds of meat, and names some offerings that never run out. He closes with verses on the Magha constellation and the merit of sending a son to Gaya, and of offering water on death anniversaries."
B13C089,B13,Anushasana Parva,89,89,LXXXIX,14196,14244,1,482,"Bhishma describes the optional Sraddhas to be performed under each lunar constellation, a teaching first given by Yama to King Sasavindu. Each constellation brings its own benefit, such as children, cattle, wealth, knowledge or a kingdom. Sasavindu followed these rules and easily ruled the whole earth."
B13C090,B13,Anushasana Parva,90,90,XC,14246,14458,4,2376,"Yudhishthira asks which Brahmanas should receive the offerings made at Sraddhas. Bhishma says they must be examined before being invited, lists the kinds who pollute the family line and should be excluded, and then names the learned and disciplined who sanctify it. He warns that feeding unworthy people, or using the rite to entertain friends, brings no merit and can even harm the ancestors."
B13C091,B13,Anushasana Parva,91,91,XCI,14460,14582,2,1346,"Yudhishthira asks who first established the Sraddha, what its essence is, and which foods and grains must be kept out of it. Bhishma traces the rite to the sage Nimi, who held an offering for his dead son, and tells how Atri confirmed that Brahma himself had ordained it. Atri then names the deities to be honored, lists foods and grains that must not be offered, and bars outcastes from the place of the rite."
B13C092,B13,Anushasana Parva,92,92,XCII,14584,14657,3,759,"After Nimi's rite, the sages began holding Sraddhas, but the offerings became so heavy that the Pitris and gods fell ill with indigestion. They went first to Soma and then to Brahma, who pointed them to Agni, and Agni agreed to share the offerings with them. That is why a share of each Sraddha is first given to fire, and Bhishma ends by setting out the order of offerings and the Pitris to be honored."
B13C093,B13,Anushasana Parva,93,93,XCIII,14659,15346,79,5058,"Yudhishthira asks whether vowed Brahmanas may eat Sraddha offerings and what separates a giver from a receiver of gifts. Bhishma answers with the tale of starving sages who refused King Vrishadarbhi's gold-filled figs, and the king's Rakshasi Yatudhani, who was sent to kill them. A stranger, Sunahsakha, destroyed her, tested the sages with a missing lotus-stalk, and then revealed himself as Indra, rewarding them for resisting greed."
B13C094,B13,Anushasana Parva,94,94,XCIV,15348,15624,32,2035,"Bhishma tells of a group of sages touring the holy waters, when Agastya finds that the lotus-stalks he gathered have been stolen. Agastya laments that righteousness is failing and says he would rather leave the world, and the sages swear their innocence with a long series of curses on the thief. Indra then confesses that he took the stalks only to hear the sages discuss duty, and he blesses the thief instead, so Agastya takes his stalks back. The chapter closes by promising merit to anyone who recites the tale."
B13C095,B13,Anushasana Parva,95,95,XCV,15626,15707,5,771,"Yudhishthira asks who began the custom of giving umbrellas and sandals at religious rites, and why. Bhishma tells how the sage Jamadagni, angry that the noon sun had delayed his wife Renuka, vowed to pierce the sun, and Surya came to him disguised as a Brahmana to argue that the sun sustains all life. The story is set up as the origin of the custom."
B13C096,B13,Anushasana Parva,96,96,XCVI,15709,15783,8,556,"Jamadagni refuses Surya's plea and insists on shooting the sun at midday, but Surya begs for protection. Jamadagni agrees to shield him and asks for a remedy against the heat, and Surya gives him an umbrella and sandals, which he declares an inflexible custom for rites. Bhishma closes by praising these gifts as meritorious in the three worlds and urges Yudhishthira to give them to Brahmanas."
B13C097,B13,Anushasana Parva,97,97,XCVII,15785,15861,5,687,"Yudhishthira asks Bhishma for the duties of the householder and the way to prosperity. Bhishma recounts how Vasudeva asked the goddess Earth the same question. She lists the worship of Rishis, deities, Pitris and men, the daily fire rites and offerings, hospitality to guests, and food for dogs and outcasts, and says following these duties brings fame and heaven."
B13C098,B13,Anushasana Parva,98,98,XCVIII,15863,16065,5,2196,"Yudhishthira asks about the gift of light, and Bhishma recounts how Manu explained to the ascetic Suvarna why flowers and incense are offered to the deities. Sukra, teaching the Asura Vali, classifies the herbs and flowers, names the incenses each kind of being prefers, and explains that lamps give energy and are best made of ghee. The discourse ends with the Vali offerings to deities and household gods, and the teaching is handed down to Narada and then to Bhishma."
B13C099,B13,Anushasana Parva,99,99,XCIX,16067,16159,4,924,"Yudhishthira asks why householders place their Vali offerings on the ground, and Bhishma tells how Nahusha, having won the sovereignty of heaven through merit, grew proud and made the Rishis carry his palanquin. Bhrigu comes to Agastya to complain, and Agastya explains that Brahma's boon shields Nahusha from being cursed by the Rishis. Bhrigu resolves to pull Nahusha down himself."
B13C100,B13,Anushasana Parva,100,100,C,16161,16278,3,1270,"Yudhishthira asks how Nahusha fell from the sovereignty of the gods. Bhishma recounts how Nahusha, while pious, performed his rites, but later grew arrogant and yoked Agastya to his car. When Nahusha kicked Agastya's head, Bhrigu, who had hidden in the sage's matted hair, cursed him to become a snake, and Bhrigu then promised that Yudhishthira would one day free him. Indra was restored to heaven, and the chapter closes by urging householders to give lamps at evening."
B13C101,B13,Anushasana Parva,101,101,CI,16280,16388,8,1031,"Yudhishthira asks where those who steal or misappropriate Brahmanas' property end up. Bhishma tells of a Chandala, once a learned Brahmana, who was outcast after eating food sprinkled with milk from stolen kine, and who explains that the thieving king and everyone who drank the milk or the Soma fell into hell. A Kshatriya tells him that only giving up his life in battle to protect a Brahmana's wealth will free him, and the Chandala does so and wins a good end. Bhishma concludes that Brahmanas' property must always be guarded."
B13C102,B13,Anushasana Parva,102,102,CII,16390,16770,44,2753,"Yudhishthira asks whether all pious men reach the same region. Bhishma tells of the sage Gautama, who raised an orphan elephant that the king Dhritarashtra, really Indra in disguise, seizes. Gautama refuses the king's gifts and follows him through each heaven the king names, until Indra reveals himself and returns the elephant. The tale ends with the promise that reciting it leads to Brahma's region."
B13C103,B13,Anushasana Parva,103,103,CIII,16772,16929,4,1764,"Yudhishthira asks which penance is the highest. Bhishma says fasting is the highest, and tells how King Bhagiratha reached Brahma's realm: not through his vast gifts and sacrifices, which he lists at length, but through the fast revealed by Usanas. Bhishma then urges Yudhishthira to keep the fast and to honor Brahmanas with gifts."
B13C104,B13,Anushasana Parva,104,104,CIV,16931,17386,2,5617,"Yudhishthira asks what makes people live long and gain fame and wealth, and whether it is penance, celibacy, recitation, medicine, deeds or speech. Bhishma answers that conduct decides all of these, and then gives a long run of daily rules. They cover rising early, prayers, cleanliness, eating, speech, sleep, sexual conduct, marriage, respect for elders and avoiding harm to others. The chapter ends by stating that conduct brings long life, fame and heaven."
B13C105,B13,Anushasana Parva,105,105,CV,17388,17457,2,742,"Yudhishthira asks how the eldest brother should treat his younger brothers, and how they should treat him. Bhishma says the eldest should guide them as a good teacher guides pupils, correcting faults gently and keeping the family united. He adds that the teacher, father and mother rank in increasing reverence, and that after the father's death the eldest brother stands in his place."
B13C106,B13,Anushasana Parva,106,106,CVI,17459,17652,4,2245,"Yudhishthira asks why people of every class observe fasts, and what merit and heaven the fasts bring. Bhishma repeats the teaching that Angiras gave him: Brahmanas and Kshatriyas may fast up to three nights, Vaisyas and Sudras only one, and monthly fasts bring wealth, long life and progeny. Long fasts are said to earn the merit of great sacrifices and heaven, and Angiras declares that no penance surpasses fasting, which is how the sages Viswamitra, Vasishtha and others reached heaven."
B13C107,B13,Anushasana Parva,107,107,CVII,17654,18025,3,4452,"Yudhishthira points out that sacrifices need wealth, so poor people cannot earn their merit, and asks for a substitute. Bhishma answers that the fasts taught by Angiras yield the same fruit as sacrifices, and then sets out a long sequence of fasts, each matched to a sacrifice and a heavenly reward. He concludes that even a poor man can reach the highest end through fasting and worship."
B13C108,B13,Anushasana Parva,108,108,CVIII,18027,18112,3,788,"Yudhishthira asks which sacred bathing place brings the greatest purity. Bhishma says the best is the inner Tirtha called Manasa, whose waters are truth and whose lake is understanding, and that its cleansing fruits are freedom from greed, truth, compassion and self-restraint. He adds that outer sacred places also cleanse, and that purity from both sources is the most complete."
B13C109,B13,Anushasana Parva,109,109,CIX,18114,18174,2,656,"Yudhishthira asks which fasts bring the highest and surest fruit. Bhishma gives a yearly cycle of twelfth-day fasts, each paired with worship of Krishna under a different name and the merit of a particular sacrifice. The cycle is said to culminate in the merit of all sacrifices, and the vow closes with gifts to Brahmanas, a practice that Vishnu himself declared to be unsurpassed."
B13C110,B13,Anushasana Parva,110,110,CX,18176,18213,3,300,"Vaisampayana introduces Yudhishthira, who approaches Bhishma lying on his bed of arrows and asks how to gain beauty, prosperity, merit, wealth and happiness. Bhishma names the Chandravrata vow, which begins in Margasirsha when the moon stands in a set sequence of constellations matched to the parts of the body. It ends with gifts of ghee to Vedic Brahmanas and brings knowledge and fullness like the full moon."
B13C111,B13,Anushasana Parva,111,111,CXI,18215,18582,13,4197,"Yudhishthira asks Vrihaspati what truly follows a person after death, and Vrihaspati answers that no relative goes along, only righteousness does, so one should earn wealth lawfully and live by piety. He then explains how the elements witness each deed, how the vital seed forms and how the soul enters a new body. The chapter closes with a long list of animal rebirths that follow particular sins, such as theft, betrayal, injury to teachers and parents, and adultery, and urges Yudhishthira to hold to righteousness."
B13C112,B13,Anushasana Parva,112,112,CXII,18584,18662,2,859,"Yudhishthira asks what good end awaits those who have sinned. Vrihaspati answers that repentance and open confession before learned Brahmanas wash away sin, and that gifts of lawfully earned food are the greatest merit. Food is called the life of all beings, and giving it to deserving Brahmanas, according to one's own class and means, is said to free a person from hell."
B13C113,B13,Anushasana Parva,113,113,CXIII,18664,18708,3,365,"Yudhishthira asks which of six practices, from non-injury and Vedic rites to service of teachers, brings the most merit. Vrihaspati says all six are doors to piety, but the highest good comes from universal compassion and treating all creatures as oneself, never doing to others what one would not wish done to oneself. Vaisampayana then tells that Vrihaspati rose into heaven before their eyes."
B13C114,B13,Anushasana Parva,114,114,CXIV,18710,18765,3,522,"Vaisampayana says Yudhishthira asks Bhishma, lying on his bed of arrows, how a person who has harmed others in word, thought and deed can cleanse himself of misery. Bhishma says compassion has four parts that must all be kept, and that injury arises from action, word and thought. He argues against eating meat, since its taste enslaves the mind, and recalls righteous men who gave their own flesh to save others."
B13C115,B13,Anushasana Parva,115,115,CXV,18767,18986,2,2581,"Yudhishthira asks how meat offerings at Sraddhas fit with the rule against harm, and what merit or sin attaches to killing, buying and eating meat. Bhishma says abstaining from meat brings long life, strength and the goodwill of all creatures, and that the sin is shared by all who kill, buy, cook, approve or eat. He allows only meat sanctified by mantras in the Pitri rites, and closes by listing kings who abstained in Karttika and the merit of hearing this teaching."
B13C116,B13,Anushasana Parva,116,116,CXVI,18988,19102,2,1307,"Yudhishthira is dismayed that people crave meat above every other food, and asks what merit comes from abstaining and what is edible. Bhishma admits that meat is tasty and strengthening, but says abstaining brings great merit, that flesh is for sacrifice, and that the slayer is in turn slain. He ends by naming abstention from cruelty as the highest religion, gift, penance and truth."
B13C117,B13,Anushasana Parva,117,117,CXVII,19104,19199,6,945,"Yudhishthira asks what fate awaits those who die in battle, whether they wish to die or live. Bhishma tells of Vyasa, who came upon a worm fleeing a passing cart, and asked why it was so afraid. The worm replies that every creature clings to life, and reveals that it was once a cruel Sudra usurer whose memory survives through a single act of honoring a Brahmana guest."
B13C118,B13,Anushasana Parva,118,118,CXVIII,19201,19282,3,856,"Vyasa tells the worm that its memory survives because of one good deed and that it may rise again through merit. The worm stays on the road, is crushed by the cart, and after many animal births is reborn a Kshatriya through Vyasa's grace. Vyasa reminds him of his past sin and says that dying bravely in battle for kine or Brahmanas will lift him, step by step, toward the status of a Brahmana."
B13C119,B13,Anushasana Parva,119,119,CXIX,19284,19349,6,492,"The reborn Kshatriya, recalling his earlier births, undertakes severe austerities, and Vyasa tells him that protecting all creatures is the penance of his order. He rules his subjects righteously, becomes a Brahmana, and Vyasa consoles him that only the loss of righteousness, not death, is to be feared. The former worm then reaches Brahma's realm, and Bhishma says the Kshatriyas who fell at Kurukshetra also attained a good end, so Yudhishthira should not mourn them."
B13C120,B13,Anushasana Parva,120,120,CXX,19351,19435,3,865,"Yudhishthira asks which is superior, knowledge, penance or gifts. Bhishma tells how Vyasa, travelling in disguise, was fed by the sage Maitreya at Varanasi and laughed in delight, and Maitreya asked why. Vyasa explains that gifts surpass ablutions and sacrifices, names non-injury, truth and giving as the three best vows, and urges Yudhishthira to give freely and rejoice."
B13C121,B13,Anushasana Parva,121,121,CXXI,19437,19501,4,628,"Maitreya, a learned sage of a wealthy line, replies to Vyasa's teaching on gifts. He praises Vyasa's purity, and argues that learned, pure-born Brahmanas are the field in which gifts bear fruit. A gift to an unworthy receiver ruins both giver and taker, while the merit of a gift to a worthy one is shared equally."
B13C122,B13,Anushasana Parva,122,122,CXXII,19503,19561,1,637,"Vyasa replies that penance is greater than gifts, since it destroys sins and wins the Vedas and heaven, though gifts and learning are also praised. He advises Maitreya on the duties of a householder, including contentment between husband and wife. He then blesses Maitreya and departs, and Maitreya returns the blessing."
B13C123,B13,Anushasana Parva,123,123,CXXIII,19563,19625,3,620,"Yudhishthira asks how good and faithful women behave. Bhishma tells of the heavenly woman Sumana, who asks Sandili how she reached heaven, and Sandili answers that she did not win it through outward signs, but through devoted service to husband, in-laws, guests and gods, with careful and discreet household conduct. Bhishma adds that reading this tale at full and new moons leads to heaven."
B13C124,B13,Anushasana Parva,124,124,CXXIV,19627,19745,3,1325,"Yudhishthira asks whether conciliation or gifts is more effective. Bhishma tells how a Brahmana seized by a Rakshasa stayed calm and used conciliation, asking why the Rakshasa was so pale and lean. The Brahmana then flattered him with a long list of reasons, each a kindly account of his troubles, and the pleased Rakshasa made him a friend, gave him wealth and let him go."
B13C125,B13,Anushasana Parva,125,125,CXXV,19747,20021,11,2925,"Yudhishthira asks how a poor man should act, and which gift is best and when. Bhishma prefaces his answer with the mysteries of duty taught by Vyasa, then recounts a heavenly messenger's question to the Pitris about the three rice-balls of the Sraddha and the ban on sexual relations on Sraddha days. The chapter continues with rites of purification, the sins against the sun, wind, fire and cows, and gifts such as blue bulls, sesame and lamps that free a man from his debt to his ancestors."
B13C126,B13,Anushasana Parva,126,126,CXXVI,20023,20199,12,1627,"Indra asks Vishnu what acts please him, and Vishnu says that honoring Brahmanas, hospitality, and worship of the Aswattha tree and the cow are his favored worship. Baladeva, the deities, Dharma, Agni and Viswamitra then give rules on sacred vessels, the unfit recipients of Sraddha offerings, the sin of kicking cows, fire or Brahmanas, and a prayer to the cow. The chapter closes with Brahma's answer to the seven Rishis: drinking moonlight after a bath on the Pausha full moon under Rohini earns the merit of great sacrifices, for those who lack wealth."
B13C127,B13,Anushasana Parva,127,127,CXXVII,20201,20285,6,765,"A run of short teachings, each given by a different sage or deity, on ritual conduct: offerings on lunar days, household objects and habits that drive away the gods and ancestors, and rules of hospitality. The last teaching, from Jamadagni, says a pure heart counts for more than costly sacrifice. The section treats ritual merit as depending on both correct practice and inner purity."
B13C128,B13,Anushasana Parva,128,128,CXXVIII,20287,20323,1,373,"Vayu gives duties for the four rainy months and for ancestral rites, and names faults that bring sin, such as letting a Sudra kindle the sacred fire or letting unqualified women take part in rites. He gives an expiation of three days of fasting and fire offerings made with a mixture of cow's urine, dung, milk and ghee. He ends by saying that those who avoid these faults or expiate them reach heaven."
B13C129,B13,Anushasana Parva,129,129,CXXIX,20325,20371,1,512,"Lomasa warns that men who seek other men's wives, have intercourse with barren women, or take what belongs to a Brahmana are cut off by their ancestors, and their offerings fail. He then praises gifts of ghee, Akshata, sesame-filled vessels, water, lamps and Krisara food on lunar days. He says these gifts earn great merit from the gods and ancestors, and that gifts of cows, land or an Agnishtoma sacrifice count as equal merit."
B13C130,B13,Anushasana Parva,130,130,CXXX,20373,20499,4,1423,"The sages ask Arundhati, wife of Vasishtha, to reveal a high mystery of duty. She says it should be taught only to faithful or pure-hearted listeners, and describes washing a cow's horns and letting the water fall on one's head as bathing in all sacred waters. Brahman, Yama and Surya then speak in turn, praising gifts of water, lamps, Kapila cows, sandals and umbrellas and naming five kinds of sinners to avoid."
B13C131,B13,Anushasana Parva,131,131,CXXXI,20501,20547,2,480,"The gods, ancestors and sages ask the Pramathas, night-wandering spirits, why they harm some men and what stops them. The Pramathas list unclean acts that leave men open to attack, such as neglecting purification after intercourse, insulting elders and spitting into water. They also name protections for a home, such as sacred marks, Akshata grain, a fire that never goes out, and certain animal skins, animals or sacrificial smoke."
B13C132,B13,Anushasana Parva,132,132,CXXXII,20549,20607,3,540,"Brahman sends the naga Renuka to ask the eight elephants that hold up the world about the mysteries of duty. The elephants prescribe Vali offerings of treacle and rice at an ant-hill on the eighth day of the dark fortnight in Karttika, saying the rite gives merit and eases their burden of holding up the earth. The gods, ancestors and sages applaud Renuka."
B13C133,B13,Anushasana Parva,133,133,CXXXIII,20609,20636,1,270,"Maheswara closes this run of teachings by praising cows. He says feeding cows each day for a month while eating one meal a day brings great merit, and he notes the bull on his standard as a sign of his favour for them. Even one day's feeding of cows, he says, gives a fourth part of the merit of a person's good deeds in life, so cows should be worshipped by all."
B13C134,B13,Anushasana Parva,134,134,CXXXIV,20638,20701,3,650,"Skanda and Vishnu each teach a further duty and promise great rewards for hearing, reciting or performing it. Bhishma then says this knowledge is worth more than the whole earth. He adds that it must be withheld from the faithless, atheists, the unkind, and those who see other creatures as separate from themselves."
B13C135,B13,Anushasana Parva,135,135,CXXXV,20703,20772,4,707,"Yudhishthira asks from whom each of the four classes may accept food. Bhishma says Brahmanas may eat with Brahmanas, Kshatriyas and Vaisyas but never accept food from a Sudra, and he sets out the rules for the other classes. He names sources that defile, such as physicians, harlots and mechanics, and lists givers whose food must be refused, including killers of cows or Brahmanas and drunkards."
B13C136,B13,Anushasana Parva,136,136,CXXXVI,20774,20842,2,735,"Yudhishthira asks what expiation a Brahmana must make after accepting various foods and gifts, especially those used for the gods and ancestors. Bhishma gives a long list of purification rites, each tied to the kind of food or gift and the setting, such as funerals, eclipses and a dead person's house. He ends by saying that eating food partly eaten by another class is cleansed by smearing the body with auspicious substances."
B13C137,B13,Anushasana Parva,137,137,CXXXVII,20844,20917,2,763,"Yudhishthira asks whether charity or devotion is the greater merit. Bhishma answers with a list of kings and sages who reached heaven through their gifts, teaching or penance, such as Sivi, Pratardana and Rantideva. He says their fame will last and that he will answer further doubts in the morning, as night has come."
B13C138,B13,Anushasana Parva,138,138,CXXXVIII,20919,20960,2,421,"Yudhishthira asks how many kinds of gift there are, what each brings, and to whom each should be given. Bhishma answers that gifts are made for five motives: a wish for merit, a wish for profit, fear, free choice, and pity. He gives an example for each and says gifts raise the giver's merit and fame, and that Brahman advised giving according to one's power."
B13C139,B13,Anushasana Parva,139,139,CXXXIX,20962,21114,6,1610,"Yudhishthira asks Bhishma to teach on religion and profit, and Bhishma agrees to tell of Vishnu's power and a doubt that troubled Rudra and his spouse. He describes how Krishna, during a long vow, received sages at his hermitage, where fire from his mouth burned a mountain and then was called back and the mountain restored. When the sages ask about it, Krishna says the fire is his own energy and asks them to tell him something wonderful, and they choose Narada to recount a story."
B13C140,B13,Anushasana Parva,140,140,CXL,21116,21279,6,1663,"Narada tells of Shiva (Mahadeva) resting on the Himavat mountains, surrounded by gods, ghostly beings and sages. Uma playfully covers his eyes, plunging the world into darkness, and a third eye then opens on his forehead and burns the mountain until Shiva restores it at her plea. Uma asks why he has the third eye, why he burned and restored the mountain, and why his faces, hair and throat look as they do. Shiva agrees to explain."
B13C141,B13,Anushasana Parva,141,141,CXLI,21281,21705,17,4288,"Uma asks Shiva about his four faces, his blue throat, his bull mount and his fondness for the crematorium, and he answers with stories of Tilottama, Indra and Surabhi's kine. She then asks what marks true religion, and Shiva lays out the duties of householders and of each class: Brahmanas, Kshatriyas, Vaisyas and Sudras. He goes on to describe the householder's path (Pravritti), the path of renunciation (Nivritti) and the kinds of wandering mendicants, and the chapter closes with a survey of ascetic groups such as the Phenapas and Valkhilyas."
B13C142,B13,Anushasana Parva,142,142,CXLII,21707,21911,6,2200,"Uma asks Shiva what duties forest recluses follow and what rewards different austerities bring. Shiva describes the daily rites, plain diet, hard postures and bodily hardships of these recluses, and says the married and unmarried kinds differ in their rules but share virtues such as harmlessness and sincerity. He then lists the heavenly and royal rewards for various fasts, vows and deaths, including dying in the manner of heroes."
B13C143,B13,Anushasana Parva,143,143,CXLIII,21913,22104,2,2297,"Uma asks how people fall from their caste into a lower order and how lower-born men can rise to Brahmanhood. Shiva says birth gives the first order, but conduct decides whether a man keeps or loses it, so a Brahmana who neglects his duties or eats forbidden food sinks to a lower status. He lists the faults that cost a Brahmana his standing, and the good conduct by which Sudras and Vaisyas can rise, and says conduct, not birth alone, makes a Brahmana."
B13C144,B13,Anushasana Parva,144,144,CXLIV,22106,22290,8,1879,"Uma asks what deeds, words and thoughts bind men and what frees them, and what lets them reach heaven. Shiva lists righteous conduct, honest wealth, harmlessness, faithfulness to one's spouse, truthful and gentle speech, and good mental habits such as not coveting what belongs to others. Uma then asks what makes life long or short, and Shiva says cruelty brings hell and a short life, while compassion brings long life and a divine state."
B13C145,B13,Anushasana Parva,145,145,CXLV,22292,22493,8,2107,"Uma asks which dispositions and gifts lead a man to heaven. Shiva says generous giving, honouring Brahmanas and the needy, and building wells, halls and tanks win heaven and a rich human birth, while miserliness, arrogance and cruelty lead to hell and humble rebirth. Uma then asks why some people are wise and others foolish, or born blind or diseased, and Shiva ties these to the deeds of learning, lust and cruelty. The chapter closes by contrasting conduct guided by the Vedas with conduct led by folly."
B13C146,B13,Anushasana Parva,146,146,CXLVI,22495,22688,6,2122,"Mahadeva asks Uma to set out the duties of women, and she first consults the sacred rivers, led by Ganga, who praises her for asking. Uma then describes the wife's ideal: she should honour her husband as a god, serve him cheerfully, keep the household and its guests and dependants cared for, and share in his merit. The text adds that a wife should comply even with an improper command in a time of distress. The gods and rivers then depart."
B13C147,B13,Anushasana Parva,147,147,CXLVII,22690,22857,2,1978,"The Rishis ask Shiva to describe the glory of Vasudeva, and Shiva answers with a long praise of Hari. He calls Vishnu the eternal supreme being, the source of Brahma, Shiva and all creatures, and traces his coming birth through the royal lines of Manu and Yadu. He foretells that Vasudeva will defeat Jarasandha and rule from Dwaraka, and urges all to worship him. He also describes an elder brother, who carries a plough and is identified with the infinite serpent Ananta, and ends by urging the ascetics to worship Krishna."
B13C148,B13,Anushasana Parva,148,148,CXLVIII,22859,23043,4,2036,"After Shiva's discourse, the Rishis see a storm, the ghostly host vanish, and then leave, praising Krishna as Brahma. Krishna returns to Dwaraka, where Rukmini bears him a son. Bhishma then extols Krishna at length, credits him with the Pandavas' victory, and tells Yudhishthira not to grieve, since Time, which is Krishna, has slain the fallen. Yudhishthira stays silent until Bhishma rests, and then he asks a further question."
B13C149,B13,Anushasana Parva,149,149,CXLIX,23045,23990,4,11574,"Yudhishthira asks Bhishma which god is the sole refuge, which religion is foremost, and which hymn frees a living being from birth and death. Bhishma answers that Vasudeva, the Lord of the universe, is the highest refuge, and recites his thousand names, grouped in sets and explained as the god's attributes. He says that reciting the names daily brings success, protection and prosperity by caste and, in the end, liberation, and he presents the hymn as composed by Vyasa."
B13C150,B13,Anushasana Parva,150,150,CL,23992,24222,2,2709,"Yudhishthira asks Bhishma for a silent recitation that brings daily merit and success at journeys, new buildings and sacrifices. Bhishma gives the Savitri mantra, said to have been taught by Vyasa and recited by royal sages. He says it should be used with the names of Vishnu, the Rudras, Adityas, Vasus, Aswins, Rishis and the guardians of the quarters, and promises protection from fire, theft, disease and enemies. The chapter ends with Bhishma offering to answer further questions."
B13C151,B13,Anushasana Parva,151,151,CLI,24224,24302,2,850,"Yudhishthira asks whom people should worship and how they should treat others. Bhishma says Brahmanas deserve honour, since humiliating them humiliates the gods, and he describes their virtues and their role in upholding the world. He says a learned Brahmana is worthier still, but even an unlearned one is a god, just as fire and ghee stay sacred wherever they are, so a Brahmana of wicked conduct still deserves honour."
B13C152,B13,Anushasana Parva,152,152,CLII,24304,24390,4,873,"Yudhishthira asks what reward comes from honouring Brahmanas, and Bhishma tells of an old quarrel between the king Arjuna, also called Kartavirya, and the wind god. Kartavirya wins boons from the sage Dattatreya, then grows proud and scorns Brahmanas. The wind god warns him that the Brahmanas can cast him down, and the king asks what a Brahmana is like. The chapter ends with his question."
B13C153,B13,Anushasana Parva,153,153,CLIII,24392,24451,1,653,"The wind god goes on answering Arjuna's boast that Kshatriyas outrank Brahmanas. He lists the power of Brahmanas: Kasyapa paralysed the Earth, Angiras drank the waters, Gautama cursed Indra, the Brahmanas cursed the ocean and Agni, and Kapila reduced Sagara's sons to ashes. He then argues that Arjuna should honour Brahmanas and reflects on the creation of Brahman, saying Brahman was not born from an egg, and Arjuna remains silent."
B13C154,B13,Anushasana Parva,154,154,CLIV,24453,24539,1,1014,"The wind god tells how the king of Anga wished to give the whole earth to the Brahmanas, and how Kasyapa entered and saved the earth. He then tells of Utathya, whose wife was carried off by Varuna, the lord of waters. Angiras dried up the waters, Utathya made the land barren until Varuna returned the wife, and the wind god asks whether any Kshatriya is greater than Utathya."
B13C155,B13,Anushasana Parva,155,155,CLV,24541,24620,2,855,"Bhishma reports that the wind god told Arjuna of two Brahmanas whose powers exceeded any Kshatriya's. Agastya burned the Danavas who had seized the sacrifices, but refused to destroy the Asuras hidden underground, because that would cost him penance. Vasishtha burned the Khalins who had attacked the gods, and brought the Ganga to the spot to protect them. Each time the wind god asks Arjuna whether any Kshatriya can surpass these Brahmanas."
B13C156,B13,Anushasana Parva,156,156,CLVI,24622,24738,8,1062,"The wind god offers two more tales of Brahmanas. Atri takes the forms of the sun and moon to dispel darkness caused by Rahu and to defeat the Asuras who attacked the gods. Chyavana then makes Indra accept the Aswins as Soma drinkers, creating the terrible Mada to threaten him when Indra refuses, and sends Mada to dwell in dice, hunting, drink and women. The wind god again asks whether Arjuna can name a Kshatriya higher than Chyavana."
B13C157,B13,Anushasana Parva,157,157,CLVII,24740,24842,6,959,"The wind god tells how Chyavana took the earth from the gods and the Kapas took heaven, so the gods sought Brahman's help. Brahman sent them to the Brahmanas, who burned the Kapas with sacred fires after refusing a messenger's plea, and Narada told the gods that the Brahmanas had won. Arjuna thanks the wind god and credits Dattatreya for his might, and the wind god urges him to protect the Brahmanas and warns of future danger from the race of Bhrigu."
B13C158,B13,Anushasana Parva,158,158,CLVIII,24844,25030,2,2270,"Yudhishthira asks Bhishma what reward comes from honouring Brahmanas. Bhishma says he is nearing death and that Krishna should answer, and he then praises Krishna at length. He describes Krishna as the source of the earth, the sky and the gods, who takes birth in each age to uphold righteousness and who lifted Govardhana and raised the earth as a boar. He calls Krishna the one called Vishwaksena, in whom the seasons, Vedas, elements and the four forms of Vasudeva are all contained."
B13C159,B13,Anushasana Parva,159,159,CLIX,25032,25193,3,1777,"Yudhishthira asks Krishna what prosperity comes from honouring Brahmanas, and Krishna recounts how his son Pradyumna once put the same question to him. Krishna tells how the sage Durvasa stayed in his house, wrecked his goods, humiliated Rukmini, and then blessed the couple and restored everything he had broken. Krishna concludes that his own prosperity comes from the grace of Brahmanas, and he urges Yudhishthira to honour them daily."
B13C160,B13,Anushasana Parva,160,160,CLX,25195,25309,2,1292,"Yudhishthira asks Krishna to explain the knowledge he gained through Durvasa's grace. Krishna recites the Sata-rudriya hymn, which he says Brahman composed, and praises Mahadeva as the highest of beings. He recounts Rudra's fierce deeds, from piercing Daksha's sacrifice to burning the three cities of the Asuras, and then says Durvasa was Mahadeva himself, whose merits cannot be exhausted."
B13C161,B13,Anushasana Parva,161,161,CLXI,25311,25387,1,884,"Krishna lists the many names of Rudra and explains their meanings, drawing on his greatness, his wrath, his care for creatures and his acts. He says Rudra has a fierce form and a mild form, and that he dwells in crematoria, gives and takes away life, and is the Lord of all. Brahmanas are said to recite the Sata-rudriya in his honour."
B13C162,B13,Anushasana Parva,162,162,CLXII,25389,25628,10,2409,"Yudhishthira asks whether direct perception or scripture is the true authority. Bhishma says that claiming perception alone is authoritative is foolish, that Brahman is understood only through long study and yoga, and that Righteousness is one though seen through three supports: the Vedas, observed practice and purity of conduct. He lists the virtues of the righteous, sets out the fates of those who love or hate Righteousness, and gives a long set of rules on conduct, purity and confession of sin."
B13C163,B13,Anushasana Parva,163,163,CLXIII,25630,25691,2,653,"Yudhishthira asks why effort and luck seem to fall unevenly, so that the fortunate prosper and the learned sometimes do not. Bhishma replies that when fortune fails, one should practise austerity and generosity, which bring rewards in later lives, and that a life free from cruelty brings long life. He ends by urging Yudhishthira to be tranquil, since the fates of even insects and ants follow their acts and nature."
B13C164,B13,Anushasana Parva,164,164,CLXIV,25693,25760,1,730,"Bhishma says that Time moves creatures towards righteousness or sin, and that a righteous soul stays pure, since sin cannot overcome Righteousness, which is eternal. He explains that the four orders share the same elements but have different duties, and that heaven as a reward is temporary while Righteousness is not. He ends by saying that unequal lots among men follow from their past acts."
B13C165,B13,Anushasana Parva,165,165,CLXV,25762,25898,4,1290,"Yudhishthira asks Bhishma, lying on his bed of arrows, what brings happiness and cleanses sins. Bhishma recites a long list of gods, sages, sacred waters and mountains, Rishis of each quarter, and kings, and says that naming them morning, noon and evening cleanses a person of sin. He ends with a prayer that these lords will bring growth, long life and victory."
B13C166,B13,Anushasana Parva,166,166,CLXVI,25900,25949,2,497,"Janamejaya asks what Yudhishthira did after hearing Bhishma's teachings. Vaisampayana says that Vyasa tells Bhishma that Yudhishthira is ready to leave, and Bhishma sends him back to the city. Bhishma urges him to rule well, honour the gods and gladden his subjects, and to return when Bhishma's departure is near, at the sun's turn north."
B13C167,B13,Anushasana Parva,167,167,CLXVII,25951,26102,7,1526,"Yudhishthira rules his kingdom and, after fifty nights, returns to Bhishma with funeral materials, finding him still on the bed of arrows. Bhishma notes that the sun has begun its northward course and that Magha has come, consoles Dhritarashtra, and praises Krishna as the eternal soul. Krishna grants leave to depart, and Bhishma bids his kin farewell, urging them to seek truth and honour Brahmanas, preceptors and priests."
B13C168,B13,Anushasana Parva,168,168,CLXVIII,26104,30310,652,24180,"Chapter 168 is the translator's footnote section that follows the Anushasana Parva. Its only narrative scene, S01, closes the Parva with Bhishma's death and funeral, Ganga's lament and Krishna's consolation. The numbered footnotes that follow, running to 631, gloss Sanskrit words, identify plants and animals, correct readings, criticise earlier translations and comment on gifts, marriage, rites and duties."
B14C001,B14,Aswamedhika Parva,1,1,I,38,89,3,471,"After the great war, Yudhishthira collapses in grief on the bank of the Ganga, and his brothers gather around him. Dhritarashtra tries to comfort him, admitting that he and Gandhari have the greater cause to mourn because he ignored Vidura's warnings about Duryodhana. The chapter opens the Aswamedhika Parva by setting Yudhishthira's despair at the centre of the story."
B14C002,B14,Aswamedhika Parva,2,2,II,91,140,1,539,"Krishna urges Yudhishthira to put aside grief, honour the dead with sacrifices and gifts, and carry out his duties as a king. Yudhishthira answers that he wants to leave for the forest because he feels guilty for killing Bhishma and Karna. Vyasa rebukes him for clinging to confused sorrow and reminds him of the teachings he has already received."
B14C003,B14,Aswamedhika Parva,3,3,III,142,191,1,502,"Vyasa tells Yudhishthira that no one acts by his own power and that sins can be cleansed through sacrifice, penance and gifts. He urges him to prepare the Rajasuya and the horse sacrifice. Yudhishthira objects that the war has left him with no wealth for gifts, and that Duryodhana emptied the treasury, so Vyasa points to a hidden store of gold left by Brahmanas at Marutta's sacrifice."
B14C004,B14,Aswamedhika Parva,4,4,IV,193,257,2,640,"Yudhishthira asks Vyasa to tell him about the royal sage Marutta. Vyasa traces the royal line from Manu through Ikshvaku, Vinsa and Vivinsa to Karandhama, Avikshit and finally Marutta, who held a great sacrifice on Mount Meru. The chapter gives the family background needed to explain where Marutta's gold came from."
B14C005,B14,Aswamedhika Parva,5,5,V,259,322,3,594,"Yudhishthira asks how Marutta grew so powerful and so rich. Vyasa describes the rivalry between Vrihaspati, Indra's priest, and his brother Samvarta, and how Marutta's growing power angered Indra. Indra asks Vrihaspati to stop serving Marutta, but Vrihaspati refuses to serve a mortal king, and Indra's envy is set aside."
B14C006,B14,Aswamedhika Parva,6,6,VI,324,444,12,998,"Marutta asks Vrihaspati to serve as his priest, but Vrihaspati refuses because he serves only the gods. Marutta despairs until Narada tells him to find Samvarta, who wanders near Varanasi in the guise of a madman. Following Narada's instructions, Marutta sets a corpse at the city gate, pursues Samvarta, endures his abuse and at last wins his attention under a fig tree, which sets up Samvarta's acceptance of the sacrifice."
B14C007,B14,Aswamedhika Parva,7,7,VII,446,542,9,804,"Marutta finds Samvarta, who questions him and then, raving like a madman, refuses to perform the sacrifice until Marutta first asks Vrihaspati's permission. Marutta explains that Vrihaspati turned him away because Indra forbade it, and that he now wants Samvarta's help even at great cost. Samvarta agrees on condition that Marutta stays steadfast, so the sacrifice goes ahead with a new priest."
B14C008,B14,Aswamedhika Parva,8,8,VIII,544,608,1,597,"Samvarta sends Marutta to Mount Munjaban in the Himalayas, where Shiva dwells with Uma and his followers, and where gold mines are guarded by Kubera's attendants. Marutta is told to propitiate Shiva by his many names to obtain the gold. Marutta follows this advice and prepares a lavish sacrifice, but Vrihaspati grows sick with envy as he hears of it and Indra goes to comfort him."
B14C009,B14,Aswamedhika Parva,9,9,IX,610,812,25,1421,"Indra finds Vrihaspati pale and distressed, and Vrihaspati blames Marutta's sacrifice, with Samvarta as its priest, and asks Indra to stop it. Indra sends Agni to present Vrihaspati to Marutta, but Marutta insists on Samvarta, and Samvarta threatens to burn Agni with his eyes if he comes again. Indra orders Agni back with a threat of his thunderbolt, but Agni refuses and recalls how Chyavana once overpowered Indra, so the conflict escalates."
B14C010,B14,Aswamedhika Parva,10,10,X,814,1000,19,1447,"Indra threatens Marutta with his thunderbolt unless he accepts Vrihaspati as priest, and sends the Gandharva Dhritarashtra to carry the message. Marutta refuses, saying it would be a sin to break faith with Samvarta and that Vrihaspati should serve Indra instead. Samvarta calms the storm with incantations and summons Indra, who arrives, drinks the Soma, and is reconciled. Marutta gives away the gold, and Vyasa tells Yudhishthira that he should gather the same kind of gold for his own sacrifice."
B14C011,B14,Aswamedhika Parva,11,11,XI,1002,1054,2,509,"Vasudeva (Krishna) sees Yudhishthira crushed by grief and tells him an old story. Vritra seized the earth's smell, the waters' liquid, light's colour, air's touch and ether's sound, and finally entered Indra's own body, leaving him confused until Vasishtha comforted him and Indra slew Vritra from within. Krishna presents the tale as a warning that the real enemies lie within, which prepares the ground for his teaching on the inner struggle."
B14C012,B14,Aswamedhika Parva,12,12,XII,1056,1105,1,541,"Vasudeva (Krishna) explains that bodily and mental ailments both arise from the interplay of body and mind, and that the three qualities of the mind must stay in balance for health. He reminds Yudhishthira of past hardships, including the insult to Draupadi, the exile, and the fights with Drona and Bhishma, and says that Yudhishthira must now fight a battle alone against his own mind. The chapter moves from medicine to a call to self-discipline and to ruling well."
B14C013,B14,Aswamedhika Parva,13,13,XIII,1107,1178,1,835,"Vasudeva (Krishna) teaches that salvation comes from giving up attachment to the body's pleasures, not from merely renouncing external possessions. He sets death against the eternal Brahman and describes desire as the root of worldly attachment. He then recites the Kamagita, in which Desire itself explains that it cannot be destroyed by prayer, sacrifice, learning, truth or asceticism, since it takes many disguises. Krishna concludes that Yudhishthira should turn his desires toward virtue, perform the horse sacrifice, and stop grieving for the dead."
B14C014,B14,Aswamedhika Parva,14,14,XIV,1180,1225,1,454,"Yudhishthira is consoled by the sages, including Vyasa and Narada, and by his brothers, Draupadi and Arjuna, and his grief lifts. He performs funeral rites for Bhishma, Karna and the other fallen Kauravas, gives gifts to the Brahmanas, and asks the sages to guide him to the Himalayas for the sacrifice. The sages vanish, and Yudhishthira returns to Hastinapura with Dhritarashtra and continues to rule with his brothers."
B14C015,B14,Aswamedhika Parva,15,15,XV,1227,1317,3,952,"Janamejaya asks what Vasudeva and Arjuna did after the Pandavas regained their kingdom. Vaisampayana says the two travel happily and talk in the assembly hall at Indraprastha, and that Krishna comforts the grieving Arjuna. Krishna then says his work is done and asks Arjuna to tell Yudhishthira that he must return to Dwaravati, and Arjuna sorrowfully agrees, which marks the close of their time together."
B14C016,B14,Aswamedhika Parva,16,16,XVI,1319,1469,7,1482,"Janamejaya asks what Krishna and Arjuna discussed after the victory, and Arjuna admits he has forgotten much of Krishna's earlier teaching from the battlefield and asks to hear it again. Krishna says the teaching cannot be repeated in full and instead tells an older tale of a sage named Kasyapa, who visited an emancipated Brahmana and served him. That Brahmana recounts his many lives of sorrow and how he took refuge in the Formless, which set up the Anugita's account of liberation."
B14C017,B14,Aswamedhika Parva,17,17,XVII,1471,1591,4,1259,"Kasyapa asks the emancipated sage how the body dissolves, how the soul moves on to another body, and how it may be freed. The sage explains that harmful habits wear the body down, that heat and wind drive the vital breaths out, and that the soul leaves in pain carrying the record of its deeds. He also describes the heavens and the sufferings of hell that await the soul, which sets up the teaching on rebirth that follows."
B14C018,B14,Aswamedhika Parva,18,18,XVIII,1593,1683,1,988,"The sage explains that a soul's deeds persist through rebirths and bear fruit in each new body, and that the soul enters the womb carrying its past. He lists the conduct of the good, such as gifts, truthfulness, restraint, compassion and reverence for parents and teachers, as the basis of righteousness. He then describes Brahma creating the worlds and the primal matter Pradhana, and says that the wise who see pleasure as impermanent cross the ocean of rebirth."
B14C019,B14,Aswamedhika Parva,19,19,XIX,1685,1862,3,1993,"The sage describes the marks of a liberated person: one who is free from attachment, desire, and the pull of opposites, and who sees the soul as separate from the body. He then teaches Yoga, in which the senses are withdrawn and the soul is seen within the body, and the disciple asks about digestion and breath before leaving. Vasudeva concludes that this teaching is secret and hard to grasp, but that practising it for six months brings release."
B14C020,B14,Aswamedhika Parva,20,20,XX,1864,1938,1,822,"Vasudeva tells the story of a learned Brahmana and his wife. She asks what fate awaits her, since her husband has abandoned rites, and he answers that action cannot be wholly escaped and describes the soul's seat in the body. He explains the breaths and an inner fire with seven flames, seven fuels and seven priests, which he presents as an inner sacrifice that creates the world. The story gives a teaching on the inward sacrifice that follows."
B14C021,B14,Aswamedhika Parva,21,21,XXI,1940,2032,6,827,"The Brahmana describes an inner sacrifice with ten priests, ten libations and ten fires, in which the mind serves as the ladle. His wife asks why Word arose after Mind and how breath works in sleep, and he explains that Prana is governed by Apana and that Mind rests on Prana. He then recounts a dispute in which Word yields to Mind, and concludes that the mind is the unmoving part and speech the moving one."
B14C022,B14,Aswamedhika Parva,22,22,XXII,2034,2120,5,799,"The Brahmana describes seven inner priests, the five senses plus mind and understanding, which cannot perceive one another's qualities, since each senses only its own object. His wife asks why, and he recounts a dispute in which the Mind claims that the senses cannot work without it. The senses reply that the mind relies on them and that pleasure comes only through the objects they grasp, so the mind is not superior."
B14C023,B14,Aswamedhika Parva,23,23,XXIII,2122,2214,10,697,"The Brahmana names the five life-breaths (Prana, Apana, Udana, Samana and Vyana) as five inner priests and tells how each breath in turn claims to be the foremost, saying that its departure would end all the others. The breaths then argue until Brahma rules that none is superior, that each has its own role and sphere, and that they should live together in harmony. The story teaches that the inner powers are equal partners."
B14C024,B14,Aswamedhika Parva,24,24,XXIV,2216,2271,5,441,"Narada explains to the Rishi Devamata how a creature's life-breaths arise and come in pairs, moving across, upward and downward, from wish, sensation and the union of seed and blood. He ties the breaths to fire and to the pairs of opposites, and ends by saying that the calm breath, Vyana, reaches the eternal Brahman. The teaching presents the breaths as the first steps toward that calm."
B14C025,B14,Aswamedhika Parva,25,25,XXV,2273,2323,1,515,"The Brahmana describes a four-part inner sacrifice in which the agent, the instrument, the action and release are the four priests of the universe. He says that the breaths are the chants and rites of an inner sacrifice of Yoga, that renunciation is the fee, and that Narayana is the soul of all. The chapter widens the inner-sacrifice teaching into a full ritual picture."
B14C026,B14,Aswamedhika Parva,26,26,XXVI,2325,2376,1,558,"The Brahmana says there is one ruler, one preceptor, one kinsman, one dispeller and one enemy, and each of them lives in the heart. He tells a story in which the Lord of creatures answers the gods, snakes, sages, Asuras and Danavas with the single word Om, and each group takes a different path. He ends by describing the brahmacharin who lives in Brahman, teaching that the inner guide shapes a person's conduct."
B14C027,B14,Aswamedhika Parva,27,27,XXVII,2378,2447,3,645,"The Brahmana describes the world as a dangerous forest full of desires, grief and passions, and says that he has crossed it into a greater forest of Brahman. His wife asks what that forest is like, and he describes its sevenfold trees, fruits, guests, hermitages and streams, with intelligence as the tree and liberation as the fruit. The passage is a metaphor for the inner path toward Brahman."
B14C028,B14,Aswamedhika Parva,28,28,XXVIII,2449,2546,6,890,"The Brahmana says that he is free of desire and aversion, which belong to Nature, and offers as an illustration a debate between a Yati, an ascetic who opposes harm, and an Adhwaryu, a priest who is about to sacrifice a goat. The Yati argues that taking life is wrong and that the soul cannot be destroyed, and the Adhwaryu admits the force of the argument. The Brahmana concludes that the priest completed the sacrifice free of delusion, which shows how the wise live."
B14C029,B14,Aswamedhika Parva,29,29,XXIX,2548,2605,3,552,"The Brahmana tells of Kartaviryarjuna, the thousand-armed king, who angers the ocean by shooting arrows into it. He challenges anyone to match him, and the ocean sends him to Rama, the son of Jamadagni. Rama kills the king in battle, and then turns against the Kshatriyas over and over until a heavenly voice and his ancestors order him to stop, since a Brahmana should not slay kings."
B14C030,B14,Aswamedhika Parva,30,30,XXX,2607,2743,17,870,"The Pitris tell Rama the story of the royal sage Alarka, who conquered the earth and then turned to the inner conquest of the senses. He aims arrows at the mind, nose, tongue, skin, ear, eye and understanding, and each in turn warns him the arrows will only harm him. He then finds that Yoga alone wins, slays the senses in concentration, and sings that nothing is happier than Yoga. The Pitris urge Rama to stop killing Kshatriyas and take up penance, and he does so and succeeds."
B14C031,B14,Aswamedhika Parva,31,31,XXXI,2745,2784,1,370,"The Brahmana names the three sets of three qualities (goodness, passion and darkness) as the threefold foes within, and says a steady man conquers them with his senses under control. He then quotes King Amvarisha, who had conquered many faults but not craving, which keeps the living bound to rebirth. Amvarisha concludes that the true sovereignty is rule over the soul."
B14C032,B14,Aswamedhika Parva,32,32,XXXII,2786,2859,4,717,"The Brahmana recounts how King Janaka, angry at a guilty Brahmana, orders him banished, and the Brahmana asks where he may go. Janaka is struck speechless, then says he cannot find anything that is truly his, not on earth, in Mithila or among his children. He explains that he is indifferent to the pleasures of the senses, so the world is his in one sense and nothing in another. The Brahmana then reveals that he is Dharma, who came to test the king, and praises Janaka's understanding."
B14C033,B14,Aswamedhika Parva,33,33,XXXIII,2861,2888,1,264,"The Brahmana tells his wife that he is a learned, liberated man who lives as a householder and as a forest recluse, and that the knowledge of his identity with the universe is his wealth. He says there is one path for Brahmanas that leads to the same goal whatever their station, and that actions bind the body but understanding carries a person along the path. He reassures his wife that she need not fear the world to come, since she will reach his soul."
B14C034,B14,Aswamedhika Parva,34,34,XXXIV,2890,2962,8,408,"The Brahmana's wife asks how knowledge can be gained, and her husband answers with the image of two fire-sticks: devotion to Brahman as the lower stick and the teacher as the upper, rubbed by austerity and study to kindle the fire of knowledge. The Kshetrajna, the knower of the field, is without qualities, but can be grasped by an understanding cleansed through action. When the wife grasps this, she moves beyond the knower. Arjuna then asks Krishna where that Brahmana and his wife are, and Krishna replies that he himself is the Kshetrajna."
B14C035,B14,Aswamedhika Parva,35,35,XXXV,2964,3115,6,1544,"Arjuna asks Krishna to explain Brahma, the highest object of knowledge. Krishna recounts a dialogue in which a devoted disciple asks his preceptor what the highest good is, and the preceptor answers that knowledge is the highest goal and renunciation the best penance. The preceptor then tells how the great sages went to Brahma to ask the same questions, which leads into Brahma's teaching on truth, the stages of life and the elements."
B14C036,B14,Aswamedhika Parva,36,36,XXXVI,3117,3214,1,1023,"Brahma describes the quality of Darkness, which binds the body's city of nine gates and its three inner ducts, and lists the faults it brings, such as delusion, sloth, anger and hostility. People ruled by Darkness sink into lower births, such as animals, insects or the afflicted, but those born in such states can rise again through the rites of Brahmanas. The chapter closes by naming the five great afflictions and urging that Darkness be understood and left behind."
B14C037,B14,Aswamedhika Parva,37,37,XXXVII,3216,3264,1,450,"Brahma turns to the quality of Passion, which drives people to action, desire, pride, quarrel and worldly ambition. He lists many forms of this quality, from war and trade to ritual and charity, and says that people caught in it seek pleasure and reward in this world and the next. Understanding these qualities frees a person from their hold."
B14C038,B14,Aswamedhika Parva,38,38,XXXVIII,3266,3313,1,434,"Brahma describes the quality of Goodness, which brings joy, truth, forgiveness, courage, and freedom from anger, malice and the sense of mine. Those who practise it, free from egoism and expectation and treating all with an equal eye, rise upward and gain the power to enjoy whatever they desire without being attached to it. Understanding these qualities is the path to such a state."
B14C039,B14,Aswamedhika Parva,39,39,XXXIX,3315,3381,1,697,"Brahma explains that the three qualities cannot be fully separated, and that one or another predominates in each creature, with Darkness strongest in the lower creatures, Passion in the middle, and Goodness in the higher. These qualities are said to govern the castes, the times of day, the seasons and the elements of the body, and all of them act in the unmanifest. Those who understand the qualities and their workings are freed from the body and gain lasting happiness."
B14C040,B14,Aswamedhika Parva,40,40,XL,3383,3413,1,284,"Brahma says that from the unmanifest first arose Mahat, the Great Soul, which is the source of all the qualities and the first creation. He lists its many names and describes it as the Being dwelling in the heart of all things. Those who understand this Great Soul are freed from delusion and live above the understanding."
B14C041,B14,Aswamedhika Parva,41,41,XLI,3415,3434,1,170,"Brahma says that the Great Soul gives rise to Egoism, which he calls the second creation, from which all beings come and which feels the thought I am all this. Those who are content with knowledge of the self, and who have won success through study and sacrifice, enjoy the eternal world. The passage links the self-sense to the enjoyment of the qualities and to the creation of the worlds."
B14C042,B14,Aswamedhika Parva,42,42,XLII,3436,3596,1,1880,"Brahma explains how the five great elements arise from Egoism and how creation and dissolution run in reverse order. He lists the five life-breaths and the eleven organs, which include the senses, the organs of action and the mind, and assigns each a presiding deity, as well as the four modes of birth. He then describes the path of renunciation in which the senses are withdrawn and the self is seen in all beings, and ends by praising the Highest that is seen this way."
B14C043,B14,Aswamedhika Parva,43,43,XLIII,3598,3699,1,1126,"Brahma names the foremost of each class of beings and things, such as the royal Kshatriya among men, the elephant among vehicles, and Vishnu and Shiva among the gods, and he says that kings must protect the Brahmanas and good men. He then teaches non-injury as the highest duty and gives the characteristic of each element, sense and mental faculty, along with the powers that govern them. He concludes that the Kshetrajna, the knower of the field, is pure knowledge and is not seized by any symbol."
B14C044,B14,Aswamedhika Parva,44,44,XLIV,3701,3757,1,652,"Brahma lists the first of many things, including the day, Om among the Vedas, gold among precious things, the householder's mode of life, Meru among mountains and the Ganga among rivers. He then teaches that all things created end in destruction and that only knowledge has no end. A person who is calm, restrained, free of possession and self-regard is released from sin by pure knowledge."
B14C045,B14,Aswamedhika Parva,45,45,XLV,3759,3833,1,804,"Brahma describes the wheel of life, which turns through grief, passion and time, with understanding as its strength, the mind as its hub and the senses as its spokes. One who understands its motion and stopping is free from delusion and from sin. Brahma then sets out the rules for the householder, who supports the other three stages of life, including the five sacrifices, teaching and receiving gifts from the pure, and says that faithful observance of these duties wins heaven."
B14C046,B14,Aswamedhika Parva,46,46,XLVI,3835,3991,1,1791,"Brahma lays out a graded way of life: the student who serves his teacher, the forest dweller who gives up his village, and the wandering renouncer who owns nothing, begs for his food and keeps eight vows of harmlessness, truth, restraint and freedom from backbiting. He describes the self as beyond the senses and the qualities, and says that one who knows it escapes death. The chapter ends with the mind fixed on that self at the time of death, and release follows."
B14C047,B14,Aswamedhika Parva,47,47,XLVII,3993,4047,1,550,"Brahma says that renunciation is the best penance and that knowledge is the highest, and he describes Brahman as beyond opposites and qualities. He uses the image of an eternal tree of Brahman, cut down with the sword of knowledge, and of two birds, one unintelligent and one intelligent. The one who understands the field and transcends the qualities is freed from every sin."
B14C048,B14,Aswamedhika Parva,48,48,XLVIII,4049,4092,2,405,"Brahma explains that different thinkers regard Brahman as a tree, a forest, the unmanifest, or beyond all distress, and that a moment of inner peace, or breath control, leads to immortality. He ties Purusha, the self, to the quality of Goodness and says that some who claim that Nature and the self are one are mistaken, since they differ, like a fish and the water it lives in. The learned sages, still uncertain, then ask the Grandsire again, as the preceptor reports."
B14C049,B14,Aswamedhika Parva,49,49,XLIX,4094,4138,1,460,"The Rishis complain that the many contradictory teachings on duty leave them confused, with some saying the soul survives death and others that it does not, and different people praising action, tranquillity, sacrifice, knowledge or renunciation. They ask Brahma to say which duty is most worthy and what links the knower of the field with Nature. Brahma prepares to answer their questions, which opens the next stage of the teaching."
B14C050,B14,Aswamedhika Parva,50,50,L,4140,4276,1,1586,"Brahma explains that harmlessness is the highest duty and that pure knowledge frees one from sin. He sets out the relation between the knower, Purusha, who enjoys, and Nature, the enjoyed, which is like a lotus leaf and water, and traces Nature's order from the unmanifest through Mahat, Egoism and the five elements. Each element is given its qualities in detail, such as the ten kinds of smell and the twelve kinds of colour, and the chapter ends by placing Purusha above all of these as the Unfading Soul."
B14C051,B14,Aswamedhika Parva,51,51,LI,4278,4423,6,1426,"Brahma says that the mind governs the senses and the elements, and describes the body as a chariot driven by the mind, with understanding as reins. He teaches that penance accomplishes all things, that attachment is death and detachment eternal, and that understanding the immortal self brings tranquillity. Vasudeva then reveals that he was the preceptor and Arjuna's mind the pupil, urges Arjuna to practise the teaching, and asks leave to visit his father. Arjuna agrees to go to the elephant-named city to meet Yudhishthira and report Krishna's intention."
B14C052,B14,Aswamedhika Parva,52,52,LII,4425,4582,6,1582,"Krishna and Arjuna drive to the city named after the elephant, where Arjuna praises Krishna as the soul of the universe who won the war for the Pandavas. They are received by Dhritarashtra and the family, and in the morning they tell Yudhishthira that Krishna wishes to visit his kin in Dvaraka. Yudhishthira grants leave and offers gems and wealth, and Krishna sets out with his kinsmen and attendants, so the bond between the two heroes is marked by a formal parting."
B14C053,B14,Aswamedhika Parva,53,53,LIII,4584,4658,4,693,"On the road home, Krishna meets the ascetic Utanka in a dry desert and asks about the Kuru war. Krishna explains that he tried to make peace, but that fate and the Kauravas' own folly led to the total destruction of their side, with only the five Pandavas left. Utanka, angry that Krishna did not stop the war, threatens a curse, and Krishna pleads that the ascetic listen to him first and not lose the penance he has built up."
B14C054,B14,Aswamedhika Parva,54,54,LIV,4660,4726,2,720,"Utanka asks Krishna to teach him the Adhyatma, the teaching on the self. Krishna declares that the three qualities, the gods, the Vedas, the sacrifices and Dharma all rest on him, that he takes many forms to uphold righteousness, and that the Kauravas were destroyed by their own wrongdoing and the power of Time. He concludes that the Pandavas have won great fame. The teaching explains to Utanka why Krishna did not prevent the war."
B14C055,B14,Aswamedhika Parva,55,55,LV,4728,4834,5,1048,"Utanka is moved by Krishna's teaching and says his anger has gone, asking to see Krishna's sovereign form. Krishna shows him a vast cosmic form, which overwhelms Utanka, who then asks to see the human form again. Krishna grants a boon: whenever Utanka thirsts in the desert, he may call on him. Later, Utanka is refused a proffered water by a hunter, who turns out to be Indra in disguise, offering nectar. Krishna promises that clouds will bring water to the desert, which become known as the Utanka-clouds."
B14C056,B14,Aswamedhika Parva,56,56,LVI,4836,4958,10,1037,"Janamejaya asks what penance gave Utanka the nerve to threaten Vishnu. Vaisampayana explains that Utanka served his teacher Gautama with unmatched devotion, so Gautama would not let him leave, and in old age Utanka breaks down in tears after his load of wood breaks and his white hair falls. Gautama rewards him with his daughter in marriage and restores his youth, and then Utanka, at the request of Ahalya, the teacher's wife, sets out to fetch the celestial ear-rings of Saudasa's queen. Gautama warns that the cursed king Saudasa may kill him, and Utanka meets the king in the forest."
B14C057,B14,Aswamedhika Parva,57,57,LVII,4960,5073,12,900,"Utanka meets Saudasa, now a man-eater under a curse, who is about to take food and claims the right to eat him. Utanka asks for the queen's ear-rings for his teacher's wife, and Saudasa replies that they belong to his wife and sends him to her. The queen Madayanti demands a sign from her husband, and describes the ear-rings' wonderful powers before she will hand them over."
B14C058,B14,Aswamedhika Parva,58,58,LVIII,5075,5258,13,1701,"Saudasa gives Utanka a sign, and Madayanti hands over the ear-rings, after which Saudasa explains that a king hostile to Brahmanas cannot prosper and asks Utanka to keep his promise. Utanka sets out, ties the ear-rings in his deer-skin, and hangs it on a tree while he picks fruit; the fruit knocks the knot loose, and a Naga takes the ear-rings into an anthill. Utanka digs with his staff for thirty-five days until Indra appears in disguise and warns him, and when Utanka insists, Indra opens the way to the Naga world. A fire-steed fills the Naga realm with smoke, the Nagas return the ear-rings with honour, and Utanka delivers them to Ahalya."
B14C059,B14,Aswamedhika Parva,59,59,LIX,5260,5318,2,580,"After granting the boon to Utanka, Krishna goes with Satyaki to Dvaraka, arriving during the festival of Raivataka hill, which is lit and filled with song and generous gifts. The Vrishnis and their allies greet him, and he honours his kin and then his parents. He sits among the Vrishnis and recounts the great battle to his father, which closes the account of this episode."
B14C060,B14,Aswamedhika Parva,60,60,LX,5320,5418,4,949,"Vasudeva asks Krishna to describe the great battle, since Krishna witnessed it, and Krishna recounts how the commanders fell one by one: Bhishma, Drona, Karna, Salya, Sakuni and finally Duryodhana. He ends with the night slaughter of the Pandava camp by Drona's son, which left only the five Pandavas and a few allies alive. The Vrishnis are shaken by the account, which closes the war's narrative in the Aswamedhika Parva."
B14C061,B14,Aswamedhika Parva,61,61,LXI,5420,5515,1,1113,"Krishna has left out the death of Abhimanyu from his account, so that Vasudeva would not be grieved, but Subhadra asks to hear of her son and faints. Vasudeva, too, falls senseless with grief, and when he recovers he asks how Abhimanyu died. Krishna describes how the boy fought bravely, was surrounded by the Kaurava heroes, and fell to the son of Dussasana. Subhadra mourns with Draupadi and Uttara, and Kunti comforts them and arranges the funeral rites for Abhimanyu."
B14C062,B14,Aswamedhika Parva,62,62,LXII,5517,5565,1,503,"Vasudeva performs the funeral rites for Abhimanyu and feeds many thousands of Brahmanas, but his kin, the Pandavas and Uttara remain grieving. Vyasa appears, promises that Uttara will bear a son who will rule after the Pandavas, and tells Arjuna that his grandson will be a great king. He then urges Yudhishthira to hold the horse sacrifice, and the king turns his mind to gathering the wealth needed for it."
B14C063,B14,Aswamedhika Parva,63,63,LXIII,5567,5630,2,624,"Janamejaya asks how Yudhishthira obtained the wealth that Marutta buried in the earth. Yudhishthira calls his brothers together and asks how they can bring the wealth home, and Bhima proposes that they worship Shiva, whose Kinnara guardians would give up the treasure if the god is pleased. The brothers agree, and the Pandavas set out on the day of the favourable constellation after making offerings to Maheshvara."
B14C064,B14,Aswamedhika Parva,64,64,LXIV,5632,5683,1,537,"The Pandavas set out with a cheerful army, their praises sung by bards, and cross lakes, rivers, forests and mountains until they reach the place where the wealth is buried. Yudhishthira makes camp in a level, auspicious place, placing learned Brahmanas and his priest Agnivesya in the front. The Brahmanas advise a day of fasting and drinking only water, so the brothers spend the night on kusa grass and listen to learned talk until morning."
B14C065,B14,Aswamedhika Parva,65,65,LXV,5685,5745,1,647,"The Brahmanas advise offerings to Mahadeva before the excavation, and the priest Dhaumya performs rites with cakes, flowers and food for Shiva, his attendants, Kubera and the Yakshas. The king gives away cattle, prays to the lord of treasures and his gems, and has the ground dug, and the buried vessels and coins are carried away on camels, horses, elephants and carts. The Pandavas then return toward Hastinapura with the wealth, marching a short distance each day and gladdening the Kurus."
B14C066,B14,Aswamedhika Parva,66,66,LXVI,5747,5818,1,801,"Vasudeva returns to the Kuru capital with the Vrishnis, as Yudhishthira asked, for the horse sacrifice. There he finds that Uttara's child, Abhimanyu's son, has been born dead after Ashvatthama's Brahma-weapon struck the womb. Kunti begs Krishna to revive the boy, recalling his earlier promise and Abhimanyu's wish that his son be raised among the Vrishnis, and she falls to the ground in grief until Krishna lifts her up."
B14C067,B14,Aswamedhika Parva,67,67,LXVII,5820,5867,1,521,"Subhadra, Krishna's sister, joins the lament and says that the child's death will make the Pandavas feel cheated, and that she will die if Krishna does not keep his earlier vow. She recalls how Krishna once promised to revive the child of Kiritin's son when Ashvatthama sought to destroy the unborn child, and asks him to fulfil that vow."
B14C068,B14,Aswamedhika Parva,68,68,LXVIII,5869,5929,1,649,"Krishna agrees to revive the child, and enters the lying-in room, which has been prepared with protective rites and fires. Draupadi brings Uttara to him, and Uttara laments that her child is dead, wishes that she had died instead, and asks Krishna to revive him. The chapter sets the scene for Krishna's act of restoring the child."
B14C069,B14,Aswamedhika Parva,69,69,LXIX,5931,5988,1,629,"Uttara faints in grief, and the palace becomes a house of mourning. When she revives, she addresses her child and then bows to Krishna, begging him to save the boy. Krishna withdraws the Brahma-weapon and vows, by his own truth and by his friendship with Arjuna, that the child will live, and the child begins to stir."
B14C070,B14,Aswamedhika Parva,70,70,LXX,5990,6041,1,548,"When Krishna withdraws the Brahma-weapon, the birth chamber is lit by the child's father's energy, the Rakshasas flee, and a heavenly voice praises Krishna. The child revives, and Krishna gives gifts and names him Parikshit, because he was born when the race was nearly extinct. When the infant is a month old, the Pandavas return to the capital with great wealth, and the city is decked out in celebration."
B14C071,B14,Aswamedhika Parva,71,71,LXXI,6043,6122,5,694,"Vasudeva goes out to meet the Pandavas, who return to Hastinapura with the treasure in their van and pay their respects to Dhritarashtra, Gandhari, Kunti, Vidura and Yuyutsu. Vyasa visits, and Yudhishthira asks his leave to spend the treasure on the horse sacrifice, which Vyasa grants. Yudhishthira then asks Krishna to take up the rites of initiation and lead the sacrifice, and Krishna accepts, pledging to do whatever is asked, with the brothers to take part."
B14C072,B14,Aswamedhika Parva,72,72,LXXII,6124,6211,7,701,"Yudhishthira asks Vyasa to perform his initiation, and Vyasa fixes the full moon of Chaitra for the rite and tells him to choose a horse and let it roam freely. The necessary articles are prepared, some of them of gold. Krishna names Arjuna as the one to guard the horse, while Bhima and Nakula guard the city and Sahadeva looks after the invited guests, and Yudhishthira tells Arjuna to avoid battle where he can and invite the kings to the sacrifice."
B14C073,B14,Aswamedhika Parva,73,73,LXXIII,6213,6281,1,752,"The initiation is performed, and Yudhishthira shines in his sacrificial garb. The horse is released by Vyasa, and Arjuna follows it on his white-horsed chariot with Gandiva, while the crowds and Brahmanas bless him. The horse roams from the north toward the east, and Arjuna fights many kings, from the Kiratas and Yavanas to other tribes, who have lost kinsmen in the war."
B14C074,B14,Aswamedhika Parva,74,74,LXXIV,6283,6361,1,837,"Sons and grandsons of the Trigartas, enemies of the Pandavas, surround Arjuna and try to seize the horse. Arjuna first asks them to desist, recalling Yudhishthira's order not to kill kings whose kin fell at Kurukshetra, but they attack. Arjuna defeats their leader Suryavarman and his brothers, and Dhritavarman wounds him so that Gandiva falls, but he recovers and drives them off. The Trigartas then submit, and Arjuna accepts their surrender."
B14C075,B14,Aswamedhika Parva,75,75,LXXV,6363,6415,1,544,"The horse enters the realm of Pragjyotisha, where Vajradatta, son of Bhagadatta, seizes it and carries it back toward his city. Arjuna's arrows make him release the horse and flee, but he returns on his war elephant and challenges Arjuna. Arjuna cuts down his arrows, wounds him, and the elephant is pierced and bleeds heavily as the battle goes on."
B14C076,B14,Aswamedhika Parva,76,76,LXXVI,6417,6490,2,683,"The battle with Vajradatta lasts three days, and on the fourth day Vajradatta taunts Arjuna about killing his old father Bhagadatta, and charges him on the elephant. Arjuna brings the elephant down with an arrow and, recalling Yudhishthira's order not to slay kings who yield, spares Vajradatta. Vajradatta submits and agrees to attend the sacrifice on the full moon of Chaitra."
B14C077,B14,Aswamedhika Parva,77,77,LXXVII,6492,6567,1,820,"Arjuna is attacked by hundreds of Saindhavas, who surround him in a cage of cars and shower him with arrows, recalling his slaying of Jayadratha. Omens of disaster appear in heaven and earth, and Arjuna falls stupefied, dropping Gandiva. The gods and sages pray for him, and when his power returns he draws the bow again, scatters the Saindhavas, and drives them off in fear and grief."
B14C078,B14,Aswamedhika Parva,78,78,LXXVIII,6569,6680,1,1295,"Arjuna faces the Saindhavas, but recalls Yudhishthira's order not to kill warriors who come against him, so he tells them to yield and spares whoever admits defeat. As the battle wears on, Dussala, Dhritarashtra's daughter and queen of the Saindhavas, brings her grandson, Suratha's son, to Arjuna, and explains that Suratha died of grief on hearing that Arjuna had slain Jayadratha. Arjuna censures Duryodhana, makes peace, and sends Dussala home, and then follows the horse on to the realm of Manipura."
B14C079,B14,Aswamedhika Parva,79,79,LXXIX,6682,6773,1,1036,"Vabhruvahana, the ruler of Manipura and Arjuna's son, comes out humbly with gifts to welcome his father, but Arjuna rebukes him for not meeting him as a warrior. The prince is goaded by his mother Ulupi, a Naga princess, into fighting. He wounds Arjuna, who falls senseless, then wakes and praises his son, and their battle continues until the prince pierces his father and the two fall together. Chitrangada, the prince's mother and Arjuna's wife, goes to the field and finds her husband dead."
B14C080,B14,Aswamedhika Parva,80,80,LXXX,6775,6918,3,1676,"Chitrangada blames Ulupi for the death and begs her to revive Arjuna, and then the grieving prince Vabhruvahana, who has killed his father, vows to starve himself or seek expiation. Ulupi then brings a gem that revives the dead and tells the prince that the fight was an illusion she made, for Arjuna's benefit, and that Arjuna cannot truly be defeated. The prince places the gem on his father's chest, and Arjuna revives to the praise of the gods, then asks why the women have come to the field."
B14C081,B14,Aswamedhika Parva,81,81,LXXXI,6920,6995,1,875,"Arjuna asks Ulupi why she and Chitrangada have come to the battlefield. Ulupi explains that Arjuna had won Bhishma's fall unfairly while Bhishma was fighting Sikhandin, so the Vasus cursed him, and she arranged for his son to defeat him, which freed him from the curse. Arjuna thanks her and tells Vabhruvahana to attend the sacrifice; the prince asks his father to rest in the city first, but Arjuna declines, since his vow keeps him with the wandering horse."
B14C082,B14,Aswamedhika Parva,82,82,LXXXII,6997,7072,1,850,"The horse turns toward Hastinapura and then to Rajagriha, where Meghasandhi, king of Magadha, challenges Arjuna. Arjuna disarms him, cuts down his chariot and weapons, and spares him, since Yudhishthira ordered that kings who oppose him should not be slain. Meghasandhi submits and promises to attend the sacrifice. The horse then travels along the sea coast into Banga, Pundra and Kosala, where Arjuna defeats many Mlechchha armies."
B14C083,B14,Aswamedhika Parva,83,83,LXXXIII,7074,7122,1,497,"The horse passes through the southern lands, including the Chedi city, where Sarabha, son of Shishupala, welcomes Arjuna, and then through the Kasi, Anga, Kosala and Kirata realms, and the country of the Dasarnas, whose king Chitrangada Arjuna subdues. Arjuna defeats the Nishada king, son of Ekalavya, and then the Dravidas, Andhras and other southern peoples, before passing through Surashtra and Prabhasa to Dwaravati. There Ugrasena and Vasudeva greet him with honour, and the horse continues along the western coast toward Gandhara, where a fierce battle with the son of Sakuni begins."
B14C084,B14,Aswamedhika Parva,84,84,LXXXIV,7124,7190,1,724,"The son of Sakuni leads a large Gandhara army against Arjuna, angry at his father's death and at the old feud with the Pandavas. Arjuna first asks the Gandharas to desist, but they surround the horse, and he cuts down many of them. He spares their king, who is unnerved by the defeat, and the king's mother comes out with a welcome and begs her son to stop fighting. Arjuna urges the Gandhara prince to stop the hostility and attend the sacrifice in Chaitra."
B14C085,B14,Aswamedhika Parva,85,85,LXXXV,7192,7299,2,1139,"Yudhishthira learns that the horse is returning and that Arjuna is well, and sets the time for the sacrifice in the month of Magha. Bhima builds a vast sacrificial ground with golden halls, arches, lodgings for kings and Brahmanas, and sends messengers to invite kings, who bring gifts and attend. Yudhishthira feeds the guests and assigns them food, beds and stables for their animals, and when all is ready, the sacrifice begins. The second part of the chapter describes the crowds of disputants, the splendour of the grounds, and the great feeding of Brahmanas."
B14C086,B14,Aswamedhika Parva,86,86,LXXXVI,7301,7348,1,500,"Yudhishthira asks Bhima to honour the arriving kings, and Krishna comes with the Vrishnis and their leaders. Krishna then reports that a messenger from Arjuna has come, saying that Arjuna is near and worn by many battles. Arjuna's message asks that the kings be honoured, that no massacre like the one at the Rajasuya be allowed, and that Vabhruvahana, his son, be welcomed. Yudhishthira agrees to all of it."
B14C087,B14,Aswamedhika Parva,87,87,LXXXVII,7350,7417,1,740,"Yudhishthira asks why Arjuna always suffers hardship, and Krishna says the only fault he sees is a small feature of his face that keeps him always on the road. Draupadi is angered by the remark, since she cannot bear any fault being found in Arjuna. Arjuna's envoy then arrives with news of his return, and the king, Krishna and Dhritarashtra go out to meet him. Arjuna is welcomed by the citizens, the kings and his brothers, and Vabhruvahana comes to the city with his mothers and goes to Kunti."
B14C088,B14,Aswamedhika Parva,88,88,LXXXVIII,7419,7520,1,1102,"Vabhruvahana greets his kin and is given gifts and a golden car by Krishna. Vyasa urges Yudhishthira to begin the sacrifice and to pay three times the usual Dakshina, and Yudhishthira takes the vow and performs the Horse-sacrifice, with the priests carrying out each rite carefully. The stakes and the golden fire altar are set up, and about three hundred animals, including the horse, are bound to them, while celestial beings, sages and musicians attend the sacrifice."
B14C089,B14,Aswamedhika Parva,89,89,LXXXIX,7522,7628,1,1160,"The priests sacrifice the horse, Draupadi sits beside its body, and its marrow is cooked and offered, completing the rite. Yudhishthira gives away a vast amount of gold and the whole earth to Vyasa, who returns it for a price, and Yudhishthira declares that the Brahmanas should divide the earth. Krishna then gives the earth back to Yudhishthira, who pays millions of coins and triples the Dakshina. The priests divide the wealth, Yudhishthira sends Vabhruvahana home with gifts, and the Vrishnis depart. The great sacrifice is celebrated as a festival, and Yudhishthira returns to his capital cleansed of sin."
B14C090,B14,Aswamedhika Parva,90,90,XC,7630,7979,10,3843,"Janamejaya asks for any wonderful incident from his ancestors' sacrifice. At the height of the feasting, a mongoose with half its body turned to gold declares that the great sacrifice is worth less than a small measure of barley given by a poor Brahmana of Kurukshetra. He tells how that Brahmana, his wife, son and daughter-in-law, in a famine, each gave up their share of their last barley to a hungry guest, who turned out to be the god of righteousness and took the family to heaven. The mongoose says that the dust of that barley is what turned half its body to gold, and the Brahmanas return home; Vaisampayana closes by saying that gifts, penance and harmlessness are as meritorious as sacrifice."
B14C091,B14,Aswamedhika Parva,91,91,XCI,7981,8080,2,1016,"Janamejaya asks why the mongoose belittled the great Horse-sacrifice, when sacrifices are known to win heaven. Vaisampayana recounts an early sacrifice of Indra, where the sages objected to killing animals and proposed grain offerings instead, but the dispute was settled by King Vasu, who gave a false judgment and was sent to the nether world. Vaisampayana concludes that gifts from unrighteous wealth carry no merit, while modest gifts of lawfully gathered food or water, made with a pure heart, win heaven, as examples of ancient kings show."
B14C092,B14,Aswamedhika Parva,92,92,XCII,8082,9737,233,10224,"Janamejaya asks how lawful wealth can win heaven, and Vaisampayana tells of Agastya's twelve-year sacrifice, in which Indra withheld rain until Agastya's penance and the sages' request brought it back. The story then explains that the golden mongoose was Anger, cursed by the Pitris after it spoiled a sage's milk, and that it disparaged Yudhishthira's sacrifice to be freed. The Parva closes here, and the translator's notes follow."
B15C001,B15,Asramavasika Parva,1,1,I,30,106,4,697,"Janamejaya asks Vaisampayana how the Pandavas treated the defeated old king Dhritarashtra and Gandhari after recovering their kingdom, and how many years they ruled. Vaisampayana answers that the Pandavas governed with Dhritarashtra as their elder, consulting him, serving him with honour and giving him every comfort, while Bhima alone could not forget the dice match. The chapter sets the stage for the elders' later retirement to the forest."
B15C002,B15,Asramavasika Parva,2,2,II,108,183,2,764,"Vaisampayana describes how the Pandavas, led by Yudhishthira, kept honouring Dhritarashtra and Gandhari and carried out their wishes, including funeral offerings for the dead sons. Yudhishthira forgave old wrongs and would punish anyone who spoke against the old king, and Dhritarashtra came to trust him. Bhima, however, could only show respect outwardly, which hints at trouble to come."
B15C003,B15,Asramavasika Parva,3,3,III,185,408,10,2349,"Bhima's bitter outburst before Dhritarashtra and Gandhari deepens the old king's grief, and after fifteen years he admits his past folly and asks leave to retire to the forest with Gandhari. Yudhishthira is stricken, offers the throne to someone else and says he will follow the old king into the woods if he goes. When Dhritarashtra insists, Yudhishthira collapses into grief, and the old king is revived only by his touch, so the departure is delayed until the sage Vyasa arrives."
B15C004,B15,Asramavasika Parva,4,4,IV,410,483,5,592,"Vyasa tells Yudhishthira not to stand in the way of the old king's retirement, since going to the forest in old age is the path royal sages take. Yudhishthira honours Vyasa as his father and teacher and accepts his advice. Vyasa then leaves, and Yudhishthira asks the old king to eat before he goes to his forest retreat."
B15C005,B15,Asramavasika Parva,5,5,V,485,598,1,1270,"Dhritarashtra returns to his palace with Gandhari, Vidura, Sanjaya and Kripa, and after the meal he calls Yudhishthira to his side. He then gives a long set of counsels on ruling a kingdom: honour the learned elders, choose loyal ministers, rely on well-tested spies, guard the city, the king's person and the royal household, punish offenders fairly, and keep a fixed daily routine. The chapter is the old king passing on his experience of statecraft to the new ruler."
B15C006,B15,Asramavasika Parva,6,6,VI,600,664,1,722,"Dhritarashtra goes on with his lessons in statecraft, explaining the circles of friends, enemies and neutral powers and the six policies of peace, war, marching, halting, sowing dissension and conciliation. He advises Yudhishthira when to fight and when to seek peace, how to give up land, wealth or troops in a way that costs least, and to protect the helpless. He ends by advising a weaker king to resist strong invaders and, if that fails, to fall fighting."
B15C007,B15,Asramavasika Parva,7,7,VII,666,734,1,755,"Dhritarashtra tells Yudhishthira to weigh his own strength against an enemy's before going to war, and to march only when his troops are healthy and cheerful. He lists the kinds of power a king should gather, such as allies, wealth, forest tribes, paid soldiers, the trading classes and spies, and names some battle formations. He closes by saying Bhishma, Krishna and Vidura have already taught Yudhishthira these duties, and that a righteous king earns merit equal to that of a hundred horse-sacrifices."
B15C008,B15,Asramavasika Parva,8,8,VIII,736,804,4,615,"Yudhishthira agrees to follow his uncle's advice and asks him to keep teaching him, since Bhishma has gone to heaven and Krishna has gone to Dwaraka. Dhritarashtra then sends for Gandhari and tells her he will leave once Yudhishthira grants leave, but first he wants to make gifts in memory of his dead sons. He summons the people of the realm and the Brahmins, and tells them he means to retire to the forest."
B15C009,B15,Asramavasika Parva,9,9,IX,806,851,1,497,"Dhritarashtra speaks to the assembled people, recalling how earlier rulers, including Santanu, Vichitraviryya and his brother Pandu, governed them well. He admits that his son's pride and his own poor judgment led to the great slaughter of royalty, asks forgiveness for himself and Gandhari, and entrusts Yudhishthira to their care. The citizens and countryfolk are moved to tears and say nothing, only looking at one another."
B15C010,B15,Asramavasika Parva,10,10,X,853,986,4,1408,"The citizens stand silent in grief until Dhritarashtra asks them again for permission to leave. A Brahmin named Samba answers on the assembly's behalf, approving the old king's departure, praising Yudhishthira's rule and absolving Duryodhana and Dhritarashtra of blame for the war, which he attributes to fate. The assembly approves, and the old king dismisses it and goes home with Gandhari."
B15C011,B15,Asramavasika Parva,11,11,XI,988,1050,1,686,"The next day Dhritarashtra sends Vidura to Yudhishthira, asking for wealth to hold funeral offerings for Bhishma, Drona, Somadatta, Valhika, his sons and Jayadratha, and announcing that he will leave on the Kartika full moon. Yudhishthira and Arjuna welcome the request, but Bhima angrily objects, recalling the dice match and the hardships of exile. Arjuna urges him to accept, and Yudhishthira silences Bhima when his anger threatens to say more."
B15C012,B15,Asramavasika Parva,12,12,XII,1052,1091,2,369,"Arjuna tells Bhima that Dhritarashtra deserves honour and that good men forget the wrongs done to them. Yudhishthira then tells Vidura to say to the old king that he may take as much wealth from the royal treasury as he wishes, and that Bhima should not be made unhappy. Yudhishthira also offers the king everything he and Arjuna own, to show his goodwill."
B15C013,B15,Asramavasika Parva,13,13,XIII,1093,1133,1,415,"Vidura returns and reports to Dhritarashtra that Yudhishthira and Arjuna agree to his plan, and that Bhima accepted only reluctantly. Yudhishthira offers his kingdom, his life and all his wealth, and asks the king to forgive Bhima's outburst. The brothers also suggest charitable gifts to Brahmins, the poor and the blind, along with pavilions of food and water for cattle, and Dhritarashtra resolves to hold the great gift-giving on the Kartika full moon."
B15C014,B15,Asramavasika Parva,14,14,XIV,1135,1184,1,526,"Pleased with the Pandavas, Dhritarashtra invites many Brahmins and sages and gives away wealth for the spirits of Bhishma, his sons, friends and kinsmen, naming each recipient as the gifts go out. Yudhishthira approves, and the gifts are lavish in cars, clothes, gold, livestock, slaves, elephants and horses, along with food and drink, music and dancing. The text says the ten-day gift-giving frees the old king from the debts he owed his sons and grandsons."
B15C015,B15,Asramavasika Parva,15,15,XV,1186,1229,1,434,"On the Kartika full moon Dhritarashtra completes the final rites, takes the sacred fire, puts on deer-skin and bark, and leaves his palace with Gandhari, Kunti and his daughters-in-law. Yudhishthira faints in grief and the Pandavas, Vidura, Sanjaya, Kripa and Dhaumya follow, while the women and citizens lament as they once did when the Pandavas were exiled after the dice match. The chapter closes the palace phase of the old king's life and begins his journey to the forest."
B15C016,B15,Asramavasika Parva,16,16,XVI,1231,1317,3,871,"Dhritarashtra leaves the city amid a great crowd and sends the citizens home, keeping Vidura and Sanjaya with him but handing Kripa and Yuyutsu back to Yudhishthira. Yudhishthira tries to hold his mother Kunti back, and she answers with a speech of regret and farewell, recalling Karna and asking the brothers to care for their wives and one another. Yudhishthira, Bhima and the others plead with her in vain, and she goes on with Gandhari toward the forest."
B15C017,B15,Asramavasika Parva,17,17,XVII,1319,1375,1,652,"Kunti explains that she spurred her sons to courage after the loss at dice, so they would not be disgraced or lose their fame, and that she acted to protect Draupadi from Dussasana's insults. She tells them that she does not want the kingdom they won and will spend her days in penance and service to her in-laws. She asks Yudhishthira and his brothers to stop following her and to keep to righteousness."
B15C018,B15,Asramavasika Parva,18,18,XVIII,1377,1437,1,643,"The Pandavas are ashamed and turn back, and Dhritarashtra asks Gandhari to make Kunti return, but Kunti will not be moved. The Kuru ladies wail, the Pandavas go back to a mourning city, and the old king's party camps by the Bhagirathi, where they perform their rites and rest for the night. Their first day in the forest is painful, both for them and for the grieving people they have left behind."
B15C019,B15,Asramavasika Parva,19,19,XIX,1439,1485,1,485,"Following Vidura's advice, Dhritarashtra settles on the banks of the Bhagirathi, where visiting Brahmins and common folk see him, and then moves to Kurukshetra. There the former Kekaya king Satayupa welcomes him and takes him to Vyasa, who initiates him into the forest way of life. Dhritarashtra, Gandhari, Kunti, Vidura and Sanjaya then take up barks and skins and practise severe penance."
B15C020,B15,Asramavasika Parva,20,20,XX,1487,1591,5,1004,"The sages Narada, Parvata, Devala and Vyasa visit the old king and gladden him with talk of religion. Narada tells of earlier royal ascetics who reached heaven through penance in the forest, and says Dhritarashtra and Gandhari will reach a high goal, with Vidura and Sanjaya also going on. Asked by Satayupa for the particulars, Narada says he has heard from Indra that Dhritarashtra has three years of life left, after which he will go to Kuvera's realm, and the company departs well pleased."
B15C021,B15,Asramavasika Parva,21,21,XXI,1593,1631,1,386,"With the elders gone to the forest, the Pandavas and the citizens of Hastinapura grieve, worrying how the old king, Gandhari, Kunti, Vidura and Sanjaya will manage in the wilds. The Pandavas lose interest in rule and in study, dwelling on the deaths of Abhimanyu, Karna and Draupadi's sons. They are only partly comforted by the survival of Parikshit, the son of Virata's daughter."
B15C022,B15,Asramavasika Parva,22,22,XXII,1633,1696,1,714,"The Pandavas, lost in grief, neglect the affairs of the capital and think constantly of their mother and the blind old couple in the forest. Sahadeva proposes going to see them, and Draupadi agrees and asks for the visit. Yudhishthira orders the army, carts, treasuries and kitchens made ready, and after waiting five days for citizens who wish to come, he sets out for the forest."
B15C023,B15,Asramavasika Parva,23,23,XXIII,1698,1741,1,437,"The Pandavas set out with a great procession of troops, chariots, elephants, camels and litter-borne women, with Yudhishthira under a white umbrella and his brothers and Draupadi around him. Kripa leads the army ahead toward the retreat, while Yuyutsu and Dhaumya stay behind to guard the city. Crossing the Yamuna, Yudhishthira sees the old king's hermitage in the distance, and the crowd rushes in with joy."
B15C024,B15,Asramavasika Parva,24,24,XXIV,1743,1789,1,476,"The Pandavas walk the last stretch on foot in humility, and the hermit community tells them the old king has gone to bathe in the Yamuna. Sahadeva runs ahead to Kunti, who rushes toward the blind couple, and the brothers fall to the ground before their father. Dhritarashtra recognises them by voice and touch, and Yudhishthira introduces the women and people of the court to him. The old king feels as if he is back in Hastinapura, and he returns to his forest hermitage with a crowd of visitors."
B15C025,B15,Asramavasika Parva,25,25,XXV,1791,1865,3,783,"The visiting ascetics ask which of the newcomers is Yudhishthira, Bhima, Arjuna, the twins and Draupadi, and Sanjaya names each of them by their looks. He then names the other women of the household, including Subhadra, Ulupi, Chitrangada, Jarasandha's daughter, Virata's daughter who was Abhimanyu's wife, and the widows of Dhritarashtra's sons, who are dressed in white. Afterwards the old king makes courteous enquiries of the whole company."
B15C026,B15,Asramavasika Parva,26,26,XXVI,1867,1972,4,1064,"Dhritarashtra asks Yudhishthira a long series of questions about his kingdom, justice, treasury, priests and ministers, and the duties of his subjects. Yudhishthira asks after the old king's peace and his mother's welfare, and then wonders where Vidura is. Vidura appears, emaciated and naked, and Yudhishthira chases him into the forest. Vidura enters Yudhishthira's body by Yoga and dies, and a voice tells Yudhishthira not to cremate the body, since Vidura was Dharma and goes to a heavenly region. The brothers are fed by the old king and sleep under a tree."
B15C027,B15,Asramavasika Parva,27,27,XXVII,1974,2038,1,671,"The Pandavas spend the night on the bare ground beside their mother and eat the food of the hermitage. The next morning Yudhishthira tours the surrounding retreats with his brothers, giving gifts to the ascetics, and then returns to his uncle, who is seated with Gandhari. Satayupa and the other sages of Kurukshetra arrive, followed by Vyasa, who is given an honoured seat and bids the assembly be seated."
B15C028,B15,Asramavasika Parva,28,28,XXVIII,2040,2101,1,663,"Once the Pandavas are seated, Vyasa asks Dhritarashtra how his penances are going and whether his grief has eased, and asks after Gandhari, Kunti and the brothers. He then explains that Vidura was Dharma himself, born through a curse and Vyasa's own power, and that Yudhishthira is also a son of Dharma, and that Vidura has entered Yudhishthira's person. Vyasa offers to show the old king some wonder, and asks what he wants to see or hear."
B15C029,B15,Asramavasika Parva,29,29,XXIX,2103,2233,4,1382,"Janamejaya asks what wonder Vyasa performed, and how long the Pandavas stayed in the forest and what they ate. Vaisampayana says they lived there about a month on the food they could find, and that sages gathered round, including Narada, Parvata and Devala. Vyasa offers Dhritarashtra any boon, and the old king speaks at length of his grief for his sons and his fear for his own end. Gandhari, whose grief is renewed, asks Vyasa to let the dead be seen, and Vyasa then turns to Kunti to ask what is on her mind."
B15C030,B15,Asramavasika Parva,30,30,XXX,2235,2295,1,712,"Kunti confesses to Vyasa the secret of Karna's birth. As a girl she had served the wrathful sage Durvasas, who gave her a mantra, and she summoned the sun god, who fathered Karna and restored her maidenhood. Fearing shame to her father, she set the infant adrift in water and never acknowledged him, and she asks Vyasa to grant her wish to see her son, and the king his. Vyasa tells her she is blameless, since gods can beget children in several ways."
B15C031,B15,Asramavasika Parva,31,31,XXXI,2297,2358,2,646,"Vyasa promises that the king, Gandhari and Kunti will see their dead that night, and explains that the fallen heroes were portions of gods, celestial beings and sages who came to earth for a purpose and have now returned. He names several of them, including Dhritarashtra as the Gandharva king, Pandu as one of the Maruts, Yudhishthira and Vidura as Dharma, Duryodhana as Kali and Karna as a portion of the sun. He tells the company to go to the Bhagirathi, where they will see the dead, and they set out with joy."
B15C032,B15,Asramavasika Parva,32,32,XXXII,2360,2410,1,514,"At night the company gathers by the Bhagirathi and Vyasa bathes in its waters and calls up the dead. Warriors from both sides rise from the river in celestial robes and jewels, free of anger and pride, and Gandhari sees her sons and others with divine sight that Vyasa grants. Dhritarashtra also receives the sight, and the whole scene looks like a festival, and he is filled with joy at seeing the heroes."
B15C033,B15,Asramavasika Parva,33,33,XXXIII,2412,2490,1,845,"The reunited dead and living meet with joy, and the Pandavas are reconciled with Karna, so that old enmities are set aside for one night. Vyasa then dismisses the crowd, the warriors go off to their heavenly realms, and the widows enter the Bhagirathi to join their husbands. The chapter ends with Vyasa's promise of rewards for those who hear or recite this account."
B15C034,B15,Asramavasika Parva,34,34,XXXIV,2492,2556,2,654,"Janamejaya asks how bodies that have been destroyed can appear again in the same form, and Vaisampayana answers with a long philosophical reply. He says deeds are never lost without their consequences, that the body arises from deeds while the soul is unaffected by pleasure and pain, and that the sorrow of separation comes from confusing the body with the self. The discourse makes the apparition a matter of how the soul and deeds persist."
B15C035,B15,Asramavasika Parva,35,35,XXXV,2558,2623,5,560,"Dhritarashtra, who had never seen his sons, gains sight through Vyasa's grace and sees them as they were. Janamejaya asks to see his own father in the same form, and Vyasa brings Parikshit back from the other world, along with Samika and Sringin. Astika, a learned Brahmin, praises the sacrifice and the wondrous history, and Janamejaya asks Vaisampayana what followed for Dhritarashtra in the forest."
B15C036,B15,Asramavasika Parva,36,36,XXXVI,2625,2762,5,1430,"Janamejaya asks what Dhritarashtra and Yudhishthira did after the vision. Vyasa tells Dhritarashtra that the Pandavas should return to Hastinapura to rule, since more than a month has passed. Dhritarashtra agrees and, though Yudhishthira begs to stay and Gandhari insists he go, the brothers and women take their leave, and Yudhishthira sets out for the capital."
B15C037,B15,Asramavasika Parva,37,37,XXXVII,2764,2878,6,1143,"Two years after the Pandavas return to Hastinapura, the sage Narada visits Yudhishthira and asks about his father's fate. Narada reports that Dhritarashtra, with Gandhari, Kunti and Sanjaya, went to the Ganga and lived by severe penance, reduced to skin and bones. When a forest fire spread, Sanjaya urged escape, but the old king sat in meditation with the two queens and all three were burned, which the sage later confirmed from the bodies. The narrative thus reports the old king's death by fire, which the Pandavas then mourn."
B15C038,B15,Asramavasika Parva,38,38,XXXVIII,2880,2934,1,600,"Yudhishthira laments the death of his father in the forest fire, reflecting that fate is hard to predict for even a powerful king with a hundred sons. He mourns Kunti most, calls the fire-god ungrateful for burning the mother of Arjuna, whom he had once served at Khandava, and wishes that Bhima or Sahadeva had saved her. The sorrow of the brothers and the household is so great that the wails fill the palace and seem to reach the sky."
B15C039,B15,Asramavasika Parva,39,39,XXXIX,2936,3445,71,3222,"Narada corrects the account: Dhritarashtra did not die in an unsanctified fire but in his own sacred fire, which the attending priests had abandoned in the forest and which spread into a blaze. Yudhishthira and the whole household then perform the water offerings and cremation rites, and on the twelfth day make lavish gifts in memory of the old king and his queens. The section closes with a benediction on hearing the Asramavasika Parva, followed by the translator's notes on the text."
B16C001,B16,Mausala Parva,1,1,1,31,131,8,863,"In the thirty-sixth year after the great war, Yudhishthira sees many bad omens and hears that the Vrishnis have been wiped out by an iron bolt. Janamejaya asks who brought this about, and Vaishampayana explains that Time drove the clan to ruin through a curse. The curse came after some Vrishni youths tricked visiting sages with Samva disguised as a pregnant woman. This opening sets up the cause of the Yadava downfall, which the rest of the parva describes."
B16C002,B16,Mausala Parva,2,2,2,133,193,1,657,"The Vrishnis and Andhakas try to avert their fate, but Time appears in their houses and omens multiply. Animals and nature behave in unnatural ways, and people lose their sense of shame and respect. Krishna sees that the thirty-sixth year has come and that Gandhari's earlier words are about to come true. He orders the clan to make a pilgrimage to the sea-coast, which sets up the final gathering at Prabhasa."
B16C003,B16,Mausala Parva,3,3,3,195,322,5,1302,"Before leaving, the Vrishni women and men dream of portents, and their weapons and chariots vanish. The clan travels to Prabhasa, where Uddhava departs and the men start a drinking feast. A drunken quarrel between Yuyudhana and Kritavarma leads to Satyaki killing Kritavarma, and a wider brawl breaks out in which Satyaki and Pradyumna die. Krishna picks up a blade of grass that turns into an iron bolt, and the clan destroys itself, with Krishna and Daruka then turning toward Rama."
B16C004,B16,Mausala Parva,4,4,4,324,431,6,1038,"Krishna sends Daruka to bring Arjuna, then tells Vabhru to guard the women before a hunter's iron bolt kills Vabhru. Krishna goes to find Rama, who has died in yoga and whose serpent soul has gone to the ocean. Krishna thinks over the curses and his own fate, then lies down in yoga, where a hunter named Jara mistakes him for a deer and wounds him. Krishna then ascends to heaven, where the gods honour him."
B16C005,B16,Mausala Parva,5,5,5,433,475,1,451,"Daruka reaches the Pandavas and reports that the Vrishnis have destroyed one another. Arjuna sets out for Dwaraka and finds the city empty of its heroes, with the widows and wives of Krishna overcome with grief. Arjuna weeps, is comforted by the women, and then goes on to see his maternal uncle. The scene marks the arrival of the Pandavas' sorrow at the fall of Dwaraka."
B16C006,B16,Mausala Parva,6,6,6,477,543,2,730,"Arjuna finds his uncle Anakadundubhi, who is grieving for his dead sons and kinsmen. The old man tells him how Krishna left before he died, asking Arjuna to take the women and the kingdom and to perform the funeral rites. He says he has stopped eating and will not go on living. The chapter shows Arjuna taking on the responsibility for the surviving Yadavas."
B16C007,B16,Mausala Parva,7,7,7,545,721,4,1911,"Arjuna orders the Vrishni survivors to prepare for departure, since the sea will soon swallow Dwaraka. Krishna is cremated with his wives, and the dead Vrishnis are given their rites before the procession leaves the city. On the road, Abhira robbers attack the widows, and Arjuna cannot use his bow or weapons well enough to stop them, losing many women. He settles the rest at new places, and then he goes to see Vyasa, marking the end of the Yadava story for Arjuna."
B16C008,B16,Mausala Parva,8,8,8,723,830,4,1077,"Arjuna visits the hermitage of Vyasa, who notices his despair and asks what has happened. Arjuna describes the Vrishni destruction at Prabhasa, the robbery of the women, his lost strength, and Krishna's departure, and he says he no longer wishes to live. Vyasa explains that all this was fated and that Time governs rise and fall, and that the Pandavas' work is finished. He tells Arjuna that it is time for them all to depart."
B17C001,B17,Mahaprasthanika Parva,1,1,1,61,193,9,1214,"After hearing of the slaughter of the Vrishnis and Krishna's ascent to heaven, Yudhishthira decides to give up the world, and his brothers agree. He hands the kingdom to Yuyutsu, places Parikshit on the throne under Kripa's teaching, and makes offerings for the dead. The Pandavas, Draupadi and a dog then set out eastward, and the fire god makes Arjuna give up his bow Gandiva before they head west and north to circle the earth."
B17C002,B17,Mahaprasthanika Parva,2,2,2,195,297,14,664,"The Pandavas climb north toward the Himalayas and Meru, and one by one they fall. Draupadi falls first, then Sahadeva, Nakula, Arjuna and Bhima, and Bhima asks Yudhishthira the cause of each fall. Yudhishthira names a fault in each, and he walks on alone with the dog, never looking back."
B17C003,B17,Mahaprasthanika Parva,3,3,3,299,459,18,1191,"Shakra arrives with a chariot and invites Yudhishthira to heaven, but he refuses to go without his brothers and Draupadi. When Shakra insists he abandon the dog that has followed him, Yudhishthira refuses, arguing that abandoning one devoted to him is as sinful as killing a Brahmana. The dog then reveals itself as Dharma, who praises him, and Yudhishthira goes to heaven, where he insists on joining his brothers and Draupadi, closing the Mahaprasthanika section."
B18C001,B18,Svargarohana Parva,1,1,1,31,113,7,676,"Janamejaya asks what heavenly regions his ancestors, the Pandavas and Kauravas, reached. Yudhishthira sees Duryodhana honored in heaven and refuses to share it, but Narada reminds him that enmities end in heaven. Yudhishthira then asks where his fallen brothers and allies are, showing that his grief is not yet settled."
B18C002,B18,Svargarohana Parva,2,2,2,115,287,16,1419,"Yudhishthira says heaven means nothing without his brothers and allies, and the messenger leads him down a foul, hellish road. Pleading voices from the suffering halt him, and when he asks who they are, they answer with the names of his dead kin, Karna, the Pandavas and Draupadi. Yudhishthira is bewildered, then angrily resolves to stay with them."
B18C003,B18,Svargarohana Parva,3,3,3,289,405,6,1169,"The gods arrive, and the hellish sights and smells vanish. Indra and Dharma explain that the whole hell scene was an illusion and a test, and that Yudhishthira's time there was linked to his earlier deception of Drona. Yudhishthira bathes in the Ganga, sheds his human body, and is freed of enmity and grief."
B18C004,B18,Svargarohana Parva,4,4,4,407,473,4,612,"Praised by the gods, Yudhishthira goes to where his relatives and allies dwell in heaven. He sees Govinda, Phalguna, Karna, Bhima, the twins, and Draupadi, and Indra explains who each one is and where each now lives. The chapter shows the dead heroes reunited in heaven."
B18C005,B18,Svargarohana Parva,5,5,5,475,660,12,1681,"Janamejaya asks how long his heroic ancestors stayed in heaven and whether their place there is lasting. Vaishampayana answers by naming where each great warrior was absorbed after death, and the narrator then closes the whole work with praise of its virtues and of who recites it. The chapter ends the Svargarohana Parva and the frame of the Mahabharata's telling."
B18C006,B18,Svargarohana Parva,6,6,6,662,1075,41,3092,"Janamejaya asks how a learned listener should hear the Bharata, what rites apply, and what rewards follow. Vaishampayana describes the work's scope, the qualities of a good reciter and listener, the heavenly rewards for hearing each portion, and the gifts due at each parva. The chapter closes with praise of the Mahabharata and the note that its eighteen parvas are complete, and it ends with a Project Gutenberg license notice that is not part of the epic."
