scene_id,chapter_id,book_id,scene_index,start_line,end_line,paragraphs,words,summary
B01C001S01,B01C001,B01,1,269,316,5,533,"Sauti arrives at the Naimisha forest, is welcomed by the sages, and is asked what he will tell them. They choose the history composed by Vyasa."
B01C001S02,B01C001,B01,2,331,403,5,770,"Sauti bows to the supreme being and describes the world's creation from a cosmic egg, the lineage of gods and sages, and the many ways the epic is studied."
B01C001S03,B01C001,B01,3,414,481,5,714,"Vyasa has composed the epic but has no one to write it. Brahma tells him to call on Ganesha, who agrees to write it if Vyasa never pauses. Vyasa agrees on condition that Ganesha understand each verse first, and ties knots of hard verses to slow him."
B01C001S04,B01C001,B01,4,490,539,5,472,"Sauti compares the epic to a lamp, a sun and a tree, and sums up its contents book by book. He names how Vyasa fathered Dhritarashtra, Pandu and Vidura and later had the story recited."
B01C001S05,B01C001,B01,5,547,605,5,569,"Sauti gives the size of the epic in verses and in what worlds it is known. He tells briefly of the Pandavas' birth, arrival at Hastinapura and early life."
B01C001S06,B01C001,B01,6,611,660,5,430,"The Pandavas win Draupadi and the Rajasuya sacrifice. Duryodhana is humiliated at their hall, gets the dice game arranged, and the great war follows. Dhritarashtra starts to speak to Sanjaya."
B01C001S07,B01C001,B01,7,666,884,5,2716,"Dhritarashtra lists, one by one, the events that told him his side would lose, from Arjuna's winning Draupadi to Aswatthaman's night attack. After each he repeats that he had no hope of success. He ends by mourning Gandhari and the few survivors."
B01C001S08,B01C001,B01,8,892,966,5,742,"Dhritarashtra wishes to die. Sanjaya comforts him with the example of kings of the past, who also died, and with the teaching that Time creates and destroys all things."
B01C001S09,B01C001,B01,9,974,1023,5,519,"Sauti explains the merit of hearing and reciting the epic, and why it is called the Mahabharata: the gods weighed it against the four Vedas and it was heavier."
B01C001S10,B01C001,B01,10,1034,1034,1,43,"A short closing line: penance, study and the pursuit of wealth are harmless unless misused."
B01C002S01,B01C002,B01,1,1045,1094,5,729,The sages ask about Samanta-panchaka. Sauti tells how Parashurama made lakes of blood there and how the Kuru battle was later fought on the same ground. He also defines an Akshauhini and says how many days each general led the Kaurava army.
B01C002S02,B01C002,B01,2,1120,1239,5,2183,"Sauti begins the table of contents and lists, in order, the sub-books of the epic. He says the eighteen books are condensed from Vyasa's longer plan and starts with the first book, Adi Parva."
B01C002S03,B01C002,B01,3,1324,1532,5,2567,"Contents of Adi Parva's remaining parts, then of the Sabha, Vana (Aranyaka), Virata, Udyoga and Bhishma books, each with its main events."
B01C002S04,B01C002,B01,4,1554,1666,5,1446,"Contents of the Drona, Karna, Shalya, Sauptika and Stri books: the war's later days, Abhimanyu's death, Karna's fall, Duryodhana's defeat, the night massacre, and the women's lament."
B01C002S05,B01C002,B01,5,1691,1752,5,618,"Contents of the Shanti, Anushasana, Aswamedhika and Asramavasika books: Yudhishthira's grief, Bhishma's teachings, the horse sacrifice, and Dhritarashtra's retreat to the forest."
B01C002S06,B01C002,B01,6,1762,1825,5,617,"Contents of the last books: the Yadavas' destruction in Mausala, the Pandavas' final journey, and Yudhishthira's ascent to heaven. A note on the supplement, the Harivamsa."
B01C002S07,B01C002,B01,7,1831,1875,3,490,Sauti closes the contents section with the merit of the Bharata and the benefit of hearing it.
B01C003S01,B01C003,B01,1,1884,1942,5,654,"The curse on Janamejaya's family. The king's brothers beat Sarama's pup, Sarama curses them, the king seeks a priest and picks Somasrava, and the tale turns to Ayoda-Dhaumya's pupil Aruni."
B01C003S02,B01C003,B01,2,1955,2034,5,931,"Aruni plugs a broken water channel with his own body and is named Uddalaka. Upamanyu, sent to herd cows, is stripped by his teacher of every food source until hunger drives him to eat a poisonous plant and blinds him."
B01C003S03,B01C003,B01,3,2045,2099,5,648,"Dhaumya finds blind Upamanyu in a dry well and tells him to pray to the divine twin physicians, the Aswins. Upamanyu begins a long hymn about time, the year as a wheel, and the universe."
B01C003S04,B01C003,B01,4,2112,2141,5,346,"The hymn ends and the Aswins appear. Upamanyu refuses their cake until he offers it to his teacher. Pleased by his loyalty, they restore his sight and promise him golden teeth."
B01C003S05,B01C003,B01,5,2156,2195,5,428,"Upamanyu is praised by his teacher. Then Veda's story: he serves Dhaumya patiently, becomes a teacher himself, and leaves his pupil Utanka in charge of the house, where Utanka refuses to do wrong when the women ask him to."
B01C003S06,B01C003,B01,6,2206,2260,5,651,Utanka is thanked by Veda and sent to ask his teacher's wife for a gift. She asks for Queen Paushya's earrings. On the road a strange man on a huge bull makes Utanka eat the bull's dung. Utanka then asks King Paushya for the earrings and cannot find the queen.
B01C003S07,B01C003,B01,7,2274,2354,5,959,"Paushya says Utanka is ritually unclean; Utanka washes properly and the queen gives the earrings with a warning about Takshaka. A quarrel over unclean food leads to mutual curses. On the road a beggar steals the earrings, turns into Takshaka, and flees underground, where Indra's thunderbolt helps Utanka dig after him."
B01C003S08,B01C003,B01,8,2367,2415,5,545,"In the world of serpents Utanka praises the snake chiefs but does not get the earrings. He sees two women weaving, a twelve-spoked wheel and a man with a horse, and is told to blow into the horse. Fire pours out, Takshaka panics and returns the earrings."
B01C003S09,B01C003,B01,9,2427,2479,5,608,"Utanka rides the horse and reaches his teacher's house just in time, and is blessed. His teacher explains the strange sights (night and day, the year, Indra and the rain god, Agni, and nectar in the bull's dung). Angry at Takshaka, Utanka goes to Hastinapura to see Janamejaya."
B01C003S10,B01C003,B01,10,2492,2534,5,371,"Utanka tells Janamejaya that Takshaka killed his father Parikshit and should be burned in a snake sacrifice. The king is enraged, asks his ministers how his father died, and is overcome with grief. The chapter ends."
B01C004S01,B01C004,B01,1,2544,2571,3,342,"Sauti asks the sages what they want to hear. They say Saunaka, their chief, should be present first. When Saunaka has finished his duties and taken his seat, he begins to speak."
B01C005S01,B01C005,B01,1,2586,2623,5,300,"Saunaka asks for the history of the Bhrigu race. Sauti lists the line from Bhrigu to Chyavana, Pramati, Ruru and Sunaka. Saunaka asks why Chyavana got his name."
B01C005S02,B01C005,B01,2,2626,2668,5,454,"The Rakshasa Puloma, who had once been promised the same woman, finds her alone at the hermitage, abducts her, and asks Agni whether she is truly Bhrigu's wife."
B01C005S03,B01C005,B01,3,2680,2680,1,130,"Agni, afraid of both a lie and Bhrigu's curse, admits she was first chosen by the Rakshasa but was properly married to Bhrigu with fire rites."
B01C006S01,B01C006,B01,1,2698,2742,5,406,"The Rakshasa carries Puloma away as a boar, and her baby falls out and burns him to ashes. Brahma comforts her and names her tear-river. Bhrigu learns Agni gave her away and curses him to eat all things."
B01C007S01,B01C007,B01,1,2750,2830,5,883,"Agni defends himself, then goes into hiding and all sacrifices stop. The gods take the problem to Brahma, who limits the curse. Agni returns and the rites resume."
B01C007S02,B01C007,B01,2,2836,2836,1,17,Closing line: the seventh section ends.
B01C008S01,B01C008,B01,1,2845,2909,5,646,"Descent from Chyavana to Ruru. The story of Pramadvara's birth and upbringing, her betrothal to Ruru, her death from snakebite, and the grief of the sages."
B01C009S01,B01C009,B01,1,2918,2959,5,432,"Ruru's grief in the forest, the heavenly messenger's offer, and Dharma's consent to revive Pramadvara with half of Ruru's life."
B01C009S02,B01C009,B01,2,2969,2995,4,215,"Pramadvara wakes, the two marry, and Ruru begins killing snakes. He meets a Dundubha snake and raises his staff to strike it."
B01C010S01,B01C010,B01,1,3004,3035,5,245,"Ruru explains his vow, the snake pleads for its kind, Ruru spares it, and the snake reveals it is a cursed sage."
B01C011S01,B01C011,B01,1,3043,3086,4,441,"The story of the curse on Sahasrapat, his release at the sight of Ruru, and his lesson that Brahmanas must be gentle and not kill."
B01C012S01,B01C012,B01,1,3094,3118,5,148,"Ruru asks for the Astika story, the sage disappears, and Ruru's father relates it."
B01C013S01,B01C013,B01,1,3126,3150,5,191,Saunaka's questions and Sauti's promise to tell the Astika story as he heard it from his father.
B01C013S02,B01C013,B01,2,3160,3197,5,316,"The wandering ascetic Jaratkaru finds his ancestors hanging in a pit, eaten away by a rat, because he has no descendants."
B01C013S03,B01C013,B01,3,3203,3226,3,239,The ancestors urge him to marry. He promises to wed only a bride of his own name offered as alms.
B01C014S01,B01C014,B01,1,3234,3258,4,186,"Jaratkaru's search, Vasuki's offer of his sister of the same name, and the marriage."
B01C015S01,B01C015,B01,1,3266,3304,5,301,"Why Vasuki married his sister to the sage, the birth of Astika, and a summary of how Astika saved the snakes and freed his father's ancestors."
B01C016S01,B01C016,B01,1,3312,3363,5,518,"Saunaka's request. The story of Kadru and Vinata, their boons from Kasyapa, the eggs, Vinata's mistake and Aruna's curse, and Garuda's birth."
B01C016S02,B01C016,B01,2,3371,3371,1,13,Closing line: the sixteenth section ends.
B01C017S01,B01C017,B01,1,3379,3417,5,295,"The sisters see Uchchaihsravas, the question about the churning, and the gods' assembly on Mount Meru where the churning is advised."
B01C018S01,B01C018,B01,1,3425,3468,5,511,"Preparations: Mandara is uprooted, placed on the tortoise, and used as a churning staff with Vasuki as rope. The churning begins and creates chaos."
B01C018S02,B01C018,B01,2,3481,3516,5,443,"The gods tire and Narayana renews their strength. Treasures rise from the ocean, the poison Kalakuta is swallowed by Siva, and Narayana, as an enchantress, takes the nectar."
B01C018S03,B01C018,B01,3,3534,3534,1,13,Closing line: the eighteenth section ends.
B01C019S01,B01C019,B01,1,3542,3590,5,583,"The gods drink the nectar, Rahu is beheaded, and the battle against the Asuras begins and is turned by Vishnu's discus."
B01C019S02,B01C019,B01,2,3607,3633,3,246,The Asuras hurl mountains but are driven into the earth and sea. The gods return Mandara and give the nectar to Narayana.
B01C020S01,B01C020,B01,1,3641,3686,4,427,"The wager of the sisters, Kadru's trick, her curse on her own sons, and Brahma's approval of it."
B01C021S01,B01C021,B01,1,3694,3745,4,503,The sisters' journey and a long poetic description of the ocean.
B01C022S01,B01C022,B01,1,3753,3796,5,313,The snakes decide to obey Kadru and turn into black tail hairs. The sisters cross the ocean.
B01C023S01,B01C023,B01,1,3806,3893,5,948,"Vinata loses the wager and is enslaved. Garuda hatches and terrifies the gods, who are reassured by Agni and then praise Garuda until he calms down."
B01C023S02,B01C023,B01,2,3898,3901,2,14,Closing line: the twenty-third section ends.
B01C024S01,B01C024,B01,1,3911,3934,5,152,Garuda reduces his size and carries Aruna to the east. Saunaka asks why Surya was angry.
B01C024S02,B01C024,B01,2,3939,3979,4,408,"Surya's anger at the gods after Rahu's enmity, the panic of the world, and Brahma's remedy of making Aruna his charioteer."
B01C025S01,B01C025,B01,1,3987,4035,3,540,"Kadru commands Vinata to carry her to the Nagas' island, Garuda carries the snakes toward the sun, and Kadru prays to Indra for help."
B01C026S01,B01C026,B01,1,4043,4071,4,221,Indra covers the sky with clouds and a great rain falls. The snakes and their mother reach Ramaniyaka.
B01C027S01,B01C027,B01,1,4079,4128,5,462,The snakes land on the island and enjoy it. Garuda learns why they are enslaved and asks the snakes the price of freedom. They demand amrita.
B01C027S02,B01C027,B01,2,4131,4131,1,1,End of the closing line of the twenty-seventh section.
B01C028S01,B01C028,B01,1,4141,4200,4,620,"Vinata's advice about Brahmanas and her blessing, and Garuda's attack on the Nishada fishermen."
B01C029S01,B01C029,B01,1,4208,4248,5,401,The Brahmana escapes from Garuda's throat. Garuda meets his father Kasyapa and asks for more food.
B01C029S02,B01C029,B01,2,4256,4333,5,779,"Kasyapa tells the story of the brothers cursed to be an elephant and a tortoise, blesses Garuda, and Garuda picks up both and lands on a giant banyan whose branch breaks."
B01C030S01,B01C030,B01,1,4341,4385,5,441,"Garuda saves the Valakhilya sages, receives the name Garuda, and Kasyapa asks the sages to let go of the branch."
B01C030S02,B01C030,B01,2,4394,4479,5,883,"Garuda drops the branch on an empty mountain and eats the elephant and tortoise. Omens appear in heaven, Vrihaspati explains them, and Indra and the gods prepare to defend the nectar."
B01C031S01,B01C031,B01,1,4487,4546,5,583,"Saunaka's questions, and the story of how Indra mocked the Valakhilyas and they began a sacrifice to create a rival to him."
B01C031S02,B01C031,B01,2,4549,4578,5,350,Kasyapa mediates: the new Indra will be a bird king and his son. Vinata conceives and bears Aruna and Garuda.
B01C031S03,B01C031,B01,3,4594,4594,1,13,Closing line: the thirty-first section ends.
B01C032S01,B01C032,B01,1,4602,4656,5,625,"The battle of Garuda against the gods and Yakshas, and his quenching of the fire around the nectar."
B01C032S02,B01C032,B01,2,4668,4668,1,13,Closing line: the thirty-second section ends.
B01C033S01,B01C033,B01,1,4676,4740,5,665,"Garuda gets past the wheel and snakes, takes the nectar, meets Vishnu and gets boons, is struck by Indra's thunderbolt and sheds a feather, and Indra offers friendship."
B01C033S02,B01C033,B01,2,4745,4745,1,13,Closing line: the thirty-third section ends.
B01C034S01,B01C034,B01,1,4753,4800,5,638,"The friendship of Garuda and Indra, Garuda's boast, and the plan to return the nectar. Garuda asks that snakes be his food."
B01C034S02,B01C034,B01,2,4819,4832,3,86,"The snakes lose the nectar, their tongues split, Garuda frees his mother, and the story ends with its benefit."
B01C035S01,B01C035,B01,1,4840,4862,5,138,"Saunaka's request and Sauti's introduction to the list. The list begins with Sesha, Vasuki and others."
B01C035S02,B01C035,B01,2,4865,4877,5,37,First part of the list of snake names.
B01C035S03,B01C035,B01,3,4880,4892,5,31,Second part of the list of snake names.
B01C035S04,B01C035,B01,4,4895,4910,3,90,"Last names, and Sauti's remark that the rest are countless."
B01C036S01,B01C036,B01,1,4918,4958,5,427,"Sesha's penances and his talk with Brahma, in which he says he wants to avoid his brothers."
B01C036S02,B01C036,B01,2,4969,4996,5,217,"Sesha asks only for virtue. Brahma tells him to support the earth, and he slides under it and holds it."
B01C036S03,B01C036,B01,3,5003,5017,3,98,Brahma praises Sesha as Dharma himself and gives him Garuda as helper.
B01C037S01,B01C037,B01,1,5025,5101,5,786,"Vasuki's council: his speech, the many proposals of the snakes to stop Janamejaya's sacrifice, and his rejection of them."
B01C038S01,B01C038,B01,1,5109,5147,3,485,"Elapatra recalls what Brahma told the gods: Astika, son of Jaratkaru and Vasuki's sister, will stop the sacrifice. He advises Vasuki to prepare."
B01C039S01,B01C039,B01,1,5160,5195,5,347,"Vasuki raises his sister, the gods plead for him to Brahma, Brahma confirms the plan, and Vasuki sets snakes to watch the sage."
B01C040S01,B01C040,B01,1,5209,5231,5,119,Saunaka asks about the name Jaratkaru and Astika's birth.
B01C040S02,B01C040,B01,2,5236,5292,5,599,"Vasuki's waiting, and the tale of Parikshit hunting a deer, meeting the silent sage Samika, and placing a dead snake on his shoulder. Samika's son Sringin comes home."
B01C040S03,B01C040,B01,3,5299,5299,1,110,Krisa taunts Sringin about his father's dead snake.
B01C041S01,B01C041,B01,1,5315,5346,5,268,Sringin hears the story of the king and the snake from Krisa and curses the king.
B01C041S02,B01C041,B01,2,5353,5362,2,433,"Sringin tells his father, who criticises him and explains the value of kings."
B01C042S01,B01C042,B01,1,5399,5447,5,465,"Sringin insists on his curse; Samika counsels forgiveness and sends a disciple, Gaurmukha, to warn the king."
B01C042S02,B01C042,B01,2,5454,5508,5,622,"Gaurmukha's message, the king's regret, his fortified tower, and Kasyapa meeting Takshaka on the road."
B01C043S01,B01C043,B01,1,5524,5549,5,389,"The tree test: Takshaka burns a banyan with a bite, and Kasyapa revives it."
B01C043S02,B01C043,B01,2,5571,5605,5,521,"Takshaka buys Kasyapa off, sends disguised snakes with fruit to the king, and bites the king when he puts a worm from the fruit on his neck."
B01C044S01,B01C044,B01,1,5635,5655,4,387,"The death of Parikshit, the crowning of Janamejaya, and his marriage to Vapushtama."
B01C045S01,B01C045,B01,1,5684,5713,3,880,"Jaratkaru meets his ancestors in the pit, offers his merit, and they explain the rope, the rat and their plight."
B01C046S01,B01C046,B01,1,5766,5779,5,52,Jaratkaru reveals who he is to his ancestors.
B01C046S02,B01C046,B01,2,5782,5808,4,537,"He agrees to marry on his conditions, searches in vain, calls aloud in the forest, and Vasuki brings his sister."
B01C047S01,B01C047,B01,1,5842,5884,5,525,"Vasuki's offer, the marriage and its agreement, the conception, and the sunset dilemma while the sage sleeps."
B01C047S02,B01C047,B01,2,5899,5953,5,577,"She wakes him, he is offended and leaves, with a prophecy about the son."
B01C047S03,B01C047,B01,3,5961,5961,1,22,The sage leaves for penance.
B01C048S01,B01C048,B01,1,5970,6009,5,393,"She tells her brother about the sage's departure, and Vasuki is reassured by his words."
B01C048S02,B01C048,B01,2,6018,6018,1,193,The birth and upbringing of Astika.
B01C049S01,B01C049,B01,1,6040,6061,5,437,Saunaka's request. Janamejaya's question to his ministers and their account of Parikshit's reign.
B01C049S02,B01C049,B01,2,6094,6109,3,356,Janamejaya asks for the full story of his father's death. The ministers describe the hunt and the dead snake.
B01C050S01,B01C050,B01,1,6136,6203,5,771,"The ministers tell how the sage was insulted, how his son Sringin cursed the king, and how Takshaka killed the king after Kasyapa was paid off."
B01C050S02,B01C050,B01,2,6214,6255,4,550,"Janamejaya asks his ministers for every detail, grieves, and declares his resolve to avenge his father on Takshaka."
B01C051S01,B01C051,B01,1,6275,6299,4,420,"Janamejaya decides on a snake-sacrifice, the priests explain it, the platform is built, and a builder warns of obstruction, so the king bars entry to all."
B01C052S01,B01C052,B01,1,6328,6332,2,246,"The priests start the sacrifice, and countless snakes of every kind fall into the fire."
B01C053S01,B01C053,B01,1,6360,6398,5,379,"Saunaka asks about the priests, Sauti names them, and the snakes continue to fall into the fire while Takshaka seeks Indra's protection."
B01C053S02,B01C053,B01,2,6409,6409,1,237,"Vasuki, grieving over the destruction of his race, calls his sister and asks her to send her son Astika to stop the sacrifice."
B01C054S01,B01C054,B01,1,6434,6471,5,319,"Jaratkaru tells Astika that Kadru cursed the snakes to burn in the sacrifice, and that the gods asked Brahman how to undo the curse."
B01C054S02,B01C054,B01,2,6476,6512,5,332,"Brahman says a Brahmana born of Jaratkaru will save the snakes, Jaratkaru reveals her son's role, and Astika promises to stop the sacrifice."
B01C054S03,B01C054,B01,3,6519,6519,1,126,"Astika gets past the doorkeepers and enters the sacrificial compound, where he honours the king, priests, and sacred fire."
B01C055S01,B01C055,B01,1,6538,6592,3,630,"Astika praises the sacrifice and its priests with a long string of comparisons, and the king, noticing signs around him, addresses them."
B01C056S01,B01C056,B01,1,6603,6625,5,148,"Janamejaya offers Astika a boon, but the Sadasyas and the Hotri say Takshaka has not yet arrived, and the king urges the priests to finish the rite."
B01C056S02,B01C056,B01,2,6631,6663,5,311,"The priests and the Suta Lohitaksha say Takshaka is hiding with Indra, and the Hotri's libations force Indra to release him toward the fire."
B01C056S03,B01C056,B01,3,6674,6704,5,232,"Takshaka is about to fall into the fire when Astika asks that the sacrifice end, and the king offers gold and cattle instead."
B01C056S04,B01C056,B01,4,6711,6717,2,92,"Astika refuses all gifts and asks only for the end of the sacrifice, and the assembly presses the king to grant it."
B01C057S01,B01C057,B01,1,6730,6775,5,426,"Sauti names the principal snakes from several families, and says the rest are too many to count, all burned in the fire."
B01C057S02,B01C057,B01,2,6785,6785,1,60,Sauti adds that many other huge and powerful snakes were burned in the great sacrifice.
B01C058S01,B01C058,B01,1,6797,6823,5,402,"The king grants Astika's boon, ends the sacrifice, rewards the priests, and sends Astika home to his family."
B01C058S02,B01C058,B01,2,6847,6886,5,329,"The snakes thank Astika and promise safety to anyone who remembers his deed, and Astika later goes to heaven."
B01C058S03,B01C058,B01,3,6889,6895,2,91,"Sauti closes the story, saying the recital is a charm against fear of snakes, and that he passes on Pramati's tale to Ruru."
B01C059S01,B01C059,B01,1,6909,6940,5,252,"Saunaka asks for Vyasa's history, Sauti explains what Vyasa recited, and Sauti agrees to tell the Mahabharata from the start."
B01C060S01,B01C060,B01,1,6951,7005,5,521,"Vyasa is introduced and welcomed with honour, and Janamejaya asks him about the Kurus, the Pandavas, and the cause of their war."
B01C060S02,B01C060,B01,2,7012,7012,1,45,"At Vyasa's command, Vaisampayana begins the full recital of the history to the king and the assembly."
B01C061S01,B01C061,B01,1,7023,7069,5,525,"Vaisampayana explains why the Pandavas were driven out, with Duryodhana's plots: poison, drowning, and a lac house at Varanavata that Vidura had warned them about."
B01C061S02,B01C061,B01,2,7083,7165,4,928,"The Pandavas escape the lac house, win Draupadi, settle Khandavaprastha, and are sent into exile after a dice game, and then the war ends the rivalry."
B01C062S01,B01C062,B01,1,7176,7257,5,1332,"Janamejaya asks for the full recital, and Vaisampayana agrees and describes the Mahabharata's size, merits, author's purpose, and range of subjects."
B01C063S01,B01C063,B01,1,7305,7369,5,722,"Indra blesses King Uparichara Vasu with a crystal car, a garland and a pole, and Vasu starts a festival in Indra's honour."
B01C063S02,B01C063,B01,2,7380,7414,5,580,"Vasu's sons found kingdoms, his children are born from a river and a mountain, and Vasu sends his seed to his wife Girika through a hawk."
B01C063S03,B01C063,B01,3,7442,7492,5,685,"The hawk drops the seed, a fish swallows it, and from the fish come the twins Matsya and Satyavati, the girl later courted by the sage Parasara."
B01C063S04,B01C063,B01,4,7511,7585,5,1251,"Satyavati, freed from her fishy smell, bears Vyasa, who arranges the Vedas, and the text lists the births of Bhishma, Vidura, the Pandavas, the Kauravas and their allies."
B01C063S05,B01C063,B01,5,7631,7631,1,48,"The text says hundreds of thousands of kings fought in the great battle, and it names only the principal ones."
B01C064S01,B01C064,B01,1,7642,7731,5,1188,"Vaisampayana says that the Kshatriyas were restored after Parasurama, the earth prospered, and then Asuras were reborn as kings who oppressed the world, so the earth went to Brahman for help."
B01C064S02,B01C064,B01,2,7755,7766,2,260,"Brahman tells the gods to be born on earth, and Indra goes to Narayana, who agrees to be incarnated."
B01C065S01,B01C065,B01,1,7786,7823,5,784,"Vaisampayana says the gods were reborn among royal and Brahmarshi families and slew the Danavas and Rakshasas, then begins the genealogy that Janamejaya requested."
B01C065S02,B01C065,B01,2,7877,7917,4,389,"He recites the lines of Kasyapa's children and says that the account brings long life, progeny and fame to those who read it."
B01C066S01,B01C066,B01,1,7928,8011,5,937,"Vaisampayana names Brahman's sons and their lines, including the Rudras, Daksha's daughters, the Vasus, Dharma's sons, and the Adityas, with Kasyapa as father of gods and Asuras."
B01C066S02,B01C066,B01,2,8020,8063,4,960,"He traces the Bhrigu descendants, including Sukra, Chyavana, Aurva and Parasurama, and lists the animals and beings born of Tamra, Krodha, Surabhi and others."
B01C067S01,B01C067,B01,1,8117,8293,5,2090,"Vaisampayana names the earthly rebirths of Asuras, Danavas and other beings, from kings like Jarasandha to heroes like Bhishma, Drona and Duryodhana, and Janamejaya asks for the sons of Dhritarashtra."
B01C067S02,B01C067,B01,2,8298,8445,5,1778,"Vaisampayana lists Dhritarashtra's children, then explains how the Pandavas, Draupadi, Abhimanyu and Karna were born as portions of gods and other beings."
B01C068S01,B01C068,B01,1,8466,8488,4,430,"Janamejaya asks for the Kuru line from its beginning, and Vaisampayana starts with King Dushmanta and describes his prosperous, virtuous reign."
B01C069S01,B01C069,B01,1,8517,8580,5,811,Dushmanta marches into the forest with a great army and hunts until the forest is emptied of its animals.
B01C070S01,B01C070,B01,1,8603,8666,5,891,"Dushmanta crosses a barren plain, reaches a beautiful forest by the Malini, and resolves to visit the hermitage of Kanwa."
B01C070S02,B01C070,B01,2,8693,8693,1,557,"He enters the hermitage with only his minister and priest, and is amazed by the chanting and learning of its Brahmanas."
B01C071S01,B01C071,B01,1,8748,8793,5,443,"In the empty hermitage Dushmanta meets Sakuntala, who says she is Kanwa's daughter, and he questions her about her birth."
B01C071S02,B01C071,B01,2,8802,8809,2,748,"Sakuntala starts to explain her birth, quoting her father's account of Indra's fear of Viswamitra and his sending of Menaka to tempt him."
B01C072S01,B01C072,B01,1,8869,8912,3,518,"Kanwa's account continues with the union of Viswamitra and Menaka, the abandoned infant guarded by vultures, and her adoption by Kanwa."
B01C073S01,B01C073,B01,1,8924,8967,5,447,"Dushmanta proposes a Gandharva marriage and argues for it from the rules of marriage, and Sakuntala agrees on condition that her son becomes heir."
B01C073S02,B01C073,B01,2,8976,9018,5,401,"They marry, Dushmanta promises to send an escort, and Kanwa, returning home, approves the union and blesses the coming son."
B01C073S03,B01C073,B01,3,9024,9024,1,27,Sakuntala asks Kanwa for a boon that the Paurava monarchs stay virtuous and keep their thrones.
B01C074S01,B01C074,B01,1,9034,9218,5,2926,"Sakuntala brings her son to Dushmanta and asks him to honour his promise, but he denies knowing her, and she answers with a long speech on a father's duty and on truth."
B01C074S02,B01C074,B01,2,9279,9304,2,719,"A voice from heaven declares the boy to be Dushmanta's son, the king names him Bharata and installs him as heir, and the text describes Bharata's conquests and sacrifices."
B01C075S01,B01C075,B01,1,9347,9453,5,1404,"Vaisampayana recites the genealogy from Daksha through Manu, Pururavas and Nahusha to Yayati, who exchanges his old age for Puru's youth and returns it again."
B01C075S02,B01C075,B01,2,9477,9477,1,62,"Yayati crowns Puru, goes to the mount of Bhrigu, and after long years of asceticism dies and ascends to heaven with his wives."
B01C076S01,B01C076,B01,1,9490,9544,5,526,"Janamejaya asks about Yayati's marriage, and the gods send Kacha to Sukra to learn the reviving science, and Kacha becomes his disciple."
B01C076S02,B01C076,B01,2,9550,9616,5,861,"Kacha serves Sukra and Devayani for five hundred years, the Danavas kill him, Sukra revives him, and they kill him again."
B01C076S03,B01C076,B01,3,9633,9692,5,822,"Kacha is hidden inside Sukra's stomach, is brought out by a rip in his belly, and revives Sukra, who then curses wine-drinking Brahmanas."
B01C076S04,B01C076,B01,4,9714,9714,1,49,"Kacha, after a thousand years of study, takes his leave to return to heaven."
B01C077S01,B01C077,B01,1,9726,9776,5,587,"Devayani asks Kacha to take her hand, he refuses, and each curses the other."
B01C077S02,B01C077,B01,2,9789,9789,1,73,"Kacha returns to heaven, and the gods praise his deed and grant him a share in sacrificial offerings."
B01C078S01,B01C078,B01,1,9803,9862,5,636,"Indra's trick sets off the quarrel between Devayani and Sarmishtha, Sarmishtha throws Devayani into a well, and Yayati finds her and asks who she is."
B01C078S02,B01C078,B01,2,9871,9925,5,541,"Yayati lifts Devayani out and returns to his capital, and Devayani's father Sukra is told of the insult and soothes her."
B01C079S01,B01C079,B01,1,9935,9939,2,368,"Sukra urges forgiveness over anger, and Devayani refuses, saying she will not stay among those who speak ill of good behaviour."
B01C080S01,B01C080,B01,1,9976,10013,5,322,"Sukra, angered at the insult, prepares to leave the Asuras, and Vrishaparvan begs him to stay and offers him all the Asura wealth."
B01C080S02,B01C080,B01,2,10019,10042,5,162,"Devayani demands that Sarmishtha and a thousand maids attend her, and Vrishaparvan orders Sarmishtha to comply."
B01C080S03,B01C080,B01,3,10048,10083,5,275,"Sarmishtha agrees to become Devayani's attendant and to follow her wherever she is given away, and Sukra returns to the Asura capital."
B01C081S01,B01C081,B01,1,10094,10135,5,412,"Devayani and Sarmishtha meet Yayati in the woods, and he asks their names and their stations."
B01C081S02,B01C081,B01,2,10144,10194,5,550,"Devayani chooses Yayati, he resists on grounds of caste, Sukra arrives and gives Devayani to him, and absolves him of the sin of a mixed marriage."
B01C081S03,B01C081,B01,3,10205,10205,1,77,"Yayati marries Devayani with the proper rites, receives Sarmishtha and the maids, and returns to his capital."
B01C082S01,B01C082,B01,1,10219,10265,5,700,"Yayati installs Devayani and Sarmishtha, Devayani bears a son, and Sarmishtha, anxious to have a child, approaches the king with her request."
B01C082S02,B01C082,B01,2,10291,10299,2,104,"Yayati yields to Sarmishtha, and she bears a son."
B01C083S01,B01C083,B01,1,10311,10354,5,412,"Devayani learns of Sarmishtha's child and is told a Rishi is the father, then finds Sarmishtha's three sons with Yayati in the woods and learns the truth."
B01C083S02,B01C083,B01,2,10362,10407,5,573,"The boys run to their mother, Devayani accuses Sarmishtha, and she leaves for her father Sukra, who curses Yayati with decrepitude."
B01C083S03,B01C083,B01,3,10424,10424,1,163,"Yayati begs Sukra to remove the curse, and Sukra says he can pass it to a son willing to take it."
B01C084S01,B01C084,B01,1,10444,10482,5,400,"Yayati asks Yadu and Turvasu to exchange youth for his old age, and both refuse and are cursed."
B01C084S02,B01C084,B01,2,10494,10543,4,493,"Yayati asks Drahyu and Anu, who refuse and are cursed, and then Puru agrees and takes the decrepitude."
B01C085S01,B01C085,B01,1,10552,10633,5,885,"Yayati enjoys Puru's youth for a thousand years, renounces desire, returns the youth, and, after the four orders object, is backed by the people in crowning Puru."
B01C085S02,B01C085,B01,2,10641,10649,2,116,"Puru is crowned, Yayati goes to the forest, and the peoples descended from his sons are named."
B01C086S01,B01C086,B01,1,10661,10696,5,482,"Yayati withdraws to the forest, ascends to heaven and is hurled down, and Janamejaya asks for the whole story, which Vaisampayana agrees to tell."
B01C087S01,B01C087,B01,1,10720,10741,5,121,"Yayati dwells in heaven, and Indra asks him what he said to Puru when he gave up the kingdom."
B01C087S02,B01C087,B01,2,10747,10747,1,318,"Yayati recites his counsel to Puru on kingship, forgiveness and speech."
B01C088S01,B01C088,B01,1,10780,10803,3,477,"Indra tells Yayati he must fall for disregarding others, Yayati asks to fall among the virtuous, and as he falls the royal sage Ashtaka welcomes him."
B01C089S01,B01C089,B01,1,10833,10884,5,900,"Yayati, falling from heaven, introduces himself, speaks on destiny and humility, and recounts his stay in the heavens and his fall."
B01C090S01,B01C090,B01,1,10927,10960,5,357,"Ashtaka asks why Yayati was cast out, and Yayati describes the earth-hell of self-praise and the sufferings of rebirth."
B01C090S02,B01C090,B01,2,10973,11022,5,489,"Ashtaka asks how fallen beings are reborn, and Yayati explains rebirth from a subtle seed through the womb."
B01C090S03,B01C090,B01,3,11029,11029,1,206,Yayati lists the seven gates to heaven and says vanity destroys them.
B01C091S01,B01C091,B01,1,11055,11100,5,395,"Ashtaka asks how the four stages of life should be lived, and Yayati outlines the duties of each, then the number of kinds of Munis."
B01C091S02,B01C091,B01,2,11106,11121,2,310,"Yayati explains what a Muni is, wherever he lives, and describes the silent, detached ascetic."
B01C092S01,B01C092,B01,1,11143,11182,5,385,"Ashtaka asks whether the ascetic or the knower reaches Brahman first, and Yayati says the wise do, and then reveals that he is falling to the earth-hell."
B01C092S02,B01C092,B01,2,11192,11220,5,248,"Ashtaka offers Yayati the regions he has earned, Yayati refuses, and Pratardana asks whether he too has regions."
B01C092S03,B01C092,B01,3,11227,11239,3,194,"Pratardana offers his worlds, and Yayati refuses, saying a king should not take another's merit."
B01C093S01,B01C093,B01,1,11256,11279,5,151,"Vasumat asks for heavenly worlds, offers them to Yayati, and proposes that he buy them, which Yayati declines."
B01C093S02,B01C093,B01,2,11285,11313,5,237,"Sivi offers his worlds too, Yayati refuses, and Ashtaka says they will descend if Yayati does not take them."
B01C093S03,B01C093,B01,3,11320,11338,5,94,"Yayati says he will take only what he has earned, and the others point him to five golden cars."
B01C093S04,B01C093,B01,4,11344,11370,5,407,"The company sets out for heaven together, and Ashtaka asks why Sivi has gone ahead, and Yayati explains and identifies himself."
B01C093S05,B01C093,B01,5,11394,11394,1,35,"Vaisampayana closes the episode, saying Yayati ascends to heaven, rescued by his descendants."
B01C094S01,B01C094,B01,1,11405,11510,5,1445,"Vaisampayana traces Puru's line through Dushmanta and Bharata to Samvarana, whose defeat by the Panchalas is reversed by Vasishtha, and on through Kuru, Pratipa and Santanu."
B01C094S02,B01C094,B01,2,11542,11542,1,60,Vaisampayana says many more excellent monarchs were born in the lines of Bharata and Manu.
B01C095S01,B01C095,B01,1,11555,11620,5,644,Vaisampayana starts the genealogy from Daksha and Aditi and runs through Yayati and the descendants of Puru to Tansu.
B01C095S02,B01C095,B01,2,11625,11640,5,99,"The genealogy passes through Ilina and Dushmanta to Sakuntala and her son Bharata, with verses on Dushmanta's descendants."
B01C095S03,B01C095,B01,3,11648,11648,1,309,"The name of Bharata is explained, and the line runs through Hastinapura and its kings to Santanu."
B01C096S01,B01C096,B01,1,11687,11804,5,1231,"The text traces the line from Santanu through Bhishma, Satyavati's sons and Pandu's curse to the Pandavas, their marriages, and the rebirth of Parikshit, and ends with the recital's benefits."
B01C096S02,B01C096,B01,2,11808,11870,5,625,"Mahabhisha is cursed for staring at Ganga, asks to be reborn to Pratipa, and Ganga agrees to bear the Vasus, cursed by Vasishtha, as her children."
B01C097S01,B01C097,B01,1,11879,11929,5,900,"Ganga comes to Pratipa as a maiden, is refused and offered as a wife to his son, agrees on conditions, and Santanu later meets and asks to marry her."
B01C098S01,B01C098,B01,1,11969,11973,2,670,"Ganga marries Santanu under conditions, drowns their sons one by one until the king protests, and leaves after revealing who she is, giving the eighth child to Santanu to rear."
B01C099S01,B01C099,B01,1,12033,12067,5,635,"Santanu asks why the Vasus were cursed, and Ganga describes Vasishtha's asylum and the cow Nandini, and how the Vasus, led by Dyu, stole her."
B01C099S02,B01C099,B01,2,12100,12146,5,477,"Vasishtha curses the Vasus, softens the curse for Dyu, Ganga disposes of the children, and she leaves with her son while Santanu returns home."
B01C100S01,B01C100,B01,1,12157,12236,5,1161,"Santanu's virtues and peaceful reign are praised, and Ganga presents his grown son Devavrata, whom Santanu makes heir."
B01C100S02,B01C100,B01,2,12268,12369,5,1381,"Santanu meets the fisherman's daughter, the fisherman demands a pledge about her son, and Devavrata goes to win her for his father."
B01C100S03,B01C100,B01,3,12391,12412,3,286,"Devavrata renounces the throne and vows celibacy, the fisherman gives his daughter, and Devavrata is named Bhishma and granted the choice of his death."
B01C101S01,B01C101,B01,1,12428,12432,2,328,"Santanu's sons are born to Satyavati, Santanu dies, Chitrangada is killed by a Gandharva, and Bhishma installs Vichitravirya."
B01C102S01,B01C102,B01,1,12467,12580,5,1766,"Bhishma wins the Kasi princesses by force, defeats the kings and Salya, lets Amba go, and marries Ambika and Ambalika to Vichitravirya, who dies of consumption."
B01C103S01,B01C103,B01,1,12632,12664,3,675,"Satyavati asks Bhishma to raise children on his brother's widows, and Bhishma refuses on grounds of truth and his vow."
B01C104S01,B01C104,B01,1,12702,12775,5,808,"Bhishma tells Satyavati of Parashurama's destruction of the Kshatriyas and the story of Utathya's son Dirghatamas, born blind, and of his marriage and quarrel with his wife."
B01C104S02,B01C104,B01,2,12784,12831,2,627,"Dirghatamas is cast into the Ganges, rescued by King Vali, and fathers sons, and Bhishma concludes that the line may be continued by Brahmanas' seed."
B01C105S01,B01C105,B01,1,12843,12895,5,978,"Bhishma proposes a paid Brahmana, Satyavati reveals that Vyasa, her son by Parashara, can serve, and Bhishma approves and calls Vyasa."
B01C105S02,B01C105,B01,2,12938,12986,5,451,"Vyasa agrees on condition of a year's vow and warns of his looks, and Satyavati persuades the princess of Kosala to accept him."
B01C106S01,B01C106,B01,1,12997,13074,5,832,"The three widows bear Dhritarashtra, who is blind, Pandu, who is pale, and Vidura, born of a maidservant, each as Vyasa has foretold."
B01C107S01,B01C107,B01,1,13084,13094,3,418,"Janamejaya asks about Dharma's curse, and Vaisampayana tells how the sage Mandavya was impaled as a thief and was visited by sages in bird form."
B01C108S01,B01C108,B01,1,13132,13181,4,576,"Mandavya forgives the king, questions the god of justice, learns that his offence was a child's, and curses Dharma to be born as Vidura."
B01C109S01,B01C109,B01,1,13194,13198,2,652,"The Kuru land prospers, Bhishma raises the three princes, Pandu becomes king, and Bhishma turns to Vidura for counsel."
B01C110S01,B01C110,B01,1,13259,13282,3,438,"Bhishma proposes marriages, Vidura defers, and Gandhari is married to Dhritarashtra, blindfolding herself out of devotion."
B01C111S01,B01C111,B01,1,13310,13390,5,847,"Pritha receives Durvasa's mantra, summons the Sun, and bears Karna, who is abandoned and raised by Radha and her husband, gives his armour to Indra, and is named Karna."
B01C112S01,B01C112,B01,1,13400,13404,2,300,"Kunti chooses Pandu at her father's assembly, and the couple is married and goes to Hastinapura."
B01C113S01,B01C113,B01,1,13437,13482,3,1158,"Bhishma wins Madri for Pandu from Salya with gifts, Pandu marries her, and he conquers many kingdoms and returns in triumph."
B01C114S01,B01C114,B01,1,13542,13582,5,354,"Pandu shares his wealth with the family and performs sacrifices, retires to the woods with his wives, and Bhishma arranges Vidura's marriage."
B01C115S01,B01C115,B01,1,13594,13646,5,566,"Gandhari's boon and two-year pregnancy lead to a lump of flesh, which Vyasa divides into parts that are kept in pots of butter to mature."
B01C115S02,B01C115,B01,2,13657,13701,3,520,"Duryodhana is born with ominous signs, Dhritarashtra asks who should be king, and Vidura's advice to cast off the eldest is refused, and the hundred sons, a daughter and Yuyutsu are born."
B01C116S01,B01C116,B01,1,13712,13765,5,522,"Janamejaya asks how Duhsala was born, and Vaisampayana explains that the extra part of the lump, set aside for Gandhari's wish, became her daughter."
B01C117S01,B01C117,B01,1,13775,13784,3,225,"Janamejaya asks for the sons' names in birth order, and Vaisampayana recites them, adding that they were skilled warriors and that Duhsala was married to Jayadratha."
B01C118S01,B01C118,B01,1,13815,13866,5,500,"Janamejaya asks about the Pandavas, and Vaisampayana begins with Pandu shooting a deer in the forest, which turns out to be a sage in animal form, who cries out like a man."
B01C118S02,B01C118,B01,2,13873,13919,3,565,"Pandu defends the killing, and the dying sage answers that the timing was the crime and curses Pandu to die when desire takes him."
B01C119S01,B01C119,B01,1,13928,14025,5,1227,"Pandu vows to renounce desire and the world, and his wives insist on sharing his forest life. He gives away his wealth, and his attendants carry the news back to Hastinapura, where Dhritarashtra grieves."
B01C119S02,B01C119,B01,2,14043,14043,1,96,"Pandu travels with his wives through a series of named mountains and lakes in the Himalayas, reaching the Hundred-Peak mountain where he continues his austerities."
B01C120S01,B01C120,B01,1,14059,14109,5,659,"Pandu asks to go with the sages to Brahma's gathering. They warn him that the northern heights are too dangerous, and he answers that he is sonless and has not repaid his debt to his ancestors."
B01C120S02,B01C120,B01,2,14130,14141,2,607,"The sages foresee a blessed son for Pandu, and Pandu, recalling his lost power to beget children, asks Kunti to have sons by another man."
B01C121S01,B01C121,B01,1,14190,14262,4,965,"Kunti tells Pandu she will accept only him, then recounts the story of Vyushitaswa and his widow Bhadra, whose promised offspring came from the dead king's body, and asks Pandu to do likewise."
B01C122S01,B01C122,B01,1,14282,14360,5,1046,"Pandu argues from old precedents that wives should bear children at their husband's command, and Kunti recalls the mantra Durvasa once gave her to call a god."
B01C122S02,B01C122,B01,2,14382,14396,2,170,"Pandu chooses Dharma, the god of justice, as the father, and Kunti agrees to call him."
B01C123S01,B01C123,B01,1,14406,14475,5,755,"Kunti calls Dharma and Vayu, who father Yudhishthira and Bhima. Pandu then decides to win Indra's favour through a year of severe austerity, and Kunti keeps her own vow."
B01C123S02,B01C123,B01,2,14483,14583,4,1120,"Indra promises Pandu a son and fathers Arjuna, and the gods and celestial beings gather to celebrate. When Pandu asks for more children, Kunti refuses."
B01C124S01,B01C124,B01,1,14599,14646,5,521,"Madri asks Pandu for children, Pandu asks Kunti to help, and Kunti tells Madri to call a god, so Madri bears twins to the Ashvins."
B01C124S02,B01C124,B01,2,14658,14685,3,374,"The five sons are named and grow up on the mountain, and Kunti later refuses Pandu's request for more children."
B01C125S01,B01C125,B01,1,14703,14762,5,789,"Pandu forces himself on Madri in a spring grove and dies in the act. Kunti and Madri argue over who will follow him in death, and Madri makes her case."
B01C125S02,B01C125,B01,2,14782,14782,1,28,Madri ascends her husband's funeral pyre.
B01C126S01,B01C126,B01,1,14792,14870,5,828,"The sages bring Pandu's family to Hastinapura, where the court and citizens gather. The eldest sage presents the five sons, explains their divine births and asks for the funeral rites, and then the sages vanish."
B01C127S01,B01C127,B01,1,14882,14937,5,587,"Dhritarashtra orders a royal funeral, and Vidura and Bhishma carry out the rites by the Ganga, where the bodies are burned while the people weep."
B01C127S02,B01C127,B01,2,14947,14947,1,88,"The Kurus perform the water rite, and the people mourn for twelve days with the Pandavas."
B01C128S01,B01C128,B01,1,14962,15000,5,533,"After the funeral, Vyasa warns that the age is declining, and Satyavati retreats to the forest to die. The Pandava boys grow up, and Bhima proves stronger than the Kaurava boys in play."
B01C128S02,B01C128,B01,2,15022,15103,5,882,"Duryodhana, jealous of Bhima, poisons his food and throws him into the Ganga, but Bhima sinks to the Naga realm, where the serpents' venom cancels the poison and he revives."
B01C128S03,B01C128,B01,3,15111,15111,1,68,"The Naga king's kin give Bhima nectar that makes him very strong, and he drinks eight jars of it."
B01C129S01,B01C129,B01,1,15124,15156,5,321,"The Kauravas return without Bhima, and Yudhishthira and Kunti, alarmed, ask about him; Kunti fears Duryodhana has killed him."
B01C129S02,B01C129,B01,2,15166,15181,5,73,"Vidura advises Kunti not to accuse Duryodhana, and to protect her other sons."
B01C129S03,B01C129,B01,3,15187,15230,5,411,"Bhima wakes, returns from the Naga realm and tells his brothers what happened; Duryodhana tries poison again, and Yuyutsu warns the Pandavas."
B01C129S04,B01C129,B01,4,15239,15248,2,121,"Duryodhana and his allies keep plotting, but the Pandavas bear it on Vidura's advice, and Dhritarashtra sends the princes to Kripa to learn arms."
B01C130S01,B01C130,B01,1,15260,15295,4,565,"Janamejaya asks about Kripa's birth, and Vaisampayana traces the twins to Saradwat and a nymph sent by Indra, and tells how Santanu adopted them and Saradwat trained Kripa."
B01C131S01,B01C131,B01,1,15323,15375,5,706,"Bhishma hires Drona to teach the princes, and Vaisampayana traces Drona's birth from Bharadwaja's seed, his friendship with Drupada, and the birth of his son Aswatthaman."
B01C131S02,B01C131,B01,2,15399,15440,4,443,"Drona goes to Rama, Jamadagni's son, who has given away all his wealth, and receives all of his weapons and knowledge of arms."
B01C132S01,B01C132,B01,1,15451,15483,3,379,"Drona reminds Drupada of their friendship, Drupada mocks his poverty and rejects him, and Drona leaves for Hastinapura."
B01C133S01,B01C133,B01,1,15496,15551,5,476,"Drona lives in Kripa's house, and when the princes lose a ball in a well, he recovers it with blades of grass before they know who he is."
B01C133S02,B01C133,B01,2,15558,15662,5,1283,"Drona retrieves a ring, the princes report to Bhishma, and Drona tells how Drupada scorned him; Bhishma then welcomes him as teacher."
B01C134S01,B01C134,B01,1,15678,15748,5,928,"Bhishma honours Drona, and Drona teaches the princes, with Arjuna excelling; Karna, backed by Duryodhana, opposes Arjuna, and Ekalavya is refused as a pupil."
B01C134S02,B01C134,B01,2,15770,15827,5,650,"On a hunt, a dog leads the princes to Ekalavya, who shows great skill; Drona then asks for his right thumb as fee, and Ekalavya gives it."
B01C134S03,B01C134,B01,3,15838,15869,3,519,"Drona rates the princes' skills, then tests them with a mock bird, and each pupil reports seeing more than the target and is sent aside."
B01C135S01,B01C135,B01,1,15895,15946,4,542,"Arjuna alone passes Drona's aiming test, and later he saves Drona from a crocodile and receives the Brahmasira weapon."
B01C136S01,B01C136,B01,1,15956,16005,4,851,"Drona asks the king's permission for a public display, the arena is prepared, and on the day the princes show their skill, ending with Bhima and Duryodhana entering with maces."
B01C137S01,B01C137,B01,1,16047,16099,5,672,"The crowd divides between Duryodhana and Bhima partisans, Aswatthaman restrains the maces, and Drona presents Arjuna, whose display of weapons wins delight."
B01C137S02,B01C137,B01,2,16119,16119,1,179,"As the show is nearly over, a thunder-like sound comes from the gate, and Duryodhana and his brothers rise in haste."
B01C138S01,B01C138,B01,1,16141,16224,5,937,"Karna enters the lists and challenges Arjuna, but Kripa asks for his lineage, and Duryodhana makes him king of Anga."
B01C138S02,B01C138,B01,2,16234,16234,1,122,"Karna is crowned king of Anga, and he and Duryodhana embrace in friendship."
B01C139S01,B01C139,B01,1,16251,16301,4,652,"Karna's charioteer father Adhiratha comes to the arena, Bhima mocks Karna as a charioteer's son, and Duryodhana defends him at length. The day ends with the crowd dispersing."
B01C140S01,B01C140,B01,1,16322,16384,5,809,"Drona sends the princes against Drupada as his fee; the Kauravas are routed, and the Pandavas advance, and Bhima cuts down Drupada's elephants."
B01C140S02,B01C140,B01,2,16408,16496,5,946,"Arjuna defeats Drupada's general Satyajit, seizes Drupada himself, and holds back Bhima from killing the Panchala people; the princes bring the captive to Drona."
B01C140S03,B01C140,B01,3,16503,16517,2,152,"Drona humbles Drupada, gives him half his kingdom and asks for friendship, and Drupada resolves to find a son who can defeat Drona; Drona keeps Ahicchatra."
B01C141S01,B01C141,B01,1,16527,16592,4,724,"Dhritarashtra names Yudhishthira heir apparent, and the Pandavas grow in skill; Drona reminds Arjuna of his promised fee, and the Pandavas conquer many kingdoms, which leaves Dhritarashtra uneasy."
B01C142S01,B01C142,B01,1,16605,16681,5,820,"Dhritarashtra asks Kanika whether to make peace or war with the Pandavas, and Kanika gives a long list of ruthless principles of statecraft."
B01C142S02,B01C142,B01,2,16687,16888,5,2431,"Kanika tells the fable of the jackal and the deer, then offers more advice on deceit and spies and urges the king to guard against the Pandavas."
B01C143S01,B01C143,B01,1,16898,16954,5,774,"Vidura learns of the plot to burn Kunti and her sons, provides a boat for their escape, and the house of lac burns; Janamejaya asks for the full story, and Vaisampayana turns to the citizens' talk of Yudhishthira as king."
B01C143S02,B01C143,B01,2,16980,16980,1,248,"Duryodhana, distressed by the citizens' support for Yudhishthira, urges Dhritarashtra to act before the kingdom passes to Pandu's line."
B01C144S01,B01C144,B01,1,17008,17057,5,581,"Duryodhana urges that the Pandavas be sent to Varanavata; Dhritarashtra hesitates, citing Pandu's virtue and the elders' disapproval, and Duryodhana argues the elders will not oppose it."
B01C145S01,B01C145,B01,1,17076,17119,4,395,"Duryodhana wins the people over, Dhritarashtra's councillors praise Varanavata to the Pandavas, and the Pandavas set out after receiving the elders' blessings."
B01C146S01,B01C146,B01,1,17129,17167,3,426,"Duryodhana instructs Purochana to build an inflammable house in which to burn the Pandavas, and Purochana sets off at once."
B01C147S01,B01C147,B01,1,17178,17251,5,834,"The Pandavas take leave of the elders and citizens, and Vidura secretly warns Yudhishthira in code that the house is a trap."
B01C147S02,B01C147,B01,2,17264,17273,2,99,"Kunti asks what Vidura said, Yudhishthira explains the warning, and the Pandavas set out for Varanavata."
B01C148S01,B01C148,B01,1,17283,17334,4,826,"The Pandavas are welcomed and lodged in Purochana's house; Yudhishthira realises it is a trap set by Duryodhana, and he tells Bhima to stay calm and plan a secret escape."
B01C149S01,B01C149,B01,1,17369,17373,2,487,A miner sent by Vidura warns of the fire and digs a secret tunnel under the house while the Pandavas feign contentment.
B01C150S01,B01C150,B01,1,17418,17462,4,539,"After a year of calm, the Pandavas choose their moment; on the feast night Bhima sets the house on fire, and the family escapes through the tunnel while the citizens watch the blaze."
B01C151S01,B01C151,B01,1,17481,17525,5,429,"Vidura's agent meets the Pandavas by the Ganga, shows them a boat, proves his trustworthiness with Vidura's coded words, and ferries them across."
B01C152S01,B01C152,B01,1,17535,17579,5,460,"The people of Varanavata find the burnt house and blame Duryodhana, and Dhritarashtra mourns the Pandavas and orders their rites, while Vidura does not weep."
B01C152S02,B01C152,B01,2,17590,17608,2,207,"The Pandavas cross the Ganga and reach a dense forest, exhausted, and Yudhishthira asks Bhima to carry them on."
B01C153S01,B01C153,B01,1,17618,17709,3,1144,"Bhima carries his family through the forest, fetches water for the thirsty Kunti, laments their hardship, and keeps watch while they sleep."
B01C154S01,B01C154,B01,1,17725,17804,5,864,"Hidimva sends his sister to fetch the sleepers, but she falls in love with Bhima and offers to help him; Bhima refuses to abandon his family."
B01C154S02,B01C154,B01,2,17810,17810,1,83,Bhima tells the Rakshasa woman that he will not wake his family and that Rakshasas cannot match his strength.
B01C155S01,B01C155,B01,1,17824,17863,5,587,"Hidimva comes down from his tree, sees his sister's infatuation, and rushes to kill her, but Bhima stops him."
B01C155S02,B01C155,B01,2,17887,17925,3,582,"Bhima challenges Hidimva alone, the two wrestle, and their struggle wakes the Pandavas."
B01C156S01,B01C156,B01,1,17947,18019,5,876,"Kunti questions Hidimva, and the brothers wake to see Bhima fighting; Arjuna urges haste, and Bhima kills the Rakshasa."
B01C156S02,B01C156,B01,2,18034,18034,1,24,"The Pandavas set out with their mother, followed by Hidimva's sister."
B01C157S01,B01C157,B01,1,18044,18101,5,1031,"Yudhishthira stops Bhima from harming Hidimva's sister, who begs to marry him; Bhima agrees to stay with her until she bears a son, and Ghatotkacha is born."
B01C157S02,B01C157,B01,2,18144,18144,1,106,Hidimva and her son Ghatotkacha take their leave of the Pandavas.
B01C158S01,B01C158,B01,1,18160,18214,5,519,"The Pandavas wander disguised through the lands, meet Vyasa, and are led to Ekachakra, where Vyasa predicts a great future for Yudhishthira."
B01C158S02,B01C158,B01,2,18222,18222,1,32,"The Pandavas agree to wait for Vyasa, and he goes back to his home."
B01C159S01,B01C159,B01,1,18232,18274,5,386,"The Pandavas live by alms at Ekachakra; while Bhima is at home, Kunti hears a Brahmana household wailing and asks Bhima to help."
B01C159S02,B01C159,B01,2,18280,18280,1,714,"The Brahmana, his wife, son and daughter lament their helplessness and speak of dying together."
B01C160S01,B01C160,B01,1,18341,18424,3,996,"The Brahmana's wife offers to go to the Rakshasa in his place, and the couple weep together in silence."
B01C161S01,B01C161,B01,1,18434,18480,3,676,"The daughter urges her parents to sacrifice her, the little son makes them smile, and Kunti steps forward to speak to them."
B01C162S01,B01C162,B01,1,18499,18508,3,474,"Kunti asks the cause of the Brahmana's grief, and he explains the tribute owed to the Rakshasa Vaka and his plan to go with his family."
B01C163S01,B01C163,B01,1,18549,18602,5,588,"Kunti offers one of her sons, the Brahmana refuses to let anyone die for him, Kunti promises her son's strength, and Bhima agrees to go."
B01C164S01,B01C164,B01,1,18614,18651,4,749,Yudhishthira objects to Kunti's plan to send Bhima to the Rakshasa; Kunti defends it by pointing to Bhima's strength and the debt owed to the Brahmana.
B01C165S01,B01C165,B01,1,18692,18715,4,659,"Yudhishthira approves of the plan, and Bhima takes the tribute to Vaka's forest, where a long fight breaks out."
B01C166S01,B01C166,B01,1,18762,18807,4,478,"Bhima makes Vaka's kin promise to stop eating men, the townspeople find the body, and the host Brahmana credits an unnamed Brahmana with the killing to protect the Pandavas."
B01C167S01,B01C167,B01,1,18819,18837,5,209,"The Pandavas stay on at Ekachakra, Janamejaya asks what they did next, and a visiting Brahmana tells them of distant lands and of Draupadi's birth."
B01C167S02,B01C167,B01,2,18855,18868,2,129,"The Pandavas ask the Brahmana for the details of the births and of the broken friendship, and he begins his account of Draupadi's birth."
B01C168S01,B01C168,B01,1,18878,18949,5,839,"The Brahmana narrates Drona's birth, his boyhood friendship with Drupada, Drupada's scorn, and the Pandavas' capture of Drupada as fee."
B01C169S01,B01C169,B01,1,18965,19107,5,1637,"Drupada courts the sages Yaja and Upayaja to get a Drona-slayer, and Yaja's sacrifice produces Dhrishtadyumna and Krishna, and Drona trains the prince."
B01C170S01,B01C170,B01,1,19120,19144,3,255,"Kunti proposes leaving Ekachakra for Panchala, and Yudhishthira agrees but asks whether his younger brothers will consent."
B01C171S01,B01C171,B01,1,19154,19203,4,495,"The Pandavas set out for Panchala, and Vyasa visits them to foretell Draupadi's marriage to all five brothers, then departs."
B01C172S01,B01C172,B01,1,19213,19289,5,968,"The Gandharva Angaraparna bars the Pandavas at the Ganga; Arjuna defeats him with a fiery weapon, and Yudhishthira orders mercy at his wife's plea."
B01C172S02,B01C172,B01,2,19309,19386,5,1274,"The grateful Gandharva offers Arjuna a science of illusion and horses in exchange for his fire weapon, and explains why he rebuked the Pandavas."
B01C173S01,B01C173,B01,1,19437,19490,5,783,"Arjuna asks about the name Tapatyas, and the Gandharva tells how the Sun chose King Samvarana for his daughter Tapati, and how the king came upon her in the hills."
B01C173S02,B01C173,B01,2,19520,19536,2,240,"Samvarana declares his desire and asks Tapati's name, but she vanishes, and the king wanders in grief."
B01C174S01,B01C174,B01,1,19550,19593,3,662,"Tapati reappears, the king declares his passion, and Tapati tells him to ask her father, the Sun, for her hand."
B01C175S01,B01C175,B01,1,19614,19710,3,1150,"Samvarana is revived and worships the Sun, Vasishtha wins Tapati for him, and when a drought strikes Vasishtha brings the couple home and the rains return; the Gandharva then explains why Arjuna is called Tapatya."
B01C176S01,B01C176,B01,1,19722,19726,2,362,"Arjuna asks about Vasishtha, and the Gandharva describes his power and urges the Pandavas to appoint a learned priest."
B01C177S01,B01C177,B01,1,19765,19813,5,529,"Arjuna asks about the feud, and the Gandharva tells how Viswamitra, after a visit to Vasishtha's hermitage, coveted the wish-granting cow Nandini and offered a kingdom for her."
B01C177S02,B01C177,B01,2,19824,19846,5,138,"Viswamitra seizes Nandini by force, and Vasishtha, bound by his forgiving vow, leaves the cow to resist for herself."
B01C177S03,B01C177,B01,3,19849,19872,3,591,"Nandini routs Viswamitra's army with barbarian troops from her body, and Viswamitra renounces power and becomes a Brahmana through austerity."
B01C178S01,B01C178,B01,1,19914,19988,5,940,"Kalmashapada and Shakti clash on a forest path; Shakti curses the king, Viswamitra possesses him with a Rakshasa, and the king's cook serves human flesh to a Brahmana, who curses him again."
B01C178S02,B01C178,B01,2,20008,20008,1,301,"The possessed king devours Shakti and the other sons, and Vasishtha tries to kill himself by several means, all of which fail."
B01C179S01,B01C179,B01,1,20039,20125,5,1210,"Vasishtha tries to end his life in rivers, learns from Adrisyanti that she carries Shakti's child, and frees Kalmashapada, who asks for an heir, which Vasishtha grants."
B01C180S01,B01C180,B01,1,20158,20190,3,763,"Parasara is born, calls Vasishtha father, and resolves to destroy the world; Vasishtha begins to dissuade him by telling the story of the Bhrigus and the Kshatriyas."
B01C181S01,B01C181,B01,1,20236,20276,4,608,"The Bhrigu woman tells the Kshatriyas that her son blinded them; Aurva restores their sight but resolves on destruction, until the Pitris beg him to restrain his wrath."
B01C182S01,B01C182,B01,1,20302,20360,5,641,"Aurva defends his wrath, the Pitris suggest he cast it into the sea, and Aurva does so, which Vasishtha offers as a lesson to Parasara."
B01C183S01,B01C183,B01,1,20375,20426,4,561,"Parasara begins a sacrifice to destroy the Rakshasas in revenge; the sages urge him to stop, and he ends the rite and casts its fire into the north."
B01C184S01,B01C184,B01,1,20439,20453,3,675,"Arjuna asks about the queen's union with Vasishtha, and the Gandharva tells of the Brahmani's curse and the king's repentance and request for an heir."
B01C185S01,B01C185,B01,1,20509,20525,4,340,"Arjuna asks the Gandharva for a priest; the Gandharva names Dhaumya, whom the Pandavas install before setting out for the Swayamvara."
B01C186S01,B01C186,B01,1,20558,20606,3,509,"On the road the Pandavas meet Brahmanas bound for Drupada's Swayamvara, who describe Draupadi and invite them along, and Yudhishthira agrees."
B01C187S01,B01C187,B01,1,20616,20688,5,999,"The Pandavas enter Panchala unrecognised, Drupada announces the contest with a stiff bow, and the Swayamvara begins before a great crowd of kings."
B01C188S01,B01C188,B01,1,20722,20726,2,338,"Dhrishtadyumna names the Kaurava princes, Karna and a long list of kings and Yadavas who have come to compete for Draupadi."
B01C189S01,B01C189,B01,1,20768,20843,4,899,"The princes try the bow and fail one after another; Karna draws it, but Draupadi rejects him as a charioteer's son, and Arjuna steps forward when the rest give up."
B01C190S01,B01C190,B01,1,20863,20867,2,775,"Arjuna, in Brahmana disguise, strings the bow and shoots the mark, and wins Draupadi, to the joy of the gods and the crowd."
B01C191S01,B01C191,B01,1,20937,20968,3,742,"The rejected kings rush at Drupada, Bhima and Arjuna face them, and Krishna identifies the brothers to Balarama."
B01C192S01,B01C192,B01,1,21013,21115,5,1170,"Arjuna and Bhima fight off the kings, Arjuna duels Karna and Bhima tosses Shalya; Krishna persuades the kings to withdraw, and Kunti worries at home."
B01C193S01,B01C193,B01,1,21133,21176,5,528,"The brothers present Draupadi to Kunti, who is alarmed by her own words, and Yudhishthira resolves that Draupadi shall be the common wife of all five."
B01C193S02,B01C193,B01,2,21194,21194,1,339,"Krishna and Balarama visit the potter's house, and Krishna greets Yudhishthira and praises the brothers' escape."
B01C194S01,B01C194,B01,1,21229,21267,3,596,"Dhrishtadyumna hides in the potter's house and overhears the Pandavas, and in the morning he reports to Drupada, who asks who won his daughter."
B01C195S01,B01C195,B01,1,21291,21390,5,1099,"Dhrishtadyumna reports the contest and the night at the potter's house, Drupada's priest asks the strangers who they are, and Yudhishthira answers and the feast is announced."
B01C196S01,B01C196,B01,1,21400,21413,3,496,"The invitation comes, the party rides to the palace, and Drupada's display and the meal show the guests' royal bearing to Drupada and his son."
B01C197S01,B01C197,B01,1,21457,21503,5,470,"Drupada asks who they are, Yudhishthira reveals the Pandavas' identity and their escape from Varanavata, and Drupada promises support and asks Arjuna to take Krishna's hand."
B01C197S02,B01C197,B01,2,21512,21549,4,374,"Yudhishthira proposes that Krishna be shared by all five brothers, Drupada objects, Yudhishthira defends it by his mother's command, and Vyasa arrives as the matter is being discussed."
B01C198S01,B01C198,B01,1,21560,21601,5,483,"Vyasa asks for the company's views; Drupada and Dhrishtadyumna object, and Yudhishthira defends the match with precedent and his mother's command."
B01C198S02,B01C198,B01,2,21617,21633,3,173,"Kunti voices her worry about untruth, and Vyasa says he will explain the custom only to Drupada, taking him aside to begin."
B01C199S01,B01C199,B01,1,21646,21745,5,1364,"Vyasa tells the story of Yama's pause in killing, Indra's humbling by Mahadeva, the curse that sends five Indras into the world of men, and the birth of Krishna and Valadeva."
B01C199S02,B01C199,B01,2,21771,21821,3,615,"Vyasa names the brothers as the former Indras and Draupadi as Sri, grants Drupada divine sight, and tells the story of a maiden who asked Mahadeva for five husbands."
B01C200S01,B01C200,B01,1,21837,21857,3,703,"Drupada accepts Vyasa's account, Vyasa names the day, and the wedding is held with Dhaumya presiding, followed by Drupada's gifts and the Pandavas' settling in Panchala."
B01C201S01,B01C201,B01,1,21910,21945,3,481,"Drupada's women greet Kunti, Kunti blesses Krishna, and Hari (Krishna) sends the newly married Pandavas a great store of gifts."
B01C202S01,B01C202,B01,1,21967,22032,5,699,"News of the marriage spreads, the kings blame Bhishma and Dhritarashtra, Duryodhana returns dejected, and Vidura tells Dhritarashtra the Pandavas are alive and allied with Drupada."
B01C202S02,B01C202,B01,2,22042,22042,1,180,"After Vidura leaves, Duryodhana and Karna press Dhritarashtra to act against the Pandavas in private."
B01C203S01,B01C203,B01,1,22063,22077,3,533,"Dhritarashtra asks for his son's plans in private, and Duryodhana sets out a list of ways to ruin the Pandavas, ending by asking Karna's opinion."
B01C204S01,B01C204,B01,1,22120,22183,4,665,"Karna rejects Duryodhana's subtle plans and urges open war on Drupada, Dhritarashtra praises him but asks the elders to advise, and the king gathers his ministers."
B01C205S01,B01C205,B01,1,22192,22196,2,511,"Bhishma opposes any quarrel with the Pandavas, appeals to the king's good name, and urges that half the kingdom be given to them."
B01C206S01,B01C206,B01,1,22242,22311,4,829,"Drona backs Bhishma and proposes a diplomatic mission; Karna mocks the elders with a tale about kingship and fate, and Drona rebukes him."
B01C207S01,B01C207,B01,1,22326,22330,2,794,"Vidura defends the elders, argues the Pandavas are invincible and rightful heirs, and urges the king to make peace with them and win Drupada as an ally."
B01C208S01,B01C208,B01,1,22400,22442,4,618,"Dhritarashtra accepts the counsel and sends Vidura to bring the Pandavas home, and Vidura delivers gifts and the request to Drupada."
B01C209S01,B01C209,B01,1,22471,22501,5,248,"Drupada gives his consent on condition that the brothers, Rama and Krishna all agree, and Vasudeva supports their return."
B01C209S02,B01C209,B01,2,22509,22590,5,1082,"The Pandavas enter Hastinapura to a joyful welcome, Dhritarashtra sends them to Khandavaprastha, and they build Indraprastha, which attracts many people."
B01C209S03,B01C209,B01,3,22618,22618,1,70,"The Pandavas settle at Khandavaprastha, and Krishna returns to Dwaravati with Rama."
B01C210S01,B01C210,B01,1,22632,22684,4,559,"Janamejaya asks about the Pandavas' conduct, Narada visits and warns them of discord, and Yudhishthira asks for the tale behind the warning."
B01C211S01,B01C211,B01,1,22698,22762,3,941,"Narada recounts the brothers' birth, their penance on the Vindhya mountains, the gods' attempts to break them, and Brahma's boon that only each other can slay them."
B01C212S01,B01C212,B01,1,22790,22794,2,765,"The brothers conquer heaven and the lower worlds, then order the slaughter of sacrificers and Brahmanas, which ruins religion and daily life on earth."
B01C213S01,B01C213,B01,1,22867,22915,3,763,"The gods appeal to Brahma, Viswakarman creates Tilottama, she walks round the assembly, and then leaves to tempt the brothers."
B01C214S01,B01C214,B01,1,22946,23017,5,823,"Narada tells how the brothers fell out over Tilottama and destroyed each other, and the Pandavas make a rule about Draupadi on his advice."
B01C215S01,B01C215,B01,1,23035,23116,5,865,"Arjuna breaks the rule to recover a Brahmana's cattle, Yudhishthira tells him he has no fault, and Arjuna insists on exile to keep his word."
B01C215S02,B01C215,B01,2,23122,23122,1,25,Arjuna obtains Yudhishthira's leave and sets out for the forest for twelve years.
B01C216S01,B01C216,B01,1,23132,23136,2,149,"Arjuna leaves for the forest with a retinue of Brahmanas and ascetics and reaches the source of the Ganga, where he thinks of settling."
B01C217S01,B01C217,B01,1,23164,23239,5,898,"At the Ganga's source, Ulupi pulls Arjuna into her Naga palace, persuades him to yield, and grants him invincibility in water."
B01C217S02,B01C217,B01,2,23251,23259,3,704,"Arjuna visits holy sites, reaches Manipura, and marries Chitrangada on her father's terms, then goes on his way after she bears a son."
B01C218S01,B01C218,B01,1,23323,23345,3,575,"Arjuna visits the shunned sacred waters, wrestles a crocodile at Saubhadra, and the freed Apsara begins to explain her curse."
B01C219S01,B01C219,B01,1,23384,23444,5,702,"Varga recounts the Brahmana's curse and pardon and Narada's advice, Arjuna frees the Apsaras, and he visits Chitrangada and his son before moving on to Gokarna."
B01C220S01,B01C220,B01,1,23462,23466,2,514,"Arjuna tours the western holy places, meets Krishna at Prabhasa and on Raivataka, and is welcomed into Dwaraka, where he stays with Krishna."
B01C221S01,B01C221,B01,1,23516,23565,4,586,"The Raivataka festival opens, Arjuna sees Bhadra and asks Krishna for her hand, and the plan to carry her off with Yudhishthira's assent is set."
B01C222S01,B01C222,B01,1,23582,23634,3,824,"Arjuna carries off Subhadra, the Yadava court sounds the alarm, and Valadeva rages at the insult while the others await Krishna's word."
B01C223S01,B01C223,B01,1,23663,23818,4,2226,"Vasudeva defends the abduction, Arjuna marries Subhadra, the Vrishnis bring gifts to Indraprastha, and Abhimanyu and Draupadi's five sons are born and trained."
B01C224S01,B01C224,B01,1,23866,23939,5,891,"Yudhishthira's prosperous rule is described, Arjuna and Krishna set out for a summer outing on the Yamuna, and a radiant Brahmana approaches them as they talk."
B01C225S01,B01C225,B01,1,23961,24103,5,1642,"Agni asks Arjuna and Krishna to help him burn Khandava, and the narrator tells the story of King Swetaki, whose sacrifice ended up making Agni sick."
B01C225S02,B01C225,B01,2,24110,24110,1,468,"Agni, surfeited from twelve years of butter, is told by the Creator to eat the forest's creatures, but the forest dwellers repeatedly put his blaze out."
B01C226S01,B01C226,B01,1,24156,24160,2,403,"Brahma sends Agni to Arjuna and Vasudeva, and Arjuna lists the weapons he needs for the task."
B01C227S01,B01C227,B01,1,24198,24277,3,1018,"Agni summons Varuna, Arjuna and Krishna receive celestial weapons and a car, and Agni blazes around the forest."
B01C228S01,B01C228,B01,1,24293,24334,3,560,"Arjuna and Krishna cut down creatures fleeing the burning forest, the gods appeal to Indra, and Indra's rain struggles against the fire."
B01C229S01,B01C229,B01,1,24354,24358,2,1294,"Arjuna blocks Indra's rain, Aswasena escapes, and the gods join the fight, which Arjuna and Krishna win before Indra's mountain is shattered."
B01C230S01,B01C230,B01,1,24472,24572,5,1089,"The creatures of Khandava are slaughtered as the gods retreat, Arjuna shields the Asura Maya from Agni, and Agni burns the forest for many days."
B01C230S02,B01C230,B01,2,24575,24578,2,20,"Agni spares six of the forest's dwellers, named as Aswasena, Maya and four birds."
B01C231S01,B01C231,B01,1,24588,24634,5,885,"Janamejaya asks why the birds survived, and Vaisampayana tells how Mandapala, denied heaven, fathered sons as a bird and then praised Agni."
B01C231S02,B01C231,B01,2,24677,24677,1,84,"Agni, pleased with the praise, agrees to spare Mandapala's sons while burning the forest."
B01C232S01,B01C232,B01,1,24692,24747,5,674,"The fire approaches, Jarita laments, her chicks urge her to save herself, she proposes a mouse's hole, and the chicks refuse."
B01C233S01,B01C233,B01,1,24765,24811,4,556,"Jarita insists the hole is safe, the chicks refuse and urge her to save herself, and she leaves them as the fire approaches."
B01C234S01,B01C234,B01,1,24824,24849,5,154,"The four brothers speak in turn about wisdom, the eldest's duty, and the approaching fire."
B01C234S02,B01C234,B01,2,24855,24892,5,481,Each brother sings a hymn of praise to Agni and asks for protection.
B01C234S03,B01C234,B01,3,24909,24926,3,161,"Agni, mindful of his promise to Mandapala, agrees to spare the birds, and Drona asks him to consume the creatures that trouble them."
B01C235S01,B01C235,B01,1,24936,24986,5,591,"Mandapala worries aloud to Lapita, the two quarrel over his divided attention, and he finds his sons safe but cold toward him."
B01C235S02,B01C235,B01,2,24999,25029,3,315,"Mandapala and Jarita quarrel, he cites Arundhati's jealousy, and the sons finally come forward to greet and worship him."
B01C236S01,B01C236,B01,1,25039,25070,5,447,"Mandapala reassures his sons, Agni is satisfied, Indra grants boons to Arjuna and Krishna, and Arjuna, Krishna and Maya rest by a river."
B01C236S02,B01C236,B01,2,25092,25100,2,9,"The Adi Parva closes, followed by a licence notice from the Project Gutenberg edition."
B02C001S01,B02C001,B02,1,63,88,5,174,"Maya, rescued by Arjuna, offers to do something in return, and Arjuna sends the offer on to Krishna."
B02C001S02,B02C001,B02,2,95,117,3,388,"Krishna asks Maya to build a grand hall for Yudhishthira, and Maya is honoured and begins construction on a large plot."
B02C002S01,B02C002,B02,1,143,214,2,871,"Krishna's farewells at Khandavaprastha, his ride out with the Pandavas, and his arrival at Dwaraka, followed by Yudhishthira's return to his capital and Krishna's welcome at home."
B02C003S01,B02C003,B02,1,232,232,1,996,"Maya sets out for the treasures, describes the sacred mountain site, recovers the club and conch, and builds the palace for the Pandavas, which he reports complete in fourteen months."
B02C004S01,B02C004,B02,1,325,325,1,812,"Yudhishthira enters the new hall after feeding Brahmins and giving gifts, and the sages, kings, princes and celestial musicians gather to attend him."
B02C005S01,B02C005,B02,1,409,715,5,3357,"Narada arrives at the assembly, is welcomed by the Pandavas, and begins his long list of questions to Yudhishthira about kingship and the fruits of learning, wealth and marriage."
B02C005S02,B02C005,B02,2,724,762,3,458,"Narada asks about trade, artisans, the army's skills, public welfare and the care of the needy, and Yudhishthira vows to follow his advice."
B02C006S01,B02C006,B02,1,779,829,5,575,"Yudhishthira replies briefly to Narada's counsel, asks whether he has seen a finer hall, and Narada offers to describe the halls of the gods, which Yudhishthira asks him to do."
B02C007S01,B02C007,B02,1,850,850,1,764,"Narada describes Indra's assembly hall, its size and splendour, and the gods, sages, Gandharvas and Apsaras who attend Indra there."
B02C008S01,B02C008,B02,1,925,925,1,893,"Narada describes Yama's hall, a place of comfort, where many dead kings and sages, sannyasis, musicians and Yama's officers attend the god of justice."
B02C009S01,B02C009,B02,1,1015,1015,1,676,"Narada describes Varuna's hall in the waters, its gem trees and birds, and the snakes, demons, rivers, seas and mountains who worship Varuna there."
B02C010S01,B02C010,B02,1,1084,1178,5,899,"Narada describes Kuvera's hall, its beauty and its attendants, including Shiva and Parvati, and closes by announcing the description of Brahma's hall."
B02C011S01,B02C011,B02,1,1188,1188,1,1415,"Narada tells how he reached Brahma's hall with the sun god's help, describes the beings who attend Brahma there, and says Yudhishthira's hall is the finest on earth."
B02C012S01,B02C012,B02,1,1321,1404,3,980,"Yudhishthira asks about Harishchandra and Pandu, Narada recounts Harishchandra's Rajasuya and relays Pandu's request, and Narada leaves for Dwaravati while Yudhishthira begins to consider the sacrifice."
B02C013S01,B02C013,B02,1,1416,1551,5,1506,"Yudhishthira describes his peaceful reign and reflects on the Rajasuya, his ministers urge him to proceed, and he sends for Krishna and asks for his counsel."
B02C014S01,B02C014,B02,1,1572,1576,2,1915,"Krishna surveys the kings who support Jarasandha, recounts the Yadavas' flight from Mathura and their new city, and says the Rajasuya requires Jarasandha's defeat."
B02C015S01,B02C015,B02,1,1746,1790,3,799,"Yudhishthira voices his doubts about Jarasandha, Bhima urges action, and Krishna argues that Jarasandha's captives must be freed and the sacrifice pursued through war."
B02C016S01,B02C016,B02,1,1829,1844,2,506,"Yudhishthira says he is afraid for his brothers and Krishna and asks that the plan be given up, and Arjuna replies that valour requires them to fight."
B02C017S01,B02C017,B02,1,1883,2014,5,1506,"Krishna urges a secret attack on Jarasandha, Yudhishthira asks about him, and Krishna begins the story of Jarasandha's miraculous birth through the sage's mango and the Rakshasa woman Jara."
B02C018S01,B02C018,B02,1,2029,2054,2,412,"Jara explains that she is a household goddess who was pleased by worship and gave the child to the king, and the king names the boy Jarasandha and raises him."
B02C019S01,B02C019,B02,1,2073,2120,2,752,"The sage foretells Jarasandha's greatness, Vrihadratha retires and dies, and Jarasandha's power grows until the Yadavas hold back from fighting him."
B02C020S01,B02C020,B02,1,2148,2171,3,833,"Krishna proposes a duel with Jarasandha, Yudhishthira sends the three off with his blessing, and they journey in disguise across many rivers and lands to the city of Magadha."
B02C021S01,B02C021,B02,1,2236,2353,3,1438,"Krishna shows Arjuna the city of Girivraja, the three break the Chaityaka peak and enter the city in disguise, and Jarasandha questions them and receives Krishna's explanation."
B02C022S01,B02C022,B02,1,2375,2459,4,1055,"Jarasandha protests his innocence, Krishna accuses him and reveals their identity, Jarasandha accepts the challenge, and the duel is set with Bhima as the fighter."
B02C023S01,B02C023,B02,1,2481,2481,1,1073,"Bhima and Jarasandha wrestle with bare arms for about two weeks, and when Jarasandha tires, Krishna urges Bhima to strike and Bhima resolves to kill him."
B02C024S01,B02C024,B02,1,2581,2723,3,1663,"Bhima kills Jarasandha, Krishna frees the captive kings and takes Jarasandha's chariot, Sahadeva is installed, and Krishna leaves the Pandavas for Dwarka."
B02C025S01,B02C025,B02,1,2738,2779,5,347,"Arjuna asks leave to conquer the quarters for tribute, Yudhishthira blesses him and the brothers set out, and Bhagadatta pledges his help."
B02C026S01,B02C026,B02,1,2789,2789,1,720,"Arjuna marches north from Pragjyotisha, defeats a series of kings and mountain peoples, collects tribute, and camps on the White Mountains."
B02C027S01,B02C027,B02,1,2859,2894,2,506,"Arjuna subdues the Limpurushas and the Guhakas, is warned off North Harivarsha, takes tribute of celestial goods instead, and returns with the spoils for Yudhishthira."
B02C028S01,B02C028,B02,1,2913,2913,1,393,"Bhima's eastern campaign, his respect for the Dasarna king Sudharman, and his welcome by Sisupala of Chedi, who entertains him for thirty nights."
B02C029S01,B02C029,B02,1,2954,2954,1,722,"Bhima's long campaign across the eastern and northern kingdoms, including Magadha, Karna and the coastal peoples, ending with his return to Indraprastha and his gift of the treasure to Yudhishthira."
B02C030S01,B02C030,B02,1,3025,3154,5,1394,"Sahadeva's southern campaign, his battle with King Nila at Mahishmati, the story of Agni's bond with Nila's family, and Sahadeva's prayer to the fire god."
B02C030S02,B02C030,B02,2,3161,3224,2,757,"Agni relents, Nila pays tribute, Sahadeva wins the Pandyas, Saurashtra, Rukmin and the coastal peoples, and sends messengers to Vibhishana, then returns home with the wealth."
B02C031S01,B02C031,B02,1,3237,3284,2,533,"Nakula conquers the western lands, wins tribute from Vasudeva's Yadavas and his uncle Salya, and returns to Indraprastha with a huge treasure for Yudhishthira."
B02C032S01,B02C032,B02,1,3294,3375,5,922,"Yudhishthira's prosperous rule, Krishna's arrival with treasure, the request for his help with the sacrifice, and the gathering of materials."
B02C032S02,B02C032,B02,2,3391,3444,3,549,"Priests are appointed, invitations go out, guests are lodged, the sacrifice begins, and Nakula is sent to bring the elders from Hastinapura."
B02C033S01,B02C033,B02,1,3457,3522,4,630,"Nakula invites the elders, the assembled kings and kinsmen arrive with gifts, they are lodged in fine mansions, and the section closes."
B02C034S01,B02C034,B02,1,3532,3562,3,569,"Yudhishthira asks the elders for help and gives offices to each, Krishna washes the Brahmanas' feet, and the sacrifice is performed with lavish gifts and feasting."
B02C035S01,B02C035,B02,1,3597,3670,5,717,"The sages gather for the final day, Narada reflects on Krishna's divine nature, and Bhishma explains the rules for honouring guests and asks Yudhishthira to choose."
B02C035S02,B02C035,B02,2,3676,3676,1,150,"Bhishma names Krishna as the first to receive the Arghya, Sahadeva presents it, and Sisupala protests."
B02C036S01,B02C036,B02,1,3696,3767,2,865,"Sisupala's long reproach of Yudhishthira, Bhishma and Krishna, and his departure from the assembly with the kings."
B02C037S01,B02C037,B02,1,3776,3776,1,104,"Yudhishthira follows Sisupala out and pleads with him to accept the honour, since the older kings approve and Bhishma knows Krishna best."
B02C038S01,B02C038,B02,1,3799,3899,5,1244,"Bhishma defends the honour to Krishna, Sahadeva challenges the objectors, Narada speaks, and Sisupala rallies the kings to stop the sacrifice."
B02C039S01,B02C039,B02,1,3928,3969,4,383,"Yudhishthira asks Bhishma how to calm the kings, Bhishma compares them to dogs barking at a lion and blames Sisupala's folly, and Sisupala turns on Bhishma."
B02C040S01,B02C040,B02,1,3979,4071,3,1142,"Sisupala mocks Bhishma and Krishna at length, accuses Bhishma of wrongs, and tells the parable of the old swan to warn him of his end."
B02C041S01,B02C041,B02,1,4086,4106,2,484,"Sisupala insults Krishna and the Pandavas over Jarasandha's death, Bhima rages and is held back by Bhishma, and Sisupala mocks him."
B02C042S01,B02C042,B02,1,4138,4189,2,615,"Bhishma recounts Sisupala's birth, the prophecy, Krishna's test on his lap, and the promise of a pardon, and explains Sisupala's boldness."
B02C043S01,B02C043,B02,1,4199,4275,4,1037,"Bhishma says Sisupala's challenge is Krishna's will, Sisupala mocks Bhishma's praise of Krishna and lists other kings, Bhishma scorns the kings, and they threaten him."
B02C044S01,B02C044,B02,1,4304,4397,5,1177,"Sisupala challenges Krishna, Krishna lists Sisupala's wrongs, Krishna kills him with the discus, and Yudhishthira holds the funeral and completes the sacrifice."
B02C044S02,B02C044,B02,2,4418,4437,2,562,"The kings take leave, the brothers escort them, Krishna departs for Dwaraka, and Duryodhana and Sakuni stay behind in the assembly hall."
B02C045S01,B02C045,B02,1,4479,4531,4,896,"Vyasa visits after the sacrifice, warns of the omens and the coming ruin, and Yudhishthira vows patience and peace for thirteen years, while Duryodhana stays in the hall."
B02C046S01,B02C046,B02,1,4574,4643,4,951,"Duryodhana is mocked in the hall, leaves in shame, and on the road confesses his envy of the Pandavas to Sakuni."
B02C047S01,B02C047,B02,1,4673,4723,5,535,"Sakuni consoles Duryodhana, lists his allies, and proposes that Yudhishthira be challenged to dice, which Sakuni will win for him if Dhritarashtra agrees."
B02C047S02,B02C047,B02,2,4735,4735,1,27,Duryodhana asks Sakuni to lay the plan before Dhritarashtra himself.
B02C048S01,B02C048,B02,1,4745,4849,5,1129,"Sakuni tells Dhritarashtra of Duryodhana's misery, Duryodhana lists the Pandavas' riches and his envy, and Sakuni offers to win them at dice."
B02C048S02,B02C048,B02,2,4857,4899,5,482,"Dhritarashtra says he will consult Vidura, Duryodhana threatens to die if he refuses, Dhritarashtra orders the palace built and summons Yudhishthira, and Vidura objects but is overruled."
B02C049S01,B02C049,B02,1,4919,4973,5,1035,"Janamejaya asks for the story of the dice match, the narrator agrees to tell it, Dhritarashtra urges Duryodhana to give up dice, and Duryodhana complains bitterly about the Pandavas."
B02C050S01,B02C050,B02,1,5026,5026,1,999,"Duryodhana catalogues the tribute from kings, Brahmanas and distant peoples, many of whom were kept waiting outside the palace gate."
B02C051S01,B02C051,B02,1,5119,5209,2,1220,"Duryodhana describes the tribute of many kings and peoples, and the vast household and feasts that Yudhishthira maintains."
B02C052S01,B02C052,B02,1,5237,5237,1,742,"Duryodhana describes the Rajasuya consecration in detail, the honours that the kings and Krishna gave Yudhishthira, and his own despair at the Pandavas' success."
B02C053S01,B02C053,B02,1,5308,5308,1,324,"Dhritarashtra urges Duryodhana to give up his jealousy, reminds him that the Pandavas are his kin, and recommends his own sacrifice and contentment."
B02C054S01,B02C054,B02,1,5342,5342,1,684,"Duryodhana rejects his father's advice and argues for ruthless pursuit of advantage, insisting that he will seize the Pandavas' wealth or die trying."
B02C055S01,B02C055,B02,1,5403,5438,5,315,"Sakuni offers his dice skill, Duryodhana urges his father, and Dhritarashtra defers to Vidura but warns of war."
B02C055S02,B02C055,B02,2,5447,5470,3,386,"Duryodhana argues for dice, Dhritarashtra reluctantly yields to fate, orders the crystal palace built, and sends Vidura to fetch Yudhishthira."
B02C056S01,B02C056,B02,1,5497,5507,2,133,"Vidura warns that the match will bring dissension, and Dhritarashtra insists on fate and orders him to bring Yudhishthira."
B02C057S01,B02C057,B02,1,5519,5567,5,447,"Vidura reaches Indraprastha and tells Yudhishthira of the invitation, and Yudhishthira asks who the gamblers are and says he will play only if summoned."
B02C057S02,B02C057,B02,2,5574,5594,3,781,"Yudhishthira sets out for Hastinapura with his household, is greeted by the Kauravas, visits the family, and spends the night in pleasure before the match."
B02C058S01,B02C058,B02,1,5655,5703,5,601,"Sakuni calls for the dice, Yudhishthira objects that deceitful gambling is sinful, and Sakuni answers that every contest is aimed at victory."
B02C058S02,B02C058,B02,2,5722,5734,3,112,"Yudhishthira accepts that he cannot refuse, Duryodhana offers his stakes and names Sakuni to play for him, and Yudhishthira objects but agrees."
B02C059S01,B02C059,B02,1,5745,5772,4,201,"The kings take their seats, the match begins with Yudhishthira's pearls as the first stake, and Sakuni claims the first win."
B02C060S01,B02C060,B02,1,5781,5814,5,309,"Yudhishthira stakes his treasury, his royal chariot and a hundred thousand serving-girls, and Sakuni claims each."
B02C060S02,B02C060,B02,2,5825,5855,5,208,"Yudhishthira stakes thousands of servants and a thousand elephants, and Sakuni claims them."
B02C060S03,B02C060,B02,3,5860,5885,5,130,"Yudhishthira stakes chariots, warriors and the horses that Chitraratha gave Arjuna, and Sakuni claims them."
B02C060S04,B02C060,B02,4,5890,5911,4,147,"Yudhishthira stakes ten thousand chariots, sixty thousand warriors and four hundred jewels, and Sakuni claims them all."
B02C061S01,B02C061,B02,1,5920,5920,1,631,Vidura warns Dhritarashtra in a long speech that Duryodhana is ruinous and that the match should be halted before it brings disaster.
B02C062S01,B02C062,B02,1,5978,5978,1,356,"Vidura's second plea to Dhritarashtra and the Kauravas, urging them to stop the match, avoid war and send Sakuni home."
B02C063S01,B02C063,B02,1,6016,6058,2,808,"Duryodhana rebukes Vidura for opposing him, Vidura replies that the wise must speak plainly, and then Vidura takes his leave."
B02C064S01,B02C064,B02,1,6093,6122,5,202,"Sakuni asks for more, and Yudhishthira stakes his untold wealth, cattle and herds, which Sakuni wins."
B02C064S02,B02C064,B02,2,6127,6151,5,142,"Yudhishthira stakes his city, lands, people and princes in their ornaments, and Nakula last, and Sakuni wins them."
B02C064S03,B02C064,B02,3,6157,6179,5,105,"Sakuni points out that Nakula is already won, and Yudhishthira stakes Sahadeva, whom Sakuni also wins."
B02C064S04,B02C064,B02,4,6184,6214,5,207,"Sakuni taunts Yudhishthira about the twins, Yudhishthira rebukes him, and Yudhishthira stakes Arjuna, whom Sakuni wins."
B02C064S05,B02C064,B02,5,6219,6248,5,220,"Sakuni claims Arjuna and urges Yudhishthira to stake Bhima, then asks whether anything remains, and Yudhishthira stakes himself."
B02C064S06,B02C064,B02,6,6254,6294,5,477,"Sakuni wins Yudhishthira, urges him to stake Draupadi to win himself back, and Yudhishthira does so while the assembly is horrified and Sakuni wins again."
B02C065S01,B02C065,B02,1,6316,6322,2,489,"Duryodhana orders Draupadi brought in as a slave, and Vidura warns him that he is courting ruin and that Draupadi cannot be lawfully staked."
B02C066S01,B02C066,B02,1,6366,6397,5,245,"Duryodhana sends the messenger to fetch Draupadi, and she asks whether Yudhishthira staked himself or her first."
B02C066S02,B02C066,B02,2,6404,6441,5,291,"The messenger returns with Draupadi's question, Yudhishthira stays silent, and Duryodhana insists that Draupadi come to the hall."
B02C066S03,B02C066,B02,3,6448,6551,5,1135,"Dussasana drags Draupadi by her hair before the assembly, she pleads that she is in her season, and the elders fail to stop him."
B02C066S04,B02C066,B02,4,6563,6604,5,678,"Bhima rages and offers to burn Yudhishthira's hands, Arjuna restrains him, and Vikarna argues that Draupadi was not validly won."
B02C066S05,B02C066,B02,5,6636,6748,5,1848,"Karna rebukes Vikarna, Dussasana tries to strip Draupadi, a miracle of endless robes protects her, Bhima swears to kill Dussasana, and Vidura cites the tale of Prahlada."
B02C066S06,B02C066,B02,6,6808,6814,2,85,"Vidura asks the assembly to answer Draupadi's question, but Karna orders her dragged to the inner apartments."
B02C067S01,B02C067,B02,1,6827,6869,4,630,"Draupadi, dragged in, lays her case before the elders, and Bhishma answers that the question is subtle and must be settled by Yudhishthira."
B02C068S01,B02C068,B02,1,6897,6949,3,552,"Duryodhana taunts Draupadi and the Pandavas, Bhima threatens revenge but holds back, and the elders urge restraint."
B02C069S01,B02C069,B02,1,6959,7030,5,726,"Karna mocks Draupadi as a slave, Duryodhana exposes his thigh, Bhima vows to break it, Vidura warns the kings, and Duryodhana offers to accept Bhima's terms."
B02C069S02,B02C069,B02,2,7037,7074,5,317,"Arjuna says Yudhishthira was their master only before he lost himself, ill omens sound in the palace, and Dhritarashtra asks Draupadi for a boon."
B02C069S03,B02C069,B02,3,7083,7103,4,181,"Dhritarashtra grants Draupadi a second boon for the Pandavas' freedom and offers a third, which she declines."
B02C070S01,B02C070,B02,1,7117,7148,4,456,"Karna praises Draupadi, Bhima laments the insult, Arjuna counsels restraint, and Yudhishthira restrains Bhima and turns to Dhritarashtra."
B02C071S01,B02C071,B02,1,7172,7219,3,532,"Yudhishthira asks Dhritarashtra for his command, Dhritarashtra counsels peace and forgiveness, and the Pandavas leave for Indraprastha with Draupadi."
B02C072S01,B02C072,B02,1,7232,7298,5,644,"Dussasana complains to Duryodhana, Duryodhana, Karna and Sakuni persuade Dhritarashtra to recall the Pandavas for a rematch of exile, and Dhritarashtra agrees."
B02C072S02,B02C072,B02,2,7301,7313,5,54,"The elders, including Drona, Somadatta, Bhishma and Vikarna, urge peace, but Dhritarashtra ignores them and summons the Pandavas back."
B02C073S01,B02C073,B02,1,7323,7352,2,370,"Gandhari pleads with Dhritarashtra to cast off Duryodhana, and Dhritarashtra accepts fate and orders the Pandavas back for another match."
B02C074S01,B02C074,B02,1,7364,7410,5,440,"The messenger catches up with Yudhishthira, who turns back to the dice, and Sakuni proposes exile in the forest as the new stake."
B02C074S02,B02C074,B02,2,7419,7443,4,195,"Yudhishthira accepts the new stake, and Sakuni casts the dice and claims the win."
B02C075S01,B02C075,B02,1,7453,7525,5,881,"Dussasana gloats over the Pandavas in deer-skins, Bhima answers with threats, and Dussasana mocks him as a cow."
B02C075S02,B02C075,B02,2,7544,7582,5,383,"Bhima, Arjuna, Sahadeva and Nakula each vow vengeance, to be carried out in the fourteenth year."
B02C075S03,B02C075,B02,3,7593,7593,1,21,The brothers approach Dhritarashtra after their vows.
B02C076S01,B02C076,B02,1,7603,7633,5,608,"Yudhishthira bids farewell to the court, Vidura asks that Kunti be kept in his house, and he gives Yudhishthira a long counsel on endurance and virtue."
B02C076S02,B02C076,B02,2,7671,7671,1,28,Yudhishthira bows to Bhishma and Drona and departs.
B02C077S01,B02C077,B02,1,7681,7771,5,871,"Draupadi takes leave, Kunti blesses her, and then Kunti, seeing her sons in deer-skins, laments and begs Sahadeva to stay."
B02C077S02,B02C077,B02,2,7777,7794,2,177,"The Pandavas comfort their mother and go into exile, Vidura takes Kunti to his house, and Dhritarashtra summons Vidura to ask how the Pandavas left."
B02C078S01,B02C078,B02,1,7804,7886,5,1338,"Dhritarashtra asks how each Pandava left, Vidura explains each brother's gesture and the portents, a celestial sage foretells ruin, and Drona warns the Kauravas."
B02C078S02,B02C078,B02,2,7934,7934,1,54,Dhritarashtra accepts Drona's counsel and tells Vidura to bring the Pandavas back with honour.
B02C079S01,B02C079,B02,1,7946,8041,5,968,"Sanjaya comforts Dhritarashtra, is answered with fears of the Pandavas' return, blames Duryodhana for the insult to Draupadi, and Dhritarashtra recounts the omens and his failure to take Vidura's counsel."
B02C079S02,B02C079,B02,2,8050,8050,1,5,"A licence notice that closes the file, not part of the narrative."
B03C001S01,B03C001,B03,1,16,61,5,468,"Janamejaya asks how the Pandavas and Draupadi fared in exile, and Vaisampayana describes their departure from Hastinapura and the citizens' anger at Duryodhana."
B03C001S02,B03C001,B03,2,77,140,5,746,"The citizens follow the Pandavas and plead to go with them, Yudhishthira sends them back, and the Pandavas spend their first night by the Ganges."
B03C002S01,B03C002,B03,1,162,200,5,375,"Yudhishthira warns the Brahmanas about the forest and asks them to turn back, they refuse, and he admits his shame at his brothers' hardship."
B03C002S02,B03C002,B03,2,208,375,4,2063,"Saunaka teaches Yudhishthira about detachment and the dangers of desire and wealth, Yudhishthira explains his view of duty to guests, and Saunaka describes the path of the wise."
B03C003S01,B03C003,B03,1,414,493,5,802,"Yudhishthira asks Dhaumya how to feed the Brahmanas, Dhaumya explains the sun's role and gives a hymn of its names, and Yudhishthira prepares to worship in the river."
B03C003S02,B03C003,B03,2,508,640,5,1354,"The sun appears, grants Yudhishthira a copper vessel and a promise of food and a return to the kingdom, and the Pandavas feed the Brahmanas before setting out for Kamyaka."
B03C004S01,B03C004,B03,1,654,726,4,777,"Dhritarashtra asks Vidura for counsel, Vidura urges justice to the Pandavas, Dhritarashtra refuses and dismisses him, and Vidura leaves for the Pandavas."
B03C005S01,B03C005,B03,1,735,808,4,718,"The Pandavas settle in Kamyaka forest, Vidura visits and reports Dhritarashtra's rejection, and he repeats advice about patience and allies, which Yudhishthira accepts."
B03C006S01,B03C006,B03,1,820,882,4,627,"Dhritarashtra regrets his anger at Vidura and sends Sanjaya to fetch him. Vidura returns to Hastinapura, and the two brothers apologise and are reconciled."
B03C007S01,B03C007,B03,1,890,949,5,633,"Duryodhana, enraged by Vidura's return, consults Sakuni, Karna and Dussasana, Karna urges an armed raid, and the princes set out until Vyasa turns them back."
B03C008S01,B03C008,B03,1,964,964,1,286,Vyasa warns Dhritarashtra that the Pandavas will seek revenge after their exile and urges him to restrain Duryodhana before it is too late.
B03C009S01,B03C009,B03,1,994,1039,4,624,"Dhritarashtra confesses his parental weakness, Vyasa tells the story of Indra and Suravi, and then urges peace with the Pandavas."
B03C010S01,B03C010,B03,1,1060,1109,5,682,"Vyasa sends Maitreya to counsel the Kauravas, who arrives and urges peace, recounting Bhima's exploits."
B03C010S02,B03C010,B03,2,1136,1164,4,288,"Duryodhana mocks the sage, who curses him, Dhritarashtra asks about Kirmira, and Maitreya leaves."
B03C011S01,B03C011,B03,1,1175,1250,5,950,"Dhritarashtra asks about Kirmira, Vidura describes the Rakshasa's ambush and his challenge to the Pandavas."
B03C011S02,B03C011,B03,2,1272,1360,3,942,"Bhima fights and kills Kirmira, the Pandavas move on, and Dhritarashtra sighs at the news."
B03C012S01,B03C012,B03,1,1368,1487,5,1287,"Allies arrive in the forest, Krishna vows to destroy the Kauravas, Arjuna calms him by praising his deeds, and Krishna says he and Arjuna are inseparable."
B03C012S02,B03C012,B03,2,1499,1704,5,2198,"Draupadi laments the insult in the assembly and the Kauravas' earlier plots, Krishna and Arjuna promise to restore her, and Dhrishtadyumna vows to kill the Kaurava leaders."
B03C012S03,B03C012,B03,3,1711,1711,1,27,"The assembled heroes turn to Krishna, who prepares to speak."
B03C013S01,B03C013,B03,1,1719,1719,1,444,Krishna explains that he would have stopped the dice game had he been present and that he has come to the brothers now that he has heard of their plight.
B03C014S01,B03C014,B03,1,1763,1769,2,597,"Yudhishthira asks Krishna where he was, and Krishna explains his absence: Salwa's attack on Dwaraka and his own pursuit of the attacker."
B03C015S01,B03C015,B03,1,1822,1827,2,560,"Yudhishthira asks for the full story, and Vasudeva describes Salwa's siege of Dwaraka and the city's defences."
B03C016S01,B03C016,B03,1,1885,1885,1,787,"Salwa's army marches on Dwaraka, the Vrishni princes fight its champions, and Pradyumna rallies the Yadavas as Salwa advances."
B03C017S01,B03C017,B03,1,1963,1963,1,615,"Pradyumna and Salwa fight, Salwa is felled and revives, and Salwa wounds Pradyumna until he falls senseless."
B03C018S01,B03C018,B03,1,2026,2055,2,908,"The charioteer carries the wounded Pradyumna from the field, and Pradyumna wakes, rebukes him, and orders him back into battle."
B03C019S01,B03C019,B03,1,2110,2127,2,691,"The charioteer explains his retreat and drives back into battle, Salwa is wounded and falls, and the gods stop Pradyumna from slaying him."
B03C020S01,B03C020,B03,1,2178,2178,1,1071,"Krishna learns of Salwa's raid, sets out to kill him, and fights him at sea through a long contest of arrows and illusions."
B03C021S01,B03C021,B03,1,2277,2300,2,774,"Daruka is wounded and Krishna cheers him, a false message reports that Vasudeva has been killed, and Krishna swoons at an illusion before rising to fight again."
B03C022S01,B03C022,B03,1,2353,2452,2,1378,"Krishna destroys Salwa's illusions and city with the discus, then takes his leave of the Pandavas and returns to Dwaraka, while their allies and the Brahmanas go their ways."
B03C023S01,B03C023,B03,1,2482,2482,1,494,"The Pandavas enter the forest, and the people of Kurujangala lament their exile, blame the Kauravas, and return home at Arjuna's request."
B03C024S01,B03C024,B03,1,2534,2614,3,727,"Yudhishthira asks for a place to spend twelve years, Arjuna proposes Dwaitavana, and the Pandavas arrive in the forest and are welcomed by ascetics."
B03C025S01,B03C025,B03,1,2630,2692,2,657,"The Pandavas settle in the Dwaita woods, the sage Markandeya visits and recalls Rama's exile to urge restraint, and then he departs northward."
B03C026S01,B03C026,B03,1,2701,2756,2,653,"Vaka praises Brahmanical counsel to Yudhishthira, with the story of Vali as a warning, and the assembled sages honour Yudhishthira."
B03C027S01,B03C027,B03,1,2771,2771,1,1026,"Draupadi laments the Pandavas' fall, asks why Yudhishthira does not show anger, and urges him to take action against his enemies."
B03C028S01,B03C028,B03,1,2867,2955,4,936,"Draupadi recounts Prahlada's teaching on forgiveness and might, and then argues that now is the time for Yudhishthira to act."
B03C029S01,B03C029,B03,1,2967,2967,1,1433,"Yudhishthira argues against anger, quotes Kasyapa on forgiveness, expects peace from the elders, and resolves to forgive."
B03C030S01,B03C030,B03,1,3103,3103,1,1135,"Draupadi reproaches Yudhishthira that virtue has failed him, recounts his good deeds, argues that God governs all things, and questions divine justice."
B03C031S01,B03C031,B03,1,3215,3215,1,1145,"Yudhishthira rejects Draupadi's doubts, argues that virtue is done for its own sake, and urges her to have faith in God and the scriptures."
B03C032S01,B03C032,B03,1,3323,3323,1,1742,"Draupadi defends her views, argues that human action is essential and that success depends on effort, intelligence and circumstance, and recalls her early teaching."
B03C033S01,B03C033,B03,1,3481,3576,2,2549,"Bhima urges Yudhishthira to abandon the forest life, use might and stratagem to regain the kingdom, and balance virtue, wealth and pleasure."
B03C034S01,B03C034,B03,1,3712,3712,1,793,"Yudhishthira answers Bhima, blames Sakuni's trickery and the agreed terms of exile, and refuses to break his promise."
B03C035S01,B03C035,B03,1,3792,3792,1,945,"Bhima argues that waiting is pointless, the Pandavas will be found out, and the Kshatriya must fight now."
B03C036S01,B03C036,B03,1,3880,3975,5,1136,"Yudhishthira answers Bhima's rashness, Vyasa arrives and teaches him a sacred science, and the Pandavas move back to Kamyaka."
B03C037S01,B03C037,B03,1,4001,4088,3,1538,"Yudhishthira sends Arjuna to Indra for weapons, Arjuna sets out with blessings, and Indra tells him to seek Shiva."
B03C038S01,B03C038,B03,1,4153,4245,5,914,"Janamejaya asks for the story of Arjuna's weapons and his meeting with Shiva, and Vaisampayana describes Arjuna's penance and the sages' appeal to Shiva."
B03C039S01,B03C039,B03,1,4253,4447,3,2181,"Shiva, disguised as a Kirata, duels Arjuna over a demon boar, Arjuna recognises his garland on the hunter, and Shiva reveals himself and promises a weapon."
B03C040S01,B03C040,B03,1,4457,4509,4,804,"Shiva restores Arjuna's bow and quivers, Arjuna asks for a fearsome weapon, and Shiva grants the Pasupata with a warning and departs."
B03C041S01,B03C041,B03,1,4545,4666,5,1294,"The guardians of the world gather before Arjuna and each grant him a celestial weapon, and Indra promises to take him to heaven."
B03C041S02,B03C041,B03,2,4675,4675,1,28,"Arjuna, having obtained the weapons, feels his purpose is fulfilled."
B03C042S01,B03C042,B03,1,4684,4735,4,1064,"Indra's chariot arrives for Arjuna, Matali invites him aboard, Arjuna bids farewell to Mount Mandara, and he rides up through heaven to Amaravati."
B03C043S01,B03C043,B03,1,4801,4801,1,865,"Arjuna enters Indra's city, is greeted by the gods and sages, and is seated beside Indra while Apsaras dance."
B03C044S01,B03C044,B03,1,4892,4910,2,337,"Arjuna receives celestial weapons and lives in heaven for five years, then Indra sends him to learn music and dance from Chitrasena."
B03C045S01,B03C045,B03,1,4932,4972,2,517,"Indra sends Chitrasena with a request to Urvasi, who agrees to go to Arjuna."
B03C046S01,B03C046,B03,1,4990,5106,5,1303,"Urvasi visits Arjuna at night, explains Chitrasena's message, and Arjuna refuses her, calling her as his mother."
B03C046S02,B03C046,B03,2,5116,5154,4,390,"Urvasi curses Arjuna, Chitrasena and Indra respond, and the curse is turned to benefit in the thirteenth year."
B03C047S01,B03C047,B03,1,5165,5267,4,928,"Lomasa sees Arjuna on Indra's seat, Indra explains Arjuna's divine origin and the threat from the Nivatakavachas, and Lomasa is sent to Yudhishthira in the forest."
B03C048S01,B03C048,B03,1,5277,5282,2,479,"Janamejaya asks about Dhritarashtra's reaction, and Dhritarashtra tells Sanjaya he fears Arjuna's power and foresees ruin for his sons."
B03C049S01,B03C049,B03,1,5328,5359,2,585,"Sanjaya describes the Pandavas' rage and Arjuna's divine feats, and Dhritarashtra laments his sons' folly and Karna's cruelty."
B03C050S01,B03C050,B03,1,5390,5399,2,325,"Janamejaya asks how the Pandavas fed themselves, and Vaisampayana describes their hunting, their feeding of the Brahmanas, and their life at Kamyaka."
B03C051S01,B03C051,B03,1,5427,5544,3,1287,"Dhritarashtra fears the Pandavas' might and his own army's ruin, Sanjaya reports Krishna's promise to restore them, and Dhritarashtra recalls Vidura's warning."
B03C052S01,B03C052,B03,1,5556,5654,5,1053,"Janamejaya asks about the brothers while Arjuna is away, Bhima urges action against the Kauravas, and Yudhishthira refuses to break his word."
B03C052S02,B03C052,B03,2,5663,5710,5,454,"Yudhishthira laments his fate to the sage Vrihadaswa, who offers the story of Nala as a more wretched case."
B03C053S01,B03C053,B03,1,5718,5718,1,851,"Vrihadaswa describes Nala and Damayanti, their mutual love from report alone, and the golden swan that carries Nala's praise to Damayanti."
B03C054S01,B03C054,B03,1,5798,5838,3,734,"Damayanti pines, her father calls a swayamvara, Narada reports it to Indra, and the gods set out and ask Nala to carry their message."
B03C055S01,B03C055,B03,1,5878,5901,2,640,"The gods reveal themselves and ask Nala to carry their message, and Nala enters Damayanti's palace and introduces himself."
B03C056S01,B03C056,B03,1,5943,5943,1,663,"Damayanti declares her choice of Nala, Nala urges her to pick a god, she refuses, and Nala reports back to the gods that the choice will be made at the swayamvara."
B03C057S01,B03C057,B03,1,6007,6007,1,1122,"The kings assemble, Damayanti cannot tell Nala from the gods, prays for the gods to reveal him, chooses Nala, and is married to him with the gods' boons."
B03C058S01,B03C058,B03,1,6117,6117,1,362,"Indra meets Kali and Dvapara, who are furious that Damayanti chose Nala, and the gods rebuke them before Kali plans his revenge."
B03C059S01,B03C059,B03,1,6155,6155,1,430,"Kali possesses Nala through a lapse, Pushkara challenges him to dice, and Nala loses over many months while his citizens fail to persuade him to stop."
B03C060S01,B03C060,B03,1,6200,6200,1,553,"Damayanti sends for the councillors and the charioteer, and the charioteer takes the children away and enters the service of King Rituparna."
B03C061S01,B03C061,B03,1,6258,6258,1,885,"Pushkara wins everything and proposes Damayanti as a stake, Nala leaves the city with her in one cloth, starves, and the golden birds steal his cloth, after which Damayanti suggests the road to Vidarbha."
B03C062S01,B03C062,B03,1,6340,6346,2,726,"Nala refuses Damayanti's plan to go to Vidarbha, and as she sleeps in a shelter, he cuts her garment and abandons her in the forest."
B03C063S01,B03C063,B03,1,6411,6411,1,905,"Damayanti wakes to find Nala gone, is seized by a serpent, is freed by a hunter, and curses the hunter when he tries to assault her."
B03C064S01,B03C064,B03,1,6500,6721,4,3176,"Damayanti searches the forest and laments, meets ascetics who foretell her reunion and then vanish, and finds a caravan whose leader has not seen Nala."
B03C065S01,B03C065,B03,1,6804,6970,4,1914,"The caravan is trampled by elephants and blames Damayanti, Damayanti laments, and she is taken in at the Chedi palace on her own conditions."
B03C066S01,B03C066,B03,1,6985,6985,1,658,"Nala rescues the snake Karkotaka from a forest fire, is bitten and disguised, and is given garments and directions to Rituparna."
B03C067S01,B03C067,B03,1,7047,7093,3,483,"Nala presents himself to Rituparna as Vahuka and is taken into service, then recites his nightly lament until Jivala asks about it."
B03C068S01,B03C068,B03,1,7103,7176,3,979,"Bhima's searchers find Damayanti at the Chedi palace, Sudeva recognises her and gives her news of her family, and the queen mother asks for her story."
B03C069S01,B03C069,B03,1,7205,7305,3,1171,"Sudeva identifies Damayanti by the mark on her brow, her kin recognize her, and she sends searchers out to find Nala."
B03C070S01,B03C070,B03,1,7316,7348,2,651,"Parnada reports the reply he received in Ayodhya, and Damayanti sends Sudeva to Rituparna with a false announcement of a swayamvara."
B03C071S01,B03C071,B03,1,7384,7384,1,900,"Rituparna sets out for the swayamvara, Nala weighs his doubts while driving the horses, and Varshneya begins to suspect Vahuka's true identity."
B03C072S01,B03C072,B03,1,7470,7470,1,1043,"A garment falls, Rituparna's counting feat is verified by felling the tree, the dice-for-horses bargain is struck, and Kali leaves Nala."
B03C073S01,B03C073,B03,1,7567,7641,3,928,"Rituparna reaches Bhima's court, Damayanti hears a car she takes for Nala's, and she sends a messenger to learn who the charioteer is."
B03C074S01,B03C074,B03,1,7661,7739,3,740,"Kesini questions Vahuka, who gives a cover story, and then, on hearing the message, answers with a speech about faithful wives and weeps."
B03C075S01,B03C075,B03,1,7755,7791,2,640,"Kesini reports Vahuka's marvels to Damayanti, who then tastes his cooking and recognizes Nala."
B03C076S01,B03C076,B03,1,7821,7821,1,1248,"Damayanti questions Nala, who blames Kali, the Wind-god vouches for her, Nala regains his form, and the couple are reunited."
B03C077S01,B03C077,B03,1,7936,7936,1,457,"Nala and Damayanti greet Bhima, the city rejoices, Rituparna and Nala exchange forgiveness and return the horse-lore, and Rituparna leaves."
B03C078S01,B03C078,B03,1,7981,8036,2,839,"Nala challenges Pushkara to a rematch, wins back everything in one throw, and spares his brother."
B03C079S01,B03C079,B03,1,8061,8114,3,714,"The restored Nala's happy reign is recounted, Vrihadaswa gives Yudhishthira the dice-lore, and news of Arjuna's penance begins to trouble Yudhishthira."
B03C080S01,B03C080,B03,1,8139,8213,5,815,"Janamejaya asks how the Pandavas fared without Arjuna, and Vaisampayana tells how each brother and Draupadi laments his absence in Kamyaka."
B03C081S01,B03C081,B03,1,8230,8259,2,555,"Narada appears to Yudhishthira, who asks about the merit of pilgrimage, and Narada begins a story of Bhishma meeting Pulastya."
B03C082S01,B03C082,B03,1,8292,8397,5,3418,"Pulastya offers a boon, Bhishma asks about the merit of tirthas, Pulastya praises Pushkara and then lists a long route of other sacred sites with their rewards."
B03C083S01,B03C083,B03,1,8630,8630,1,5290,"Pulastya's long itinerary runs through Kurukshetra and its many tirthas, including Rama's lakes, and closes by praising Kurukshetra."
B03C084S01,B03C084,B03,1,9145,9145,1,4027,"Pulastya continues the pilgrimage list through many tirthas across the land, each with its promised merit."
B03C085S01,B03C085,B03,1,9544,9875,5,3385,"Pulastya's list of tirthas runs on, with Prayaga singled out, Pulastya explains the benefits of reciting it, and Narada encourages Yudhishthira to visit the places."
B03C086S01,B03C086,B03,1,9885,9885,1,607,"Yudhishthira explains to Dhaumya why he sent Arjuna to Indra, assesses the Kaurava warriors, and asks for a new forest to live in."
B03C087S01,B03C087,B03,1,9950,9950,1,768,"Dhaumya surveys the holy places of the east, from Naimisha and Gaya to Prayaga, Mahendra and Kundoda."
B03C088S01,B03C088,B03,1,10026,10079,2,769,"Dhaumya surveys the southern and Surashtra holy places, ending with Dwaravati, Krishna's city."
B03C089S01,B03C089,B03,1,10106,10106,1,483,"Dhaumya surveys the western holy places, centered on the Narmada and the Pushkara lake, and closes with a verse about Pushkara."
B03C090S01,B03C090,B03,1,10156,10244,2,848,"Dhaumya covers the northern holy places, from the Saraswati to Badari, and urges Yudhishthira to visit them."
B03C091S01,B03C091,B03,1,10260,10260,1,650,"Lomasa arrives with news of Arjuna's gains in heaven, relays Indra's assurance about Karna, and passes on Indra's advice to the Pandavas."
B03C092S01,B03C092,B03,1,10325,10392,5,681,"Yudhishthira agrees to the pilgrimage, Lomasa advises a light retinue, and the larger company is sent back to Hastinapura."
B03C093S01,B03C093,B03,1,10404,10461,3,713,"The Brahmanas ask to join, Yudhishthira agrees, the sages give their advice, and the party sets out eastward."
B03C094S01,B03C094,B03,1,10480,10487,2,523,"Yudhishthira asks why his enemies prosper, and Lomasa explains that the gods prospered through virtue and tirtha visits, while the Asuras fell through pride."
B03C095S01,B03C095,B03,1,10537,10616,2,847,"The Pandavas bathe at many sites, keep the Chaturmasya vow at Gayasira, and hear Shamatha recount King Gaya's vast sacrifices."
B03C096S01,B03C096,B03,1,10624,10660,3,801,"Lomasa tells how Ilwala and Vatapi preyed on Brahmanas, then how Agastya, to save his ancestors, created Lopamudra, who was raised in Vidarbha."
B03C097S01,B03C097,B03,1,10708,10767,3,642,"Agastya marries Lopamudra, who asks for luxuries before intimacy, and he sets out to find wealth."
B03C098S01,B03C098,B03,1,10778,10835,5,537,"Agastya goes to three kings for wealth, each one says his spending equals his income, and they agree to go to Ilwala."
B03C099S01,B03C099,B03,1,10843,10952,5,1455,"Agastya digests Vatapi, Ilwala gives wealth and a golden car, Agastya's son Dridhasyu is born, and Lomasa begins the story of Rama of Bhrigu's line."
B03C099S02,B03C099,B03,2,10989,10989,1,445,"Rama of Bhrigu's line is humbled by Rama, son of Dasaratha, and regains his energy at a sacred river on the Pitris' advice."
B03C100S01,B03C100,B03,1,11039,11044,2,681,"Vritra and the Kalakeyas trouble the gods, and Dadhicha gives his bones to make the Vajra."
B03C101S01,B03C101,B03,1,11109,11109,1,679,"Indra, empowered by the gods, slays Vritra with the Vajra, and the Danavas retreat into the sea and plot against the ascetics."
B03C102S01,B03C102,B03,1,11179,11179,1,706,"The Kalakeyas kill ascetics in their hermitages at night, and the gods seek protection from Narayana."
B03C103S01,B03C103,B03,1,11249,11264,2,516,"The gods plead with Vishnu, who names Agastya as the only one who can dry up the sea, and the gods approach Agastya in praise."
B03C104S01,B03C104,B03,1,11303,11346,4,647,"Lomasa explains why Vindhya stopped growing, then tells how the gods asked Agastya to drink the ocean."
B03C105S01,B03C105,B03,1,11373,11373,1,529,"Agastya drinks the ocean, the gods slay the Kalakeyas, and Agastya says the water cannot be restored."
B03C106S01,B03C106,B03,1,11431,11454,4,762,"Brahma delays the refilling of the ocean, and Lomasa introduces Sagara, whose prayer to Shiva brings a promise of many sons."
B03C107S01,B03C107,B03,1,11510,11630,5,1964,"The sixty thousand sons are born and destroyed by Kapila's fire, Sagara banishes Asamanjas, and Ansuman wins back the horse and Kapila's favor."
B03C108S01,B03C108,B03,1,11696,11756,3,838,"Bhagiratha performs austerities, Ganga appears and agrees to descend, and Bhagiratha secures Shiva's favor to bear her fall."
B03C109S01,B03C109,B03,1,11784,11784,1,560,"Shiva agrees to hold Ganga's fall, Ganga descends and follows Bhagiratha to the sea, and Lomasa closes his account."
B03C110S01,B03C110,B03,1,11838,11926,5,1791,"The Pandavas see strange sights at Hemakuta, Lomasa explains their cause and points out nearby hermitages, and he tells how Rishyasringa was born and why Indra's rain stopped."
B03C111S01,B03C111,B03,1,12006,12058,5,481,"The courtesan approaches Rishyasringa at his hermitage, talks with him, and offers him fruit, and he offers ripe fruit in return."
B03C111S02,B03C111,B03,2,12063,12063,1,380,"The courtesan tempts Rishyasringa with gifts and embraces until he is overcome with love, and his father Vibhandaka finds him distressed."
B03C112S01,B03C112,B03,1,12102,12102,1,702,"Rishyasringa describes the visitor to his father, her gifts and her departure, and says he longs to follow her."
B03C113S01,B03C113,B03,1,12165,12207,2,912,"Vibhandaka warns his son, the courtesans take him to the king, the king marries him to Santa, and the king pacifies Vibhandaka with herds and fields; Lomasa then points Yudhishthira to a holy lake."
B03C114S01,B03C114,B03,1,12255,12307,5,974,"Yudhishthira bathes at the Ganga's mouth, Lomasa tells of Rudra and of the Earth's altar, and Yudhishthira is given the formula for crossing the sea."
B03C114S02,B03C114,B03,2,12352,12352,1,46,"Yudhishthira completes the rites, enters the sea, and spends the night at the skirts of Mount Mahendra."
B03C115S01,B03C115,B03,1,12362,12446,5,1093,Akritavrana predicts Rama's visit and tells of Arjuna of the Haihayas and of Richika's marriage to Satyavati.
B03C115S02,B03C115,B03,2,12472,12472,1,390,Bhrigu's boon for his daughter-in-law and her mother gives rise to the birth of Jamadagni.
B03C116S01,B03C116,B03,1,12511,12511,1,900,"Renuka's lapse, Rama's obedience, the restoration of his mother by boon, Arjuna's raid on the hermitage, and Jamadagni's death."
B03C117S01,B03C117,B03,1,12596,12641,2,574,"Rama laments and vows vengeance, wipes out the warriors, and retires to Mahendra; he then appears to Yudhishthira and his brothers and honours the Brahmanas."
B03C118S01,B03C118,B03,1,12656,12656,1,901,"Yudhishthira visits sacred places along the coast, fasts at Prabhasa, and is met by the Vrishnis, who weep at the Pandavas' condition."
B03C119S01,B03C119,B03,1,12741,12749,2,996,"Janamejaya asks about the meeting, and Valarama laments the Pandavas' suffering and attacks the Kuru elders and Duryodhana."
B03C120S01,B03C120,B03,1,12834,12968,5,1386,"Satyaki urges war, Krishna explains Yudhishthira's pride, and Yudhishthira sends the Vrishnis home and proceeds to the Payosini."
B03C121S01,B03C121,B03,1,12985,13054,4,724,"Lomasa describes the sacrifices on the Payosini and the holy sites near the Narmada, and Yudhishthira asks about Chyavana and Indra."
B03C122S01,B03C122,B03,1,13065,13126,2,728,"Sukanya blinds Chyavana, the army is afflicted, and Saryati gives his daughter to the sage."
B03C123S01,B03C123,B03,1,13140,13191,3,595,"The Ashvins tempt Sukanya, restore Chyavana to youth, and Chyavana promises to make them Soma-drinkers."
B03C124S01,B03C124,B03,1,13205,13246,2,841,"Chyavana officiates for Saryati, Indra opposes the offering to the Ashvins, and Chyavana summons the demon Mada."
B03C125S01,B03C125,B03,1,13287,13287,1,823,"Indra accepts the Ashvins' right to Soma, Chyavana scatters Mada, and Lomasa lists the holy places for Yudhishthira to visit."
B03C126S01,B03C126,B03,1,13364,13489,3,1428,"Yudhishthira asks about Mandhata, and Lomasa recounts his unusual birth, his rule, and the sacrifices and rain he brought, before Yudhishthira turns to Somaka."
B03C127S01,B03C127,B03,1,13497,13549,5,571,"Jantu is stung, Somaka laments his single son, and he asks the priest for a rite to get a hundred sons."
B03C127S02,B03C127,B03,2,13554,13554,1,101,"The priest proposes that Jantu be the sacrificial victim, with the smoke of his fat to bring the sons."
B03C128S01,B03C128,B03,1,13567,13616,5,499,"The sacrifice of Jantu and the birth of a hundred sons, followed by the priest's punishment in hell and Somaka's choice to share it."
B03C128S02,B03C128,B03,2,13621,13621,1,114,"Somaka and the priest work off their sins and are freed, and Lomasa recommends six nights of self-control at this hermitage."
B03C129S01,B03C129,B03,1,13639,13698,3,690,"Lomasa names the sacred sites along the Yamuna and in the Kuru field, Yudhishthira bathes, and he says he can see Arjuna from there."
B03C130S01,B03C130,B03,1,13713,13713,1,655,"Lomasa names a series of sacred sites, from the Saraswati to Lopamudra's place, and ends with the tale of Usinara and the hawk and pigeon."
B03C131S01,B03C131,B03,1,13777,13858,4,1010,"The hawk demands the pigeon, Usinara refuses to give it up, offers his own flesh in its place, and is then honoured by Indra and Agni."
B03C132S01,B03C132,B03,1,13877,13900,3,749,"Lomasa introduces Swetaketu's hermitage and Ashtavakra's story, Yudhishthira asks about his deformity, and Lomasa explains the curse, Kahoda's drowning, and the journey to Janaka."
B03C133S01,B03C133,B03,1,13955,14054,2,1128,"Ashtavakra argues his way past the gatekeeper, answers Janaka's riddles, and is admitted to meet Vandin."
B03C134S01,B03C134,B03,1,14063,14170,5,1173,"Ashtavakra challenges Vandin, and the two trade numbered verses until Ashtavakra completes the last and wins the debate."
B03C134S02,B03C134,B03,2,14185,14210,3,409,"Vandin is revealed as Varuna's son, Kahoda is restored, and Ashtavakra's crooked body is straightened in the Samanga."
B03C135S01,B03C135,B03,1,14234,14312,5,1050,"Lomasa names the sacred sites, then tells how Yavakri sought Vedic learning by severe penance and how Indra tried to dissuade him."
B03C135S02,B03C135,B03,2,14341,14347,2,534,"Indra grants Yavakri his boons, and Bharadwaja warns his son against pride, citing the fate of Medhavi."
B03C136S01,B03C136,B03,1,14396,14396,1,480,"Yavakri's advances, Raivya's anger, the two beings made from his hair, Yavakri's flight from water to water, and his death at his father's fire room."
B03C137S01,B03C137,B03,1,14445,14445,1,525,"Bharadwaja returns, learns of his son's death from the Sudra, laments, curses Raivya, and burns himself on a fire."
B03C138S01,B03C138,B03,1,14494,14568,4,773,"Paravasu kills Raivya by mistake, Arvavasu takes on the penance, Paravasu accuses him and has him driven from the sacrifice, and the gods reward Arvavasu and restore the dead."
B03C139S01,B03C139,B03,1,14579,14636,5,534,"Lomasa names the mountains they have passed, describes the sites ahead, and asks for protection; Yudhishthira tells his brothers to guard Krishna and the twins and to be careful."
B03C140S01,B03C140,B03,1,14645,14702,5,533,"Yudhishthira asks Bhima to turn back, Bhima refuses and offers to carry the others, Draupadi says she can go on, and Lomasa says the mountain requires austerity."
B03C140S02,B03C140,B03,2,14709,14728,2,860,"The party is welcomed by Suvahu, leaves their servants with him, and sets out for the Himalayas; Yudhishthira laments Arjuna's absence and plans the journey to Gandhamadana."
B03C141S01,B03C141,B03,1,14798,14902,5,1502,"Lomasa describes the sacred sites and Naraka's bones, then tells Yudhishthira how the sunken Earth was raised by Vishnu in the form of a boar."
B03C141S02,B03C141,B03,2,14946,14951,2,59,"The gods praise Vishnu and return home, and the Pandavas set out again along the path Lomasa showed them."
B03C142S01,B03C142,B03,1,14959,14959,1,500,"The Pandavas travel toward Gandhamadana, are caught in a dust storm and heavy rain, take shelter apart, and regroup when the weather calms."
B03C143S01,B03C143,B03,1,15010,15074,4,717,"Draupadi collapses, the brothers gather round, Yudhishthira laments his fault, the Brahmins restore her, and Bhima calls on Ghatotkacha to help carry the party."
B03C144S01,B03C144,B03,1,15089,15114,3,1252,"Ghatotkacha and other Rakshasas carry the party to the hermitage of Nara and Narayana, where the sages welcome Yudhishthira and the Pandavas settle in."
B03C145S01,B03C145,B03,1,15225,15345,5,1187,"Draupadi asks for more lotuses, and Bhima climbs the mountain, startling the animals; footnotes 1 and 2 follow."
B03C145S02,B03C145,B03,2,15347,15365,5,125,"Footnotes 2 to 4 explain a sacrifice, the Viswedeva offering, and the dakshina gift."
B03C145S03,B03C145,B03,3,15376,15395,5,64,Footnotes 5 and 6 explain disinterested action and a yoga that renounces motive.
B03C145S04,B03C145,B03,4,15397,15414,5,54,"Footnotes 7 to 9 explain a breath-based yoga, the groups of gods, and an order of celestials."
B03C145S05,B03C145,B03,5,15419,15434,5,18,Footnotes 10 and 11 explain the celestial flowers and the ascetic powers such as Anima and Laghima.
B03C145S06,B03C145,B03,6,15436,15451,5,49,"Footnotes 12 to 14 explain Vishnu's bow, a set of sacrificial terms, and Dhritarashtra's epithet."
B03C145S07,B03C145,B03,7,15458,15476,5,46,Footnotes 15 and 16 identify the sage Sukra and the Vadarika hermitage.
B03C145S08,B03C145,B03,8,15478,15497,5,97,"Footnotes 17 to 19 explain kshetra, the seed called Hari, and the wheel of Time."
B03C145S09,B03C145,B03,9,15506,15520,5,17,"Footnotes 20 and 21 give symbolic meanings for thunder, lightning and cloud."
B03C145S10,B03C145,B03,10,15522,15536,5,23,"Footnotes 22 to 24 define a conscious male being, the mundane egg, and a soul free of the body."
B03C145S11,B03C145,B03,11,15541,15559,5,105,"Footnotes 25 and 26 introduce the debate between Ashtavakra and Vandin, and Vandin's opening claim."
B03C145S12,B03C145,B03,12,15566,15595,5,181,Footnotes 27 and 28 set out the arguments for two and then three guiding principles.
B03C145S13,B03C145,B03,13,15597,15620,5,122,"Footnotes 30 and 31 cover Vandin's five senses and Ashtavakra's added sixth sense, the mind."
B03C145S14,B03C145,B03,14,15627,15644,5,42,Footnotes 32 and 33 cover Vandin's sixth sense and Ashtavakra's eighth element.
B03C145S15,B03C145,B03,15,15646,15671,5,143,"Footnotes 34 to 36 explain prakriti, the illusion of the Supreme Being, and yupas and Rudras."
B03C145S16,B03C145,B03,16,15676,15699,5,160,"Vandin's claim about bondage to happiness and misery, with footnotes 37 and 38 on the twelve virtues and the path to release."
B03C145S17,B03C145,B03,17,15710,15739,5,78,Footnotes 39 and 40 end the debate with thirteen factors and define a compound name; a Gutenberg license heading follows.
B03C145S18,B03C145,B03,18,15758,15835,5,1259,"Headings introduce the next part of the text, then Bhima fights animals and reaches a lake, and Hanuman warns him to turn back."
B03C146S01,B03C146,B03,1,15889,15924,2,901,"Bhima demands passage, Hanuman refuses and feigns weakness, Bhima fails to move his tail, and Hanuman begins his account of Rama and Sita."
B03C147S01,B03C147,B03,1,15973,15973,1,510,"Hanuman recounts Rama's alliance with Sugriva, the search for Sita, the defeat of Ravana, and Rama's return home, and explains why he blocks the path."
B03C148S01,B03C148,B03,1,16024,16024,1,1096,"Hanuman declines to show his earlier form and describes the four yugas, from the perfect Krita age to the declining Kali age, before telling Bhima to return."
B03C149S01,B03C149,B03,1,16127,16172,4,1421,"Bhima asks to see Hanuman's true form, Hanuman enlarges himself, and Bhima praises him; Hanuman warns against rash action and lectures on class duties and kingship."
B03C150S01,B03C150,B03,1,16276,16303,2,466,"Hanuman shrinks and embraces Bhima, offers to punish the Kauravas, and promises to help in battle by roaring from Arjuna's flagstaff before he vanishes."
B03C151S01,B03C151,B03,1,16324,16324,1,327,"Bhima walks on through the forest, reaches a river full of Saugandhika lotuses, and feels his errand is close to done."
B03C152S01,B03C152,B03,1,16363,16363,1,423,"Bhima finds Kuvera's lake, drinks its water, and is questioned by the armed Rakshasas who guard it."
B03C153S01,B03C153,B03,1,16408,16468,3,800,"Bhima states his errand and refuses to ask Kuvera's permission, then fights and defeats the Krodhavasas, who report to Kuvera, who allows him to take the lotuses."
B03C154S01,B03C154,B03,1,16492,16497,2,763,"Portents appear, Yudhishthira sets out with the others to find Bhima, they find the slain Yakshas, Yudhishthira rebukes Bhima, and the garden warders are pacified."
B03C155S01,B03C155,B03,1,16570,16599,2,485,"Yudhishthira lists the holy places visited and asks how to reach Kuvera's abode; an aerial voice gives the route, and Dhaumya advises following it."
B03C156S01,B03C156,B03,1,16623,16734,4,1738,"Jatasura seizes the Pandavas and Draupadi; Yudhishthira and Sahadeva confront him; Bhima arrives, rebukes him, kills him after a long fight, and is praised."
B03C157S01,B03C157,B03,1,16793,16990,3,2113,"Yudhishthira recalls Arjuna's promised return and leads the company toward Sweta, passing Vrishaparva's hermitage and then through the Gandhamadana forest to Arshtishena's hermitage."
B03C158S01,B03C158,B03,1,17003,17039,2,722,"Arshtishena questions Yudhishthira about his duties and warns the Pandavas not to go beyond Kailasa, asking them to wait there for Arjuna."
B03C159S01,B03C159,B03,1,17077,17133,3,1715,"Janamejaya asks about the Pandavas' stay, and Vaisampayana tells how Draupadi urges Bhima to clear the summit, where he fights and kills Maniman."
B03C160S01,B03C160,B03,1,17247,17362,5,1217,"Yudhishthira scolds Bhima, the fleeing Rakshasas report to Kuvera, who rides to the summit, is grateful to Bhima, and says he has been freed from a curse."
B03C160S02,B03C160,B03,2,17375,17382,2,278,"Yudhishthira asks why Agastya cursed Kuvera, and Kuvera recounts how Maniman insulted the sage at Kusasthali and was cursed to die at a mortal's hands."
B03C161S01,B03C161,B03,1,17409,17492,4,885,"Kuvera advises Yudhishthira on patience and restraint, praises Arjuna, blesses the brothers and leaves, and the dead Rakshasas are removed from the summit."
B03C162S01,B03C162,B03,1,17504,17504,1,901,"Dhaumya names the regions of the cosmos and explains how the sun and moon move around Meru, bringing the seasons."
B03C163S01,B03C163,B03,1,17597,17597,1,565,"The Pandavas pass a month on Gandhamadana, longing for Arjuna, who has spent five years in Indra's heaven and now comes back with the celestial weapons."
B03C164S01,B03C164,B03,1,17661,17702,3,412,"Arjuna arrives in Indra's chariot, honours his elders, gives Draupadi jewels, and tells of what he learned in heaven."
B03C165S01,B03C165,B03,1,17710,17742,2,335,"Indra comes to the Pandavas, is honoured by Yudhishthira, and tells him he will rule the earth."
B03C166S01,B03C166,B03,1,17752,17774,2,1395,"Yudhishthira asks how Arjuna gained the weapons, and Arjuna describes his penances, his fight with a boar and a hunter, and Shiva's gift of the Pasupata weapon."
B03C167S01,B03C167,B03,1,17886,18053,4,2072,"Arjuna recounts the gods' visit and Indra's invitation, his time learning arms in heaven, Indra's request that he destroy the Nivata-Kavachas, and the gods' gifts before he sets out."
B03C168S01,B03C168,B03,1,18092,18092,1,509,"Arjuna reaches the ocean, Matali drives him into the Danava city, and the Nivata-Kavachas come out to fight while sages gather to watch."
B03C169S01,B03C169,B03,1,18149,18149,1,629,"The Nivata-Kavachas attack, Arjuna and Matali scatter them with arrows and trampling, Arjuna breaks their weapons with Indra's missile, and they turn to illusion."
B03C170S01,B03C170,B03,1,18213,18213,1,712,"The Danavas unleash rock showers, floods, fire, wind and darkness; Arjuna counters them with Indra's weapons, and Matali falters until Arjuna steadies him."
B03C171S01,B03C171,B03,1,18289,18363,2,786,"Arjuna defeats the hidden Nivata-Kavachas with Indra's thunderbolt, enters their city, and learns from Matali that it once belonged to Indra."
B03C172S01,B03C172,B03,1,18371,18412,2,1831,"Arjuna sees Hiranyapura, learns of its boons, attacks and destroys it with Rudra's weapon, and returns to Indra, who praises him."
B03C173S01,B03C173,B03,1,18555,18599,4,400,"Indra blesses Arjuna and sends him back; Arjuna returns to his brothers, who rejoice, and promises to show the weapons the next morning."
B03C174S01,B03C174,B03,1,18607,18657,2,534,"Arjuna displays his celestial weapons, nature trembles, Narada warns him to use them only for a worthy cause, and the gods depart, leaving the Pandavas in the forest with Krishna."
B03C175S01,B03C175,B03,1,18666,18730,4,771,"Janamejaya asks what the Pandavas did, Vaisampayana describes their time in Kuvera's realm, Bhima urges action against Duryodhana, and the brothers take leave of the mountain."
B03C176S01,B03C176,B03,1,18756,18756,1,786,"The Pandavas travel back through several regions, spend a year in the Visakhayupa forest where Bhima is seized by a snake, and reach the Saraswati and Dvaitavana in the twelfth year."
B03C177S01,B03C177,B03,1,18840,18851,2,786,"Janamejaya asks about Bhima's fear, and Vaisampayana describes Bhima's hunting and his capture by a huge snake in a cave."
B03C178S01,B03C178,B03,1,18924,19014,3,1283,"Bhima questions the snake, which reveals itself as the cursed king Nahusha, and Bhima accepts his fate; Yudhishthira, sensing ill omens, goes out and finds him caught by the snake."
B03C179S01,B03C179,B03,1,19052,19116,5,778,"Yudhishthira offers other food, the snake sets its terms, and Yudhishthira answers its opening questions about who a Brahmana is and what should be known."
B03C179S02,B03C179,B03,2,19132,19169,3,278,"The snake and Yudhishthira discuss caste and conduct, and the snake accepts it cannot eat Bhima; a section heading closes the chapter."
B03C180S01,B03C180,B03,1,19180,19231,5,656,"Nahusha teaches Yudhishthira about virtue, rebirth, and how the senses, mind and soul perceive things."
B03C180S02,B03C180,B03,2,19253,19312,4,657,"Nahusha explains mind and intellect, admits he was ruined by prosperity, recounts Agastya's curse, and returns to heaven; the Brahmanas then admonish Bhima."
B03C181S01,B03C181,B03,1,19332,19335,2,481,"The rainy and autumn seasons pass by the Saraswati, and the Pandavas go into the Kamyaka forest at the start of the dark fortnight."
B03C182S01,B03C182,B03,1,19384,19554,5,2038,"Krishna arrives at Kamyaka, greets the Pandavas, and offers to help them regain the kingdom; Markandeya and Narada join them, and Yudhishthira asks about action and fate."
B03C182S02,B03C182,B03,2,19578,19578,1,1056,"Markandeya explains how a person's deeds follow him through rebirth, and how the wise attain the highest good."
B03C183S01,B03C183,B03,1,19678,19678,1,593,"Markandeya tells how a Haihaya prince killed a sage by mistake, how the sage was restored by his father Tarkshya, and why Brahmanas fear no death."
B03C184S01,B03C184,B03,1,19736,19828,5,1014,"Atri seeks wealth from King Vainya, a quarrel with Gautama over the king's status is settled by Sanatkumara in the king's favour, and Atri receives great gifts."
B03C185S01,B03C185,B03,1,19846,19905,4,608,"Saraswati, asked by Tarkshya about virtue, lists the rewards of study, gifts and offerings, and Tarkshya asks for the rules for keeping the sacred fire."
B03C186S01,B03C186,B03,1,19914,20025,3,1353,"Manu rescues a fish, is warned of a flood, survives in a boat tied to a horned fish, and is told that Brahma will recreate the world through him."
B03C187S01,B03C187,B03,1,20040,20266,4,3854,"Yudhishthira asks Markandeya to explain the causes of things; Markandeya describes the yugas, the destruction of the world, and his vision of the boy-god who holds the universe."
B03C188S01,B03C188,B03,1,20403,20560,3,1740,"Narayana reveals his identity and his power; Markandeya recognises Janardana, now Krishna, and the Pandavas bow down and are consoled."
B03C189S01,B03C189,B03,1,20570,20804,4,2790,"Yudhishthira asks what the Kali age will bring; Markandeya describes the decline of virtue, social disorder and omens, and the coming of Kalki, who restores order."
B03C190S01,B03C190,B03,1,20835,20928,5,962,"Markandeya describes Kalki's restoration of order and gives Yudhishthira his closing counsel on kingship, which Yudhishthira promises to follow."
B03C190S02,B03C190,B03,2,20936,20936,1,63,The Pandavas and their companions are filled with joy and wonder at Markandeya's teaching.
B03C191S01,B03C191,B03,1,20948,21144,5,2374,"Markandeya tells of King Parikshit's marriage and the frog-king's revelation, then of Sala's theft of the Vami horses from Vamadeva and Sala's death at the hands of Rakshasas."
B03C191S02,B03C191,B03,2,21169,21201,2,387,"Dala aims a poisoned arrow at Vamadeva, which kills his son instead, and after the queen's plea he returns the horses to the sage."
B03C192S01,B03C192,B03,1,21211,21265,5,747,"Yudhishthira asks about Vaka's long life and his meeting with Indra; Indra visits Vaka and asks about the sorrows of the immortal, which Vaka describes."
B03C192S02,B03C192,B03,2,21293,21325,3,332,"Indra asks about the joys of a deathless life, Vaka praises a simple, honest meal shared with guests, and Indra returns to heaven."
B03C193S01,B03C193,B03,1,21332,21332,1,428,"Suhotra and Sivi refuse to yield the road, Narada quotes verses on goodness and humility, and Suhotra gives way out of honour."
B03C194S01,B03C194,B03,1,21375,21375,1,222,"Yayati, son of Nahusha, gives a thousand cows to a Brahmana who asked for them for his teacher, saying he never boasts of or regrets a gift."
B03C195S01,B03C195,B03,1,21402,21402,1,321,"Seduka sends a Brahmana to Vrishadarbha for steeds, the king whips him, and then gives him the whole day's revenue as amends."
B03C196S01,B03C196,B03,1,21435,21435,1,1159,"Agni, as a pigeon, flees to King Sivi, pursued by Indra as a hawk; Sivi cuts his own flesh to match the pigeon's weight, and the gods reveal themselves and promise him a son."
B03C197S01,B03C197,B03,1,21536,21612,2,1306,"Narada names the kings who will fall from heaven and the reasons, and says he himself will fall because he is not equal to Sivi, whose self-sacrifice was a test by Vidhatri."
B03C198S01,B03C198,B03,1,21658,21724,3,804,"Indradyumna, fallen from heaven, is passed from Markandeya to the owl, the crane and the tortoise, who recalls his sacrifices; a heavenly car takes him back, and Markandeya notes that Krishna once raised Nriga."
B03C199S01,B03C199,B03,1,21736,21867,5,1393,"Yudhishthira asks about charity, Markandeya lists futile gifts and lives and names the deserving recipients, with food the greatest gift, and Yudhishthira asks about the road to Yama."
B03C199S02,B03C199,B03,2,21875,21984,5,2333,"Markandeya describes the road to Yama's realm and its rewards, then teaches on honouring Brahmanas, gifts of cows, purity, and the superiority of knowledge over outward austerity."
B03C199S03,B03C199,B03,3,22097,22103,2,542,"Yudhishthira asks about meritorious charity, and Markandeya explains the times and seasons when gifts earn the greatest merit."
B03C200S01,B03C200,B03,1,22153,22178,3,977,"Yudhishthira asks about the king's changed name, and Markandeya starts the tale with the sage Utanka, who wins Vishnu's favour and hears that a future king will kill the demon Dhundhu."
B03C201S01,B03C201,B03,1,22254,22273,2,794,"Markandeya lists the kings from Sasada to Kuvalaswa, whose father retires, and Utanka persuades the king to stay and deal with the demon Dhundhu."
B03C202S01,B03C202,B03,1,22334,22423,4,1002,"Vrihadaswa hands the task to his son and leaves, Yudhishthira asks about Dhundhu's ancestry, and Markandeya tells of the cosmic flood and the demons Madhu and Kaitabha whom Vishnu beheads."
B03C203S01,B03C203,B03,1,22434,22547,3,1276,"Dhundhu gets his boon and attacks, the king's sons are burned until the king's water quenches the fire, Dhundhu is killed with the Brahma weapon, and the king is renamed Dhundhumara with three surviving sons."
B03C204S01,B03C204,B03,1,22560,22629,3,657,"Yudhishthira asks about women's virtue and the duties of sons and Kshatriyas, and Markandeya explains parents' hopes for children and how a wife earns heaven."
B03C205S01,B03C205,B03,1,22640,22775,5,1463,"Kausika kills a crane in anger, and while waiting for alms at a housewife's door he is kept waiting; she explains her devotion to her husband and sends him to a fowler in Mithila."
B03C205S02,B03C205,B03,2,22783,22783,1,22,"Dismissed by the housewife, Kausika goes home and reproaches himself."
B03C206S01,B03C206,B03,1,22791,22962,3,3076,"Kausika reaches Mithila and finds the fowler selling meat, who hears the fowler's account of his trade, the duties of each class, and the signs of true virtue."
B03C207S01,B03C207,B03,1,23082,23082,1,1032,"The fowler explains that his trade follows from his karma, argues that all life involves harm, and asks Kausika what he thinks of this state of affairs."
B03C208S01,B03C208,B03,1,23180,23240,2,1562,"The fowler teaches that karma governs fortune and disease and that the soul is reborn according to its deeds, and Kausika asks how the soul is eternal and what the senses are."
B03C209S01,B03C209,B03,1,23330,23330,1,530,"The fowler traces the slide from learning into sin, contrasts the wise man, and starts to outline the elements, qualities and principles of Brahma."
B03C210S01,B03C210,B03,1,23386,23386,1,699,"The fowler lists the qualities of the five elements, then argues that subduing the senses, like a charioteer taming his horses, is the path to spiritual light."
B03C211S01,B03C211,B03,1,23458,23458,1,343,"The fowler defines tamas, rajas and sattwa by their marks and says that good qualities can raise a man's standing regardless of birth."
B03C212S01,B03C212,B03,1,23496,23496,1,1342,"The fowler explains the vital airs and the soul, then urges the overcoming of anger and greed and the practice of renunciation as the path to liberation."
B03C213S01,B03C213,B03,1,23624,23624,1,725,"The fowler shows the Brahmana his home and parents, whom he honours as his highest gods and serves with daily devotion."
B03C214S01,B03C214,B03,1,23693,23751,2,900,"The fowler urges the Brahmana to go home to his parents, then tells how he came to be a fowler after accidentally wounding a sage while hunting."
B03C215S01,B03C215,B03,1,23780,23859,3,962,"The sage's curse is softened, the Brahmana praises the fowler's teaching on character and contentment, and he goes home to his parents, closing the story for Yudhishthira."
B03C216S01,B03C216,B03,1,23876,23876,1,548,"Yudhishthira asks about the fire-god's withdrawal and the birth of Kumara, and Markandeya tells how Agni returned to his place after Angiras persuaded him."
B03C217S01,B03C217,B03,1,23931,23931,1,223,"Markandeya lists Angiras's children by Subha, starting with his son Vrihaspati and several daughters, each named for a quality."
B03C218S01,B03C218,B03,1,23958,23958,1,734,"Markandeya traces the fire-deities descended from Vrihaspati, each named for a sacrificial role, with Swaha's three sons linked to the three qualities."
B03C219S01,B03C219,B03,1,24033,24033,1,481,"A being from Uktha's penance, marked with five colours, creates the fire of the manes, day and night, and the sacrifice-obstructing gods who must be appeased."
B03C220S01,B03C220,B03,1,24086,24086,1,924,Markandeya names many fires descended from Tapa and Bhanu and lists the rites needed to correct the sacred fire when it is disturbed.
B03C221S01,B03C221,B03,1,24175,24227,2,822,"Markandeya tells how Swaha hid from defilement and how Atharvan restored him, then names the rivers said to be the mothers of the fires."
B03C222S01,B03C222,B03,1,24257,24257,1,396,"Indra, seeking a leader for the gods, rescues a woman from the Asura Kesin in the Manasa mountains and drives the Asura off."
B03C223S01,B03C223,B03,1,24297,24386,3,1091,"Devasena asks for a champion husband, Indra reads omens and wins Brahma's approval, and the fire Adbhuta, aroused by the Rishis' wives, is pursued in disguise by Swaha."
B03C224S01,B03C224,B03,1,24410,24445,5,1048,"Swaha, disguised as Siva, seduces Agni and casts his seed into a lake, from which the six-faced Skanda is born and displays his power."
B03C225S01,B03C225,B03,1,24519,24563,3,775,"The omens follow Skanda's birth, Swaha is revealed as mother, six wives are divorced, Viswamitra performs the rites, and the gods' plot to kill Skanda is set aside as the Mothers adopt him."
B03C226S01,B03C226,B03,1,24601,24601,1,484,"Indra advances against Skanda, is driven back by his fire, and then pierces him with the thunderbolt, from whose wound Visakha is born."
B03C227S01,B03C227,B03,1,24652,24652,1,382,"The wound yields a host of followers, the Mothers and Sisu are named, and Skanda is called the father of the Kumaras."
B03C228S01,B03C228,B03,1,24692,24749,5,565,"Skanda is urged to become Indra, declines, and Indra asks him to lead the gods' forces."
B03C228S02,B03C228,B03,2,24754,24820,5,793,"Skanda is anointed commander, honoured as the son of Rudra, and married to Devasena, and the sacred days of his anointing and victory are named."
B03C229S01,B03C229,B03,1,24845,24889,5,414,"The cast-off Rishis' wives ask Skanda to adopt them, Indra and Vinata seek honour from him, and the Mothers claim to be his mothers as well."
B03C229S02,B03C229,B03,2,24895,24918,5,186,"The Mothers ask Skanda to replace the earlier mother goddesses and to let them devour rivals' children, and Skanda gives them other offspring on condition that they protect children."
B03C229S03,B03C229,B03,3,24924,24993,4,1043,"Skanda sets the Mothers to afflict children until sixteen, and Markandeya lists the spirits that trouble children and adults."
B03C230S01,B03C230,B03,1,25032,25056,5,177,"Swaha asks Skanda to grant her union with Agni, and he links her name to offerings made through Agni."
B03C230S02,B03C230,B03,2,25061,25181,5,1189,"Brahma sends Skanda to his father, and Markandeya describes the spirits, the bells and banners, and the grand procession of Mahadeva's army."
B03C230S03,B03C230,B03,3,25186,25253,5,1058,"Skanda is dismissed, omens appear, and the Asuras attack; Indra rallies the gods, and Mahisha seizes Rudra's chariot until Skanda kills him."
B03C230S04,B03C230,B03,4,25294,25414,5,1154,Skanda routs the Danavas and is praised by Indra; Markandeya closes the story with a list of Skanda's names and a prayer to him.
B03C231S01,B03C231,B03,1,25424,25575,4,1670,"Satyabhama asks Draupadi how she wins her husbands' obedience, and Draupadi replies that it comes from humble, dutiful service rather than charms, listing her household duties; Satyabhama then apologises."
B03C232S01,B03C232,B03,1,25586,25586,1,474,"Draupadi gives Satyabhama practical advice on winning and keeping her husband's love through devoted service, discretion and good company."
B03C233S01,B03C233,B03,1,25633,25671,2,451,"Krishna takes leave of the Pandavas, and Satyabhama comforts Draupadi with news of the Pandava sons in Dwaraka and of their future victory."
B03C234S01,B03C234,B03,1,25683,25792,4,1174,"Janamejaya asks about the Pandavas in the forest, a Brahmana brings news of their suffering to Dhritarashtra, who laments, and Sakuni reports the king's words to Duryodhana."
B03C235S01,B03C235,B03,1,25801,25856,2,605,"Sakuni and Karna urge Duryodhana to go and gloat over the exiled Pandavas, and when they finish they fall silent."
B03C236S01,B03C236,B03,1,25864,25922,3,616,"Duryodhana doubts he can win permission to visit the Pandavas, and Karna and Sakuni agree on the cattle-inspection pretext."
B03C237S01,B03C237,B03,1,25930,25986,4,727,"Dhritarashtra is asked to permit a cattle-inspection trip, warns of the Pandavas, and grudgingly lets Duryodhana go with a large following."
B03C238S01,B03C238,B03,1,26012,26099,3,798,"Duryodhana inspects his cattle and enjoys the woods, then finds the lake at Dwaitavana blocked by Chitrasena's Gandharvas, who spurn his messengers."
B03C239S01,B03C239,B03,1,26110,26169,2,851,"The Kuru soldiers attack the Gandharvas and are routed, and Karna fights alone until his chariot is broken and he escapes."
B03C240S01,B03C240,B03,1,26200,26259,3,598,"Duryodhana and the Kaurava party are seized by the Gandharvas, and the fleeing soldiers appeal to the Pandavas, while Bhima mocks them and Yudhishthira reproves him."
B03C241S01,B03C241,B03,1,26267,26314,2,578,"Yudhishthira urges his brothers to rescue Duryodhana, first by conciliation and then by force if needed, and Arjuna pledges to do so, restoring the Kauravas' spirits."
B03C242S01,B03C242,B03,1,26326,26326,1,520,"The Pandavas arm and march out, Arjuna demands Duryodhana's release, the Gandharvas refuse, and battle begins."
B03C243S01,B03C243,B03,1,26380,26380,1,792,"Arjuna and the Pandavas defeat the Gandharvas with celestial weapons, and when Chitrasena reveals himself as Arjuna's friend, the fighting stops."
B03C244S01,B03C244,B03,1,26459,26497,5,439,"Arjuna and Chitrasena argue over the captives, Chitrasena explains the Kaurava plot, and the Gandharvas and Pandavas take the captives to Yudhishthira."
B03C244S02,B03C244,B03,2,26511,26530,2,261,"The Gandharvas depart, Indra revives the slain, Yudhishthira warns Duryodhana against rash acts, and Duryodhana sets off for his capital in shame."
B03C245S01,B03C245,B03,1,26544,26583,3,396,"Janamejaya asks about Duryodhana's shameful return, Duryodhana leaves in grief, and Karna comes to comfort him at night, admitting his own flight."
B03C246S01,B03C246,B03,1,26591,26591,1,439,"Duryodhana explains to Karna how the Gandharvas captured the Kauravas, how the Pandavas freed them at the soldiers' appeal, and how Chitrasena reconciled with Arjuna."
B03C247S01,B03C247,B03,1,26637,26722,3,1075,"Duryodhana, ashamed of his captivity, resolves to starve himself, offers the throne to Dussasana, who refuses, and Karna urges the brothers to stop grieving and go home."
B03C248S01,B03C248,B03,1,26742,26774,2,380,"Karna urges Duryodhana to rise and stop grieving, warning that a self-starving king would be mocked, and Duryodhana remains resolved to die."
B03C249S01,B03C249,B03,1,26782,26839,5,781,"Sakuni and the others fail to change Duryodhana's mind about fasting, and the Danavas summon him through a rite to their nether world, where they flatter him."
B03C250S01,B03C250,B03,1,26870,26965,3,1326,"The Danavas promise Duryodhana victory, the goddess returns him to his place, and Karna urges him to rise and march back to the city with his army."
B03C251S01,B03C251,B03,1,27004,27063,4,730,"Bhishma rebukes Duryodhana and urges peace, Duryodhana laughs at him, and Karna offers to conquer the earth alone, which Duryodhana welcomes."
B03C252S01,B03C252,B03,1,27084,27141,2,760,"Karna conquers the kingdoms around, returns to Hastinapura with tribute, and is embraced by Dhritarashtra, who then trusts that the Pandavas have been defeated."
B03C253S01,B03C253,B03,1,27163,27220,4,616,"Karna and Duryodhana plan a great sacrifice, the priests advise a different rite, and the work on the sacrificial plough begins."
B03C254S01,B03C254,B03,1,27234,27262,2,584,"The sacrifice begins, Dussasana's messenger invites the Pandavas, Yudhishthira declines, and Vidura entertains the guests."
B03C255S01,B03C255,B03,1,27300,27363,3,702,"The citizens praise the sacrifice, Karna vows to kill Arjuna, and Duryodhana rules and gives gifts, while the Pandavas grow anxious and plan to leave."
B03C256S01,B03C256,B03,1,27377,27382,2,429,"Yudhishthira dreams of the surviving deer begging him to leave, and he moves the Pandavas to the Kamyaka forest out of pity."
B03C257S01,B03C257,B03,1,27425,27497,4,868,"The Pandavas endure their exile, Vyasa visits and teaches on asceticism, and then Yudhishthira asks about charity, leading Vyasa to tell the tale of Mudgala."
B03C258S01,B03C258,B03,1,27520,27612,5,963,"The story of Mudgala: his generous gift of corn, Durvasa's repeated tests, and the celestial chariot that comes to take him to heaven."
B03C259S01,B03C259,B03,1,27629,27769,4,1415,"The messenger describes heaven and its drawbacks, Mudgala chooses liberation over heaven, and Vyasa consoles Yudhishthira and departs."
B03C260S01,B03C260,B03,1,27777,27848,4,724,"Duryodhana plots against the Pandavas, Durvasa tests and then favours him, and Duryodhana asks him to visit the Pandavas after Draupadi has eaten."
B03C261S01,B03C261,B03,1,27856,27973,5,1297,"Durvasa visits the Pandavas when Draupadi has eaten; she prays to Krishna, who eats the last grain, and the sages flee, leaving the Pandavas safe."
B03C262S01,B03C262,B03,1,27993,27993,1,431,"The Pandavas hunt in Kamyaka, Jayadratha sees Draupadi at the hermitage, and he sends Kotika to ask who she is."
B03C263S01,B03C263,B03,1,28037,28037,1,450,"Kotika asks Draupadi who she is and introduces himself and the princes with him, naming Jayadratha of Sauvira as their leader."
B03C264S01,B03C264,B03,1,28081,28081,1,292,"Draupadi introduces herself and her husbands, who are away hunting, and invites the visitors to wait for their hospitality before she withdraws."
B03C265S01,B03C265,B03,1,28111,28162,3,603,"Kotika tells Jayadratha who Draupadi is, Jayadratha is captivated and goes to the hermitage, and he urges her to abandon the Pandavas and marry him."
B03C266S01,B03C266,B03,1,28175,28271,5,957,"Draupadi rebukes Jayadratha, refuses his demands, is seized and dragged to his chariot, and Dhaumya follows the ravisher's army."
B03C267S01,B03C267,B03,1,28280,28362,3,1039,"The Pandavas return to find Draupadi's maid weeping, learn that Jayadratha has carried her off, and follow the tracks in pursuit."
B03C268S01,B03C268,B03,1,28387,28460,2,837,"Jayadratha asks Draupadi to name the Pandavas, she describes each brother and warns him, and the brothers attack the enemy charioteers."
B03C269S01,B03C269,B03,1,28470,28592,4,1472,"The Pandavas rout the Sindhu army and Jayadratha flees, Yudhishthira asks Bhima to spare him, and Draupadi urges the brothers to pursue and slay him."
B03C270S01,B03C270,B03,1,28619,28811,2,2177,"Bhima humiliates Jayadratha and Yudhishthira frees him; Jayadratha seeks Shiva's boon, and Shiva recounts Vishnu's incarnations and Arjuna's divine powers."
B03C271S01,B03C271,B03,1,28825,28830,2,369,"Janamejaya asks what the Pandavas did next, and Yudhishthira asks Markandeya whether any man has suffered more than he has."
B03C272S01,B03C272,B03,1,28866,28882,3,456,"Markandeya describes Rama's loss of Sita, Yudhishthira asks about Rama's family, and Markandeya begins the story of Rama's and Ravana's origins."
B03C273S01,B03C273,B03,1,28917,29007,4,983,"Visrava's sons perform penances, Brahma grants them boons, and Ravana defeats Kubera, takes Lanka and the Pushpaka chariot, and comes to terrorise the world."
B03C274S01,B03C274,B03,1,29025,29042,3,392,"The gods and sages seek Brahma's help against Ravana, Brahma foretells Vishnu's incarnation, and he orders the gods to beget monkey and bear allies and sends Manthara to sow strife."
B03C275S01,B03C275,B03,1,29073,29193,5,1506,"Yudhishthira asks about Rama's exile, Markandeya describes Dasaratha's plan and Kaikeyi's demands, the forest life and Dandaka battles, and Surpanakha's complaint to Ravana."
B03C276S01,B03C276,B03,1,29226,29297,3,1132,"Ravana enlists Maricha, who lures Rama away in deer form; Sita is left alone, and Ravana abducts her while the vulture Jatayu watches."
B03C277S01,B03C277,B03,1,29339,29370,2,1363,"Jatayu fights Ravana and falls, Sita is carried to Lanka, and Rama and Lakshmana, searching for her, kill a headless Rakshasa who advises them to seek Sugriva."
B03C278S01,B03C278,B03,1,29465,29652,3,1965,"Rama's journey to Pampa and Rishyamuka, his alliance with Sugriva and the killing of Vali, followed by Sita's state in Lanka and the comfort Trijata gives her."
B03C279S01,B03C279,B03,1,29663,29663,1,814,"Ravana visits Sita in the grove, offers her the place of queen, and is refused by her before he goes away."
B03C280S01,B03C280,B03,1,29743,29807,3,1844,"Lakshmana presses Sugriva to act, the search parties return, and Hanuman reports finding Sita in Ravana's city of Lanka."
B03C281S01,B03C281,B03,1,29916,30021,2,1419,"The armies assemble and reach the sea, Rama asks the Ocean for a way across, and Nala builds a bridge that carries the army to Lanka; Vibhishana joins Rama, and Angada is sent to Ravana."
B03C282S01,B03C282,B03,1,30047,30133,3,1145,"Ravana fortifies the city, Angada delivers Rama's challenge and escapes Ravana's men, and then the armies fight at Lanka's walls."
B03C283S01,B03C283,B03,1,30163,30163,1,384,"Ravana's invisible demons are exposed and killed, and Ravana opens a general battle in which the chief warriors on each side are paired off."
B03C284S01,B03C284,B03,1,30206,30206,1,694,"Prahasta and Dhumraksha are killed, and Ravana wakes Kumbhakarna and sends him out to fight."
B03C285S01,B03C285,B03,1,30278,30278,1,793,"Kumbhakarna is struck down by Lakshmana, and his two younger brothers are killed by Hanuman and Nala, while the battle continues."
B03C286S01,B03C286,B03,1,30361,30361,1,721,"Ravana urges Indrajit to fight, Indrajit duels with Lakshmana and Angada, and then vanishes and wounds Rama and Lakshmana."
B03C287S01,B03C287,B03,1,30433,30472,2,939,"Vibhishana revives the brothers, who gain sight of invisible beings, Lakshmana kills Indrajit, and Avindhya persuades Ravana to spare Sita and go to battle himself."
B03C288S01,B03C288,B03,1,30527,30527,1,844,"Ravana's illusions fail, Matali brings Indra's chariot to Rama, and Rama kills Ravana with a Brahma weapon."
B03C289S01,B03C289,B03,1,30617,30735,4,1894,"Ravana is slain, the gods praise Rama, Sita's purity is affirmed, Rama returns to Ayodhya, and he is crowned and performs the sacrifices."
B03C290S01,B03C290,B03,1,30804,30840,2,381,"Markandeya tells Yudhishthira that Rama also suffered, that the Pandavas have strong allies, and that he should not grieve."
B03C291S01,B03C291,B03,1,30848,30922,5,970,"Yudhishthira asks about faithful wives, and Markandeya tells how Aswapati's daughter Savitri was born and grew up unmarried."
B03C291S02,B03C291,B03,2,30947,30947,1,106,Savitri sets out with her father's counsellors to travel the holy places and search for a husband.
B03C292S01,B03C292,B03,1,30964,31052,3,972,"Savitri names Satyavan as her choice, Narada warns that he will die within a year, Savitri holds to her choice, and her father begins the wedding preparations."
B03C293S01,B03C293,B03,1,31060,31098,2,597,"Aswapati asks Dyumatsena for Satyavan's hand, the wedding is held in the hermitage, and Savitri lives there as a devoted wife, still troubled by Narada's warning."
B03C294S01,B03C294,B03,1,31126,31206,5,879,"The day of Satyavan's fated death arrives, Savitri completes her fast and insists on following him into the forest, and she goes with him, grieving."
B03C295S01,B03C295,B03,1,31222,31495,5,3467,"Satyavan falls ill and dies in Savitri's lap, Savitri wins Yama's boons and Satyavan's life back, and the couple starts home through the night."
B03C296S01,B03C296,B03,1,31535,31645,3,1208,"Dyumatsena searches for Satyavan, the couple returns, Savitri explains her boons, and the sages praise her and leave."
B03C297S01,B03C297,B03,1,31655,31692,2,437,"Messengers bring Dyumatsena news of the usurper's death and an invitation to return, he is restored to the throne, and the tale closes with Markandeya's words to Yudhishthira."
B03C298S01,B03C298,B03,1,31703,31753,3,1101,"Janamejaya asks about Yudhishthira's fear, Vaisampayana explains Indra's plan and Surya's warning, and Karna chooses fame over safety."
B03C299S01,B03C299,B03,1,31807,31807,1,540,"Surya presses Karna to refuse the earrings, arguing that fame does not help the dead and that the earrings guarantee his strength against Arjuna."
B03C300S01,B03C300,B03,1,31861,31906,3,552,"Karna refuses to give up his vow, Surya advises him to ask Indra for a dart in exchange for the earrings, and Karna waits for Indra."
B03C301S01,B03C301,B03,1,31924,31932,2,881,"Janamejaya asks about Karna's earrings, and Vaisampayana begins the story of the Brahmana guest and Kuntibhoja's daughter Pritha."
B03C302S01,B03C302,B03,1,32010,32010,1,562,"Kunti promises to serve the Brahmana, her father hands him over to her care, and she waits on him devotedly."
B03C303S01,B03C303,B03,1,32065,32110,2,597,"Kunti's service wins the Brahmana's approval, he offers her a boon, and she declines it in favor of a mantra that summons a god."
B03C304S01,B03C304,B03,1,32127,32182,2,912,"Kunti tests the mantra on the rising sun, Surya appears and demands her, and she begs him to leave, but he refuses."
B03C305S01,B03C305,B03,1,32214,32289,4,889,"Kunti pleads with Surya, consents on condition that her son have armor and earrings, and is made pregnant by Surya while remaining a virgin."
B03C306S01,B03C306,B03,1,32304,32358,2,746,"Pritha gives birth in secret, prays over her son, and sends him off in a box on the river Aswa, which drifts to Champa where the child is kept alive."
B03C307S01,B03C307,B03,1,32380,32380,1,641,"Adhiratha and Radha adopt the foundling from the river, he is raised as their son, trained as a warrior, and becomes Duryodhana's friend and Arjuna's rival."
B03C308S01,B03C308,B03,1,32442,32533,5,1168,"Indra begs Karna's armor and earrings, Karna refuses every other gift, and he gives them up in exchange for an infallible dart."
B03C308S02,B03C308,B03,2,32553,32559,2,119,"Janamejaya asks where the Pandavas were, and Vaisampayana says they returned to Dwaitavana after finishing their exile."
B03C309S01,B03C309,B03,1,32572,32580,3,564,"The Pandavas dwell in Dwaitavana, a deer carries off a Brahmana's fire-sticks, and the brothers chase it in vain and rest under a banyan tree."
B03C310S01,B03C310,B03,1,32634,32732,3,1361,"The brothers reflect on their misfortunes, Yudhishthira sends them for water, each dies at the lake after drinking without answering, and Yudhishthira goes searching and finds the lake."
B03C311S01,B03C311,B03,1,32766,33148,3,4008,"Yudhishthira mourns and reflects on his dead brothers, the Yaksha challenges him, and after a long set of answers he chooses Nakula, and all four brothers are restored."
B03C312S01,B03C312,B03,1,33159,33230,4,820,"The Yaksha reveals himself as Dharma, Yudhishthira asks for the fire-sticks and a year of concealment, the god grants them, and the brothers return the fire-sticks to the Brahmana."
B03C313S01,B03C313,B03,1,33249,33334,5,824,"Yudhishthira asks leave to spend the thirteenth year in disguise, Dhaumya and Bhima encourage him, the Brahmanas depart, and the brothers set out to plan their year."
B03C313S02,B03C313,B03,2,33345,33371,5,108,"Footnotes 4 to 8 explain rebirth, a grain plant, a translation choice, an asterism and a fragrant creeper."
B03C313S03,B03C313,B03,3,33377,33413,5,197,"Footnotes 9 to 13 explain a passage on deathless life, a Vedic rite, the sale of the Vedas and silent recitation."
B03C313S04,B03C313,B03,4,33419,33444,5,84,"Footnotes 14 to 18 explain mantras, the homa rite, a Vedic image, a word for discontent and a parting custom."
B03C313S05,B03C313,B03,5,33449,33473,5,71,"Footnotes 19 to 23 explain the word karma, the role of Agni, Kartika, the offerings to gods and portions of the Vedas."
B03C313S06,B03C313,B03,6,33478,33500,5,119,"Footnotes 24 to 28 explain love, Kama, the three uktha levels, a term for God, and the role of the Asuras in sacrifice."
B03C313S07,B03C313,B03,7,33510,33537,5,130,"Footnotes 29 to 33 explain Mitra, a word for women, the sun's path, Raudra and the parable of Devasena."
B03C313S08,B03C313,B03,8,33544,33566,5,53,"Footnotes 34 to 38 explain the personified anger, the name for gods, spirits, a royal ensign and Brahma."
B03C313S09,B03C313,B03,9,33571,33598,5,186,"Footnotes 39 to 43 explain Devasenapati, two missiles, the word agrahara, and the army Krishna gave Duryodhana."
B03C313S10,B03C313,B03,10,33609,33636,5,126,"Footnotes 44 to 48 explain Karna's vow, a small measure, two modes of gleaning, nakedness and two words in the Vedas."
B03C313S11,B03C313,B03,11,33643,33668,5,82,"Footnotes 49 to 53 explain the six acts of a king, the constellation Mrigasiras, Varuna's abode, Garuda and Pavana."
B03C313S12,B03C313,B03,12,33673,33697,5,121,"Footnotes 54 to 58 note textual variants, the achamana rite, a weapon, and burning wax-soaked brands used in siege."
B03C313S13,B03C313,B03,13,33706,33736,5,193,"Footnotes 59 to 63 explain manhood and Rakshasas, two weapons, a medicinal plant, the Guhyakas, and the force of a Brahmana's curse."
B03C313S14,B03C313,B03,14,33746,33769,5,282,"Footnotes 64 to 68 explain the muhurta and the asterism, Gayatri, killing, a word for letters, and a spiritual reading of the Yaksha's sun question."
B03C313S15,B03C313,B03,15,33795,33838,5,308,"Footnotes 69 to 73 explain steadiness, a spiritual sacrifice, an alternative reading, air as the element, and the word for way."
B03C313S16,B03C313,B03,16,33846,33876,5,153,"Footnotes 74 to 78 explain Vedic cosmology, the cow as food, the timing of Sraddha, and the lists of the five and six."
B03C313S17,B03C313,B03,17,33890,33890,1,5,The Project Gutenberg license heading that follows the text.
B04C001S01,B04C001,B04,1,16,47,5,310,"Janamejaya's question opens the section, and Yudhishthira, back from the asylum, asks his brothers to pick a hiding place; Arjuna names the kingdoms around the Kuru land."
B04C001S02,B04C001,B04,2,59,80,3,331,"Yudhishthira chooses Matsya and its king Virata, then describes the disguise he will wear as a dice-playing courtier named Kanka, and asks what the others will do."
B04C002S01,B04C002,B04,1,98,173,4,793,"Bhima describes his cover as a cook and wrestler, Yudhishthira praises Arjuna and asks his role, and Arjuna answers with his own disguise as Vrihannala."
B04C003S01,B04C003,B04,1,181,222,5,448,"Nakula and Sahadeva each name the work they will do in disguise, and Yudhishthira voices his concern for Draupadi."
B04C003S02,B04C003,B04,2,232,244,2,160,"Draupadi offers to pass as a hairdresser serving the queen, and Yudhishthira cautions her about her conduct."
B04C004S01,B04C004,B04,1,255,392,4,1563,"Yudhishthira arranges where the household goes, Dhaumya gives his counsel on royal service, and the brothers depart with Draupadi while the servants disperse."
B04C005S01,B04C005,B04,1,409,457,5,835,"The brothers reach Matsya, carry Draupadi to the city's edge, hide their weapons in a Sami tree, and go in under new names."
B04C006S01,B04C006,B04,1,503,579,2,1078,"Yudhishthira prays to Durga, and the goddess appears to him and promises victory and concealment."
B04C007S01,B04C007,B04,1,608,659,5,504,"Yudhishthira enters Virata's court, Virata wonders who he is, and Yudhishthira introduces himself as Kanka and asks for a boon."
B04C007S02,B04C007,B04,2,666,680,2,179,"Virata grants Kanka high status and privileges, and Kanka settles into the court unrecognized."
B04C008S01,B04C008,B04,1,689,739,5,498,"Bhima arrives as the cook Vallava, Virata is impressed and doubtful, and Bhima is appointed head of the kitchen."
B04C009S01,B04C009,B04,1,748,842,5,990,"Draupadi wanders the city in disguise, is seen by Queen Sudeshna, and bargains her way into service with conditions."
B04C009S02,B04C009,B04,2,848,848,1,31,"Draupadi begins living in the city, and no one can tell who she truly is."
B04C010S01,B04C010,B04,1,857,902,5,437,"Virata meets the cowherd Sahadeva, questions him, and gives him charge of the royal herds."
B04C010S02,B04C010,B04,2,907,907,1,30,"Sahadeva lives under Virata's protection, unrecognized."
B04C011S01,B04C011,B04,1,916,956,4,465,"Arjuna enters the court as Vrihannala, Virata offers him high status, Arjuna asks to teach Uttara, and he is tested and placed among the women of the palace."
B04C012S01,B04C012,B04,1,971,1012,4,504,"Nakula enters, impresses Virata with his knowledge of horses, and is appointed to manage the royal stables."
B04C013S01,B04C013,B04,1,1027,1035,3,1281,"Janamejaya asks what the brothers did, and Vaisampayana describes their hidden service, Bhima's wrestling victory at the festival, and the rewards they receive."
B04C014S01,B04C014,B04,1,1151,1257,3,1588,"Kichaka becomes infatuated with Draupadi, makes his advances through Sudeshna and then directly, and is repeatedly refused and warned."
B04C015S01,B04C015,B04,1,1303,1353,4,547,"Kichaka asks Sudeshna for help, Sudeshna arranges a feast and sends Draupadi, and Draupadi prays for protection before entering Kichaka's presence."
B04C016S01,B04C016,B04,1,1366,1489,5,1445,"Kichaka tries to seize Draupadi and assaults her in the court, Bhima is held back by Yudhishthira, Draupadi rebukes the court, and she is sent away to Sudeshna."
B04C017S01,B04C017,B04,1,1511,1531,2,509,"Draupadi decides that Bhima must avenge her, goes to find him at night, and wakes him to demand action."
B04C018S01,B04C018,B04,1,1566,1566,1,789,"Draupadi lists her insults and blames Yudhishthira's gambling, lamenting his fall from the splendour of Indraprastha."
B04C019S01,B04C019,B04,1,1646,1646,1,1192,"Draupadi lists the humiliating roles of each brother, reports Sudeshna's mockery, and ends her grief-stricken plea."
B04C020S01,B04C020,B04,1,1758,1831,3,836,"Draupadi describes her humiliations and her hope for a turn of fortune, and Bhima weeps with her."
B04C021S01,B04C021,B04,1,1841,1947,2,1242,"Bhima voices his anger and regret, and Draupadi recounts Kichaka's pursuit and her refusals and demands revenge. Bhima then consoles her and turns his thoughts to Kichaka."
B04C022S01,B04C022,B04,1,1960,2053,5,1259,"Bhima and Draupadi set the trap, and Kichaka comes to the dance hall at night, where Bhima receives him."
B04C022S02,B04C022,B04,2,2083,2233,5,1890,"Bhima and Kichaka wrestle, Bhima kills him, and the Kichakas' kin prepare to burn Draupadi with the body until Bhima comes to her rescue, uprooting a tree and killing 105 of them."
B04C022S03,B04C022,B04,3,2269,2269,1,88,The narrator tallies the dead and the wonder of the onlookers.
B04C023S01,B04C023,B04,1,2283,2352,4,817,"Virata hears the report, sends his message to Draupadi through Sudeshna, Draupadi returns to the city and greets Arjuna and the princesses, and she asks for thirteen more days."
B04C024S01,B04C024,B04,1,2372,2384,2,593,"Word of Kichaka's killing spreads, and Duryodhana's spies report their failed search and the chance that Kichaka's death opens up."
B04C025S01,B04C025,B04,1,2434,2437,2,525,"Duryodhana orders a renewed search, Karna urges wider spying, and Duhsasana doubts the brothers can be found."
B04C026S01,B04C026,B04,1,2492,2492,1,324,Drona defends the Pandavas' virtue and recommends a new search by holy men.
B04C027S01,B04C027,B04,1,2528,2528,1,1011,"Bhishma supports Drona's praise of the Pandavas, counsels against spying, and describes the prosperity of the land where Yudhishthira hides."
B04C028S01,B04C028,B04,1,2627,2627,1,377,"Kripa agrees with Bhishma but urges Duryodhana to watch the Pandavas, build his strength, and prepare for war or treaty."
B04C029S01,B04C029,B04,1,2668,2728,3,671,"Susarman urges an invasion, Karna supports it, and Duryodhana orders a two-pronged raid on Virata's cattle."
B04C030S01,B04C030,B04,1,2741,2741,1,798,"The Trigartas seize Virata's cattle, the king arms his forces, and the brothers ride out with the army."
B04C031S01,B04C031,B04,1,2823,2823,1,802,"The Matsyas and Trigartas fight a fierce battle at sunset, and the king duels with Susarman until darkness falls."
B04C032S01,B04C032,B04,1,2906,2960,3,1443,"Virata is captured, Yudhishthira urges Bhima to rescue him, Bhima routs the Trigartas and binds Susarman, and Yudhishthira frees the captive."
B04C033S01,B04C033,B04,1,3054,3071,2,474,"Susarman is released, Virata rewards the Pandavas and offers them rule, and the city is told of the victory."
B04C034S01,B04C034,B04,1,3105,3155,2,562,"The Kauravas raid Virata's cattle, a cowherd reports to the prince, and the prince is urged to go out and fight."
B04C035S01,B04C035,B04,1,3164,3220,5,556,"Uttara calls for a charioteer, Arjuna's plan is relayed through Draupadi, and Draupadi and Uttara debate whether Vrihannala can take the role."
B04C035S02,B04C035,B04,2,3226,3226,1,42,Uttara sends his sister to the dance hall to fetch Vrihannala.
B04C036S01,B04C036,B04,1,3236,3327,5,984,"Virata's daughter asks Arjuna to drive, Arjuna protests and pretends to be clumsy, Uttara arms him, and the women send them off with blessings."
B04C037S01,B04C037,B04,1,3342,3419,5,1049,"Uttara drives toward the Kurus, panics at the sight of their army, flees, and is chased by Arjuna while the Kurus wonder who the charioteer is."
B04C037S02,B04C037,B04,2,3446,3486,3,335,"Arjuna catches Uttara, reassures him, and lifts him back into the chariot."
B04C038S01,B04C038,B04,1,3498,3542,2,489,"The Kuru leaders see the disguised driver and fear it is Arjuna, Drona reads omens, Karna and Duryodhana argue, and the elders applaud Duryodhana."
B04C039S01,B04C039,B04,1,3550,3550,1,218,Arjuna sends Uttara up the Sami tree to fetch the Pandavas' bows and names the Gandiva among them.
B04C040S01,B04C040,B04,1,3575,3591,3,283,"Uttara resists climbing the tree, Arjuna reassures him, and Uttara unwraps the bows and is struck by their brilliance."
B04C041S01,B04C041,B04,1,3610,3610,1,426,"Uttara asks whose bows, arrows, quivers and swords these are, describing each in turn."
B04C042S01,B04C042,B04,1,3658,3658,1,546,"Arjuna names the Gandiva as his own, traces its divine history, and assigns each of the other weapons to a brother."
B04C043S01,B04C043,B04,1,3717,3747,5,270,"Uttara asks where the Pandavas are, and Arjuna reveals his identity and the brothers' disguises, and Uttara asks for proof."
B04C043S02,B04C043,B04,2,3755,3779,2,344,"Arjuna gives the meanings of his ten names, and Uttara apologizes and welcomes him."
B04C044S01,B04C044,B04,1,3793,3836,5,442,"Uttara offers his services, Arjuna describes his chariot as a fortress and explains his disguise as a vow."
B04C044S02,B04C044,B04,2,3844,3868,2,692,"Uttara praises Arjuna and the horses, Arjuna readies himself and sounds the Gandiva, and he answers Uttara's fears."
B04C045S01,B04C045,B04,1,3912,3977,5,895,"Arjuna sets up his chariot and sounds the conch, Uttara is frightened, and Drona reads omens of a coming disaster."
B04C046S01,B04C046,B04,1,4006,4006,1,953,"Duryodhana argues the Pandavas' year is not over and calls for battle, and Karna dismisses Drona's praise of Arjuna."
B04C047S01,B04C047,B04,1,4096,4096,1,588,Karna boasts that he will defeat Arjuna and invites the Kauravas to watch.
B04C048S01,B04C048,B04,1,4155,4155,1,633,"Kripa rebukes Karna's rashness, lists Arjuna's feats, and urges the Kuru warriors to fight together."
B04C049S01,B04C049,B04,1,4217,4217,1,749,Ashvatthaman answers Karna's boast with a sharp rebuke of Duryodhana's dishonest dice victory and a warning about Arjuna.
B04C050S01,B04C050,B04,1,4293,4341,4,593,"Bhishma urges the leaders to unite, Ashvatthaman answers with his grievance, Duryodhana asks Drona to forgive, and Drona asks for battle arrangements."
B04C051S01,B04C051,B04,1,4359,4412,4,602,"Bhishma calculates the exile's length and advises on the battle, Duryodhana refuses to yield, and Bhishma arrays the army."
B04C052S01,B04C052,B04,1,4426,4469,3,725,"Arjuna's chariot advances, Drona recognizes him, Arjuna turns toward Duryodhana, and the Kuru troops are routed as the cattle turn back."
B04C053S01,B04C053,B04,1,4503,4503,1,1269,"Arjuna turns back to fight, routs several Kuru warriors, and wounds Karna in a long duel that drives him from the field."
B04C054S01,B04C054,B04,1,4627,4735,2,1694,"Arjuna's onslaught scatters the Kuru army, and Arjuna names the Kuru leaders whom Uttara should approach."
B04C055S01,B04C055,B04,1,4785,4785,1,497,"Gods, heavenly kings and sages gather in the sky to watch the battle, and Indra looks on at his son."
B04C056S01,B04C056,B04,1,4838,4845,2,1092,"Arjuna duels with Kripa, cutting down his weapons and car, and then Kripa is taken away by his men."
B04C057S01,B04C057,B04,1,4945,4972,2,1835,"Arjuna approaches Drona, respectfully declares his terms, and duels him until Drona withdraws wounded."
B04C058S01,B04C058,B04,1,5129,5129,1,529,"Ashvatthaman duels Arjuna, cuts the Gandiva's string, runs out of arrows, and Arjuna turns on Karna."
B04C059S01,B04C059,B04,1,5184,5222,2,705,"Arjuna and Karna trade insults before their duel, Arjuna cuts Karna's weapons and wounds him, and Karna flees the field."
B04C060S01,B04C060,B04,1,5254,5339,3,1214,"Uttara falters, Arjuna reassures him and boasts of his weapons, and Arjuna cuts Bhishma's banner and drives off the Kuru princes who attack him."
B04C061S01,B04C061,B04,1,5377,5377,1,653,"The Kuru warriors attack Arjuna together, Arjuna routs them with arrows, and the battlefield turns into a river of blood."
B04C062S01,B04C062,B04,1,5442,5547,3,1229,"Bhishma and Arjuna duel with celestial and ordinary weapons, the gods praise them, and Arjuna wounds Bhishma and forces him from the field."
B04C063S01,B04C063,B04,1,5568,5568,1,616,"Duryodhana and Arjuna trade wounds, Arjuna kills Vikarna's elephant, and Arjuna shames Duryodhana as he flees."
B04C064S01,B04C064,B04,1,5629,5703,2,1053,"The Kurus rally against Arjuna, Arjuna stuns them with a weapon and his conch, Bhishma counsels Duryodhana to leave, and Arjuna salutes the elders and sounds his conch."
B04C065S01,B04C065,B04,1,5734,5774,5,521,"Arjuna spares a band of Kuru soldiers who beg for mercy, tells Uttara to take the credit, and returns to the Sami tree to restore the weapons."
B04C065S02,B04C065,B04,2,5794,5804,2,193,"Arjuna asks Uttara to send news ahead of their return, and the party collects their garments and enters the city."
B04C066S01,B04C066,B04,1,5820,5882,5,686,"Virata returns, hears that Uttara has gone out with a eunuch as driver, sends troops, and receives news of the victory."
B04C066S02,B04C066,B04,2,5896,5942,5,535,"Virata calls for dice, Kanka reluctantly agrees to play, and Virata grows angry at Kanka's praise of Vrihannala."
B04C066S03,B04C066,B04,3,5956,5956,1,269,"Virata strikes Yudhishthira with a die, Draupadi catches the blood, and Yudhishthira asks that Uttara enter alone."
B04C067S01,B04C067,B04,1,5985,6016,5,499,"Uttara finds Kanka bleeding, Virata admits the blow, Kanka forgives him, and Virata praises his son."
B04C068S01,B04C068,B04,1,6044,6087,5,443,"Uttara credits the victory to a celestial youth, Virata asks to honour him, and Arjuna gives the garments to Virata's daughter."
B04C069S01,B04C069,B04,1,6100,6118,2,698,"The Pandavas take royal seats in Virata's council, Virata rebukes Kanka, and Arjuna answers with praise of Yudhishthira."
B04C070S01,B04C070,B04,1,6174,6242,5,696,"Virata asks who the men are, Arjuna and Uttara identify the brothers and Draupadi and recount Arjuna's feats, and Virata offers his daughter to Arjuna."
B04C070S02,B04C070,B04,2,6249,6265,3,353,"Uttara and Virata ask the Pandavas' forgiveness, and Virata makes an alliance and offers his kingdom, which Arjuna accepts for his daughter-in-law."
B04C071S01,B04C071,B04,1,6291,6399,5,1072,"Virata offers his daughter, Arjuna accepts her for his son, the allies gather and the wedding is celebrated, and the Virata Parva ends."
B04C071S02,B04C071,B04,2,6403,6420,5,37,Notes 1 to 3 on the term Brahma Vadini and a passage missing from some texts.
B04C071S03,B04C071,B04,3,6422,6438,5,43,"Notes 3 to 5 on a verse found only in Bengal texts, a variant reading, and a term for an independent female artisan."
B04C071S04,B04C071,B04,4,6444,6467,5,113,Notes 6 and 7 on variant words and a difficult verse about royal secrets.
B04C071S05,B04C071,B04,5,6469,6489,5,79,"Notes 8 to 10 on a grammatical reading, the Mahishasura legend, and the meaning of Durga."
B04C071S06,B04C071,B04,6,6494,6512,5,39,Notes 11 and 12 on the word kamachara and on the word for a gauntlet.
B04C071S07,B04C071,B04,7,6514,6533,5,71,"Notes 13 to 15 on the feminine personifications Bhuti, Hri, Sri, Kirti and Kanti, and on Draupadi's wish for time to pass."
B04C071S08,B04C071,B04,8,6538,6554,5,35,Notes 16 to 18 on a variant simile and on the word for kettle-drum or trumpet.
B04C071S09,B04C071,B04,9,6556,6572,5,117,"Notes 18 to 20 on Bhima's strength, the Gandharva husbands, and the phrase krita-krita."
B04C071S10,B04C071,B04,10,6584,6604,5,85,Notes 21 to 23 on a difficult verse of Bhishma's counsel and on a phrase about sacrifice.
B04C071S11,B04C071,B04,11,6606,6624,5,127,"Notes 23 to 25 on the word tirtha, the word for forest or disguise, and a misprinted verse."
B04C071S12,B04C071,B04,12,6635,6651,5,31,Notes 26 and 27 on the phrase for each in its place and on a golden covering.
B04C071S13,B04C071,B04,13,6653,6670,5,42,Notes 28 to 30 on a general of Virata and on variant readings.
B04C071S14,B04C071,B04,14,6676,6697,5,93,Notes 31 to 33 on the length of a muhurta and on a word of assurance.
B04C071S15,B04C071,B04,15,6699,6722,5,129,Notes 33 to 35 on the vina comparison and a variant spelling.
B04C071S16,B04C071,B04,16,6728,6751,5,85,Notes 36 and 37 on the word for wasp and on an alternative meaning of a simile.
B04C071S17,B04C071,B04,17,6753,6774,5,138,Notes 38 and 39 on the Radha and Krishna comparison and on the word for love.
B04C071S18,B04C071,B04,18,6783,6810,5,156,Notes 41 to 43 on textual variants and on the roundabout way of naming Arjuna.
B04C071S19,B04C071,B04,19,6812,6828,5,40,"Notes 43 to 45 on the Indragopaka insects, the quiver reading, and a reading of the moon-crescent arrows."
B04C071S20,B04C071,B04,20,6834,6851,5,37,Notes 46 and 47 on the forms of two adjectives and on the word for sword.
B04C071S21,B04C071,B04,21,6853,6869,5,38,"Notes 48 to 50 on the colour of Arjuna's horses, the reckoning of sixty-five years, and a variant about a meteor."
B04C071S22,B04C071,B04,22,6874,6895,5,77,"Notes 51 to 53 on variant readings of banners and lakes, and on the Roy Press edition."
B04C071S23,B04C071,B04,23,6897,6915,5,130,"Notes 53 to 55 on an added line, the dual form for Drona and Kripa, and Duryodhana's meaning."
B04C071S24,B04C071,B04,24,6926,6948,3,103,"Note 56 on the moral doubt in Duryodhana's speech, and the Project Gutenberg license text."
B05C001S01,B05C001,B05,1,1112,1118,2,900,The kings assemble in Virata's court and Krishna lays out the Pandavas' case and proposes sending an envoy to the Kauravas.
B05C002S01,B05C002,B05,1,1216,1258,2,518,"Balarama proposes a conciliatory envoy to the Kauravas, and Satyaki rises up in anger to answer him."
B05C003S01,B05C003,B05,1,1288,1288,1,672,Satyaki attacks Balarama's plea for peace and declares that the Pandavas must regain their kingdom by force.
B05C004S01,B05C004,B05,1,1367,1367,1,563,Drupada rejects a gentle approach to Duryodhana and calls for allies to be summoned while a priest is sent to Dhritarashtra.
B05C005S01,B05C005,B05,1,1438,1461,2,463,"Krishna asks that a peace message be sent to the Kauravas, and Virata sends him home as both camps begin to gather forces."
B05C006S01,B05C006,B05,1,1504,1548,2,541,"Drupada gives the priest his instructions, and the priest sets out for Hastinapura with his disciples."
B05C007S01,B05C007,B05,1,1579,1674,5,1035,"Krishna offers his army or himself to the two rivals, Arjuna picks Krishna, Duryodhana takes the troops, and Balarama refuses to fight."
B05C007S02,B05C007,B05,2,1680,1680,1,26,Arjuna returns to Yudhishthira with Krishna at his side.
B05C008S01,B05C008,B05,1,1709,1804,4,1511,"Salya marches toward the Pandavas, is entertained by Duryodhana, promises to lead the Kauravas, and then visits Yudhishthira, who asks for his help against Karna."
B05C009S01,B05C009,B05,1,1864,1966,5,1666,"Yudhishthira asks about Indra's suffering, and Salya tells of the three-headed son, his killing, and the creation of Vritra."
B05C010S01,B05C010,B05,1,2040,2110,4,1368,"Indra asks for help against Vritra, the gods go to Vishnu, the sages make peace with Vritra, and Indra kills him by a trick and is then left guilt-stricken and hidden."
B05C011S01,B05C011,B05,1,2185,2185,1,635,"The gods make Nahusha king, he turns to lust, and he is angered when Indra's queen takes refuge with Vrihaspati."
B05C012S01,B05C012,B05,1,2260,2325,5,732,"The gods plead with Nahusha to calm down, Vrihaspati refuses to give Sachi up, and the gods advise her to ask Nahusha for time."
B05C012S02,B05C012,B05,2,2337,2363,2,149,"The gods persuade Sachi to go to Nahusha, and he is pleased by her beauty."
B05C013S01,B05C013,B05,1,2390,2390,1,695,"Sachi asks Nahusha for time to find Indra, the gods consult Vishnu, Indra cleanses himself by sacrifice and vanishes again, and Sachi calls on Divination."
B05C014S01,B05C014,B05,1,2470,2470,1,437,"Divination leads Sachi to the lake where Indra is hidden, and Sachi tells him of Nahusha's threats and asks him to act."
B05C015S01,B05C015,B05,1,2531,2596,5,914,"Indra's plan to have Nahusha carried by sages is carried out, and Vrihaspati sends Agni to search for Indra."
B05C015S02,B05C015,B05,2,2618,2618,1,68,"Agni refuses to enter the waters, saying water would put him out."
B05C016S01,B05C016,B05,1,2650,2712,5,736,"Agni finds Indra in the lotus, and Vrihaspati explains to Indra how Nahusha came to power."
B05C016S02,B05C016,B05,2,2729,2752,2,288,"The guardian gods agree to help Indra, who rewards them with domains and shares of sacrifice."
B05C017S01,B05C017,B05,1,2782,2839,5,593,"Agastya greets Indra, tells how Nahusha was cursed for his insults, and the gods and other beings rejoice."
B05C018S01,B05C018,B05,1,2873,2933,4,648,"Indra returns to power, Salya encourages Yudhishthira with Indra's story, and Salya agrees to undermine Karna before leaving for Duryodhana."
B05C019S01,B05C019,B05,1,2962,2962,1,768,"The armies of the Pandavas and Kauravas gather, and the Kaurava forces spread across the land around Hastinapura."
B05C020S01,B05C020,B05,1,3051,3051,1,566,"Drupada's priest, received at the Kaurava court, argues that the Pandavas have a right to their inheritance and asks for peace."
B05C021S01,B05C021,B05,1,3122,3164,3,524,"Bhishma and Karna answer the priest, Bhishma rebukes Karna, and Dhritarashtra decides to send Sanjaya to the Pandavas."
B05C022S01,B05C022,B05,1,3198,3198,1,1615,"Dhritarashtra tells Sanjaya how to greet the Pandavas, praises them, lists their allies, and expresses fear of their anger."
B05C023S01,B05C023,B05,1,3350,3367,2,991,"Sanjaya greets Yudhishthira, who asks after the Kaurava household and reminds the Kauravas of the Pandavas' feats, concluding that peace is hard to reach."
B05C024S01,B05C024,B05,1,3459,3459,1,420,"Sanjaya tells Yudhishthira that Dhritarashtra regrets the Pandavas' treatment, praises their heroes, and asks Yudhishthira to hear Dhritarashtra's message."
B05C025S01,B05C025,B05,1,3519,3526,2,553,"Yudhishthira asks for Dhritarashtra's message, and Sanjaya pleads for peace, arguing that war would bring ruin on both sides."
B05C026S01,B05C026,B05,1,3593,3593,1,1081,"Yudhishthira prefers peace, blames Dhritarashtra and Duryodhana for the crisis, and asks only for Indraprastha as his share."
B05C027S01,B05C027,B05,1,3706,3706,1,1087,"Sanjaya urges Yudhishthira to give up war, arguing that virtue, a good name and the lives of the elders matter more than the kingdom."
B05C028S01,B05C028,B05,1,3815,3815,1,658,Yudhishthira argues that duty can shift in hard times and asks Krishna to judge whether he is right to refuse the terms and fight.
B05C029S01,B05C029,B05,1,3895,3895,1,2227,"Krishna defends the Pandavas' right to act, recalls the Kaurava wrongs, and says he will go to Hastinapura himself to seek peace."
B05C030S01,B05C030,B05,1,4100,4111,2,1975,"Sanjaya takes his leave, Yudhishthira praises him and sends greetings to a long list of Kaurava figures, and the final demand goes to Duryodhana."
B05C031S01,B05C031,B05,1,4290,4290,1,590,"Yudhishthira sends Sanjaya back with a final message to Dhritarashtra, Bhishma, Vidura and Duryodhana, asking for peace on modest terms."
B05C032S01,B05C032,B05,1,4364,4408,5,1231,"Sanjaya reports to Dhritarashtra, passes on Yudhishthira's greetings, then rebukes the king for his unjust policy and asks to be excused until morning."
B05C033S01,B05C033,B05,1,4507,4553,5,3669,"Dhritarashtra summons Vidura, who reproaches him for wronging the Pandavas and then gives a long discourse on wisdom, folly and forgiveness, urging him to return their share."
B05C034S01,B05C034,B05,1,4855,4972,3,1192,"Dhritarashtra asks for advice, and Vidura warns against unjust aims and unchecked senses and urges him to let Yudhishthira rule."
B05C035S01,B05C035,B05,1,4999,5107,5,1723,"Vidura tells the story of Virochana and Sudhanwan and Prahlada's judgment, then teaches that a lie for land brings ruin."
B05C035S02,B05C035,B05,2,5160,5160,1,584,"Vidura gives a further list of virtues, vices and good conduct, and ends by urging Dhritarashtra to trust the Pandavas."
B05C036S01,B05C036,B05,1,5236,5387,5,2436,"Vidura tells the sage's tale, explains what makes a family noble, and urges Dhritarashtra to restrain his greed and make peace with the Pandavas."
B05C037S01,B05C037,B05,1,5476,5538,5,1604,"Vidura lists foolish conduct and the vices that shorten life, then gives long advice on servants, counselors and household conduct."
B05C037S02,B05C037,B05,2,5628,5645,2,683,"Vidura warns against a rupture with the Pandavas and names the five kinds of strength, with intellect the greatest."
B05C038S01,B05C038,B05,1,5712,5712,1,1508,"Vidura gives rules on guests, household, secrets and ministers, and warns Dhritarashtra that he has handed power to Duryodhana and cast off the Pandavas."
B05C039S01,B05C039,B05,1,5861,5897,4,2559,"Dhritarashtra says that destiny rules men, and Vidura gives long counsel on abandoning Duryodhana and protecting the Pandavas, which Dhritarashtra refuses."
B05C040S01,B05C040,B05,1,6110,6201,2,1107,"Vidura gives a long moral discourse urging Dhritarashtra to restore Yudhishthira, and Dhritarashtra admits he is pulled toward Duryodhana and says destiny rules."
B05C041S01,B05C041,B05,1,6234,6262,5,184,Vidura says he cannot teach further and names the sage Sanatsujata as the better teacher for Dhritarashtra's doubts.
B05C041S02,B05C041,B05,2,6272,6277,2,156,"Dhritarashtra asks how to meet the sage, and Vidura summons him to explain the king's doubts."
B05C042S01,B05C042,B05,1,6315,6403,5,901,"Dhritarashtra asks whether death can be avoided, and Sanatsujata explains that ignorance is death and that knowledge and self-control are the way to immortality."
B05C042S02,B05C042,B05,2,6411,6460,5,1098,"Dhritarashtra asks whether ritual or renunciation brings liberation, and Sanatsujata teaches that knowledge is superior and that true Brahmins do not display their learning."
B05C043S01,B05C043,B05,1,6549,6583,5,249,"Dhritarashtra asks about silence and whether the Vedas free a person who sins, and Sanatsujata says that unrestrained living cannot be saved by the Vedas alone."
B05C043S02,B05C043,B05,2,6591,6637,5,775,"Sanatsujata explains that asceticism is successful when it is free from faults, and he lists the faults that spoil it."
B05C043S03,B05C043,B05,3,6682,6760,5,1383,"Sanatsujata explains the six kinds of renunciation, the virtues of self-restraint and self-knowledge, and that there is one Brahman, known within oneself."
B05C044S01,B05C044,B05,1,6841,6880,5,266,"Dhritarashtra asks for more on Brahman, and Sanatsujata says it is reached through restraint and disciplined study."
B05C044S02,B05C044,B05,2,6887,6959,3,1000,"Sanatsujata describes the disciple's service to a teacher and the steps of brahmacharya, and then says that Brahman has no visible form."
B05C045S01,B05C045,B05,1,7003,7003,1,780,"Sanatsujata lists faults and virtues, the signs of true friendship, and the teaching that knowledge of Brahman, not sacrifice alone, leads to liberation."
B05C046S01,B05C046,B05,1,7097,7097,1,1831,"Sanatsujata teaches in a long hymn about the primal Seed, the Self in all beings, and the knower who is untouched by deeds."
B05C047S01,B05C047,B05,1,7271,7271,1,428,"The night passes, the kings assemble in the hall, and Sanjaya returns from the Pandavas and prepares to deliver their message."
B05C048S01,B05C048,B05,1,7333,7682,3,4052,"Sanjaya relays Arjuna's defiant reply to Duryodhana, naming the Pandava heroes, predicting Duryodhana's repentance, and warning of the destruction of the Kauravas if they fight."
B05C049S01,B05C049,B05,1,7709,7814,5,1219,"Bhishma tells the story of Nara and Narayana to warn Duryodhana, Karna boasts in reply, and Drona urges peace while the Kauravas lose hope."
B05C050S01,B05C050,B05,1,7852,7897,5,362,"Dhritarashtra asks about Yudhishthira and the Pandava forces, and Sanjaya describes their joyful gathering before he falls senseless."
B05C050S02,B05C050,B05,2,7903,7903,1,943,Sanjaya recovers and names the Pandava warriors and allies one by one.
B05C051S01,B05C051,B05,1,8008,8008,1,1672,Dhritarashtra describes his terror of Bhima and his despair at the coming ruin of his sons.
B05C052S01,B05C052,B05,1,8167,8167,1,554,"Dhritarashtra despairs of victory against Arjuna, recalls his past triumphs, and sees omens of the destruction of the Kurus."
B05C053S01,B05C053,B05,1,8239,8239,1,448,Dhritarashtra admits the Pandavas are too strong and urges the Kauravas to consider peace to avoid the ruin of the Kurus.
B05C054S01,B05C054,B05,1,8302,8302,1,617,"Sanjaya rebukes Dhritarashtra for backing his sons, reminds him of Arjuna's feats and the Pandavas' allies, and tells him that his grief is too late."
B05C055S01,B05C055,B05,1,8376,8526,3,1800,"Duryodhana recalls the Kaurava elders' pledge, boasts of his mace and of the Kaurava champions, and claims superior numbers before asking Sanjaya for more news."
B05C056S01,B05C056,B05,1,8555,8582,4,565,"Duryodhana asks about the Pandava preparations, and Sanjaya reports their confidence and describes Arjuna's magical chariot and horses."
B05C057S01,B05C057,B05,1,8641,8746,5,1123,"Sanjaya lists the Pandava allies and their assigned opponents, Dhritarashtra despairs, and Duryodhana insists on war."
B05C057S02,B05C057,B05,2,8758,8758,1,399,Sanjaya reports Dhrishtadyumna's vow to fight and his message that the Kauravas should surrender the kingdom.
B05C058S01,B05C058,B05,1,8817,8890,4,779,"Dhritarashtra pleads for peace, Duryodhana refuses, and Dhritarashtra disowns him and foresees the Kuru army's ruin."
B05C059S01,B05C059,B05,1,8918,8925,2,777,Sanjaya reports to Dhritarashtra on his visit to Krishna and Arjuna and the message they sent to the Kurus.
B05C060S01,B05C060,B05,1,9012,9012,1,593,"Dhritarashtra weighs the two armies, judges the Pandavas stronger, and voices his fear to Duryodhana."
B05C061S01,B05C061,B05,1,9086,9144,2,706,"Duryodhana, angry at his father, boasts of his own power and predicts the Pandavas' defeat, then asks about Yudhishthira's war plans."
B05C062S01,B05C062,B05,1,9173,9217,3,617,"Karna boasts of his Brahma weapon and vows to defeat the Pandavas, Bhishma rebukes him, and Karna lays down his weapons."
B05C063S01,B05C063,B05,1,9258,9258,1,675,"Duryodhana boasts he will defeat the Pandavas, and Vidura answers with a long teaching on self-restraint."
B05C064S01,B05C064,B05,1,9341,9360,2,701,"Vidura tells a parable about quarrelling birds and a story of hunters who died seeking honey, then urges peace with the Pandavas."
B05C065S01,B05C065,B05,1,9428,9428,1,435,"Dhritarashtra pleads with Duryodhana to heed the elders and make peace, listing the Pandava champions he would face."
B05C066S01,B05C066,B05,1,9489,9497,2,451,Sanjaya passes on Arjuna's reply to the Kaurava kings and says he has delivered the message.
B05C067S01,B05C067,B05,1,9557,9585,3,305,"After the kings leave, Dhritarashtra asks Sanjaya privately about the two armies, and Vyasa and Gandhari are called to hear the answer."
B05C068S01,B05C068,B05,1,9618,9618,1,396,"Sanjaya presents Krishna as the supreme Lord, whose power outweighs the universe and who will bring about the Kauravas' downfall."
B05C069S01,B05C069,B05,1,9678,9712,5,247,"Dhritarashtra asks how Sanjaya knows Krishna, Sanjaya explains his faith, and Dhritarashtra urges Duryodhana to seek Krishna's protection."
B05C069S02,B05C069,B05,2,9719,9758,5,271,"Duryodhana refuses to submit to Krishna, Dhritarashtra and Gandhari rebuke him, and Vyasa urges the king to heed Sanjaya."
B05C069S03,B05C069,B05,3,9764,9764,1,149,Sanjaya says a person with an uncontrolled mind cannot know Krishna and urges the king to subdue his senses through wisdom.
B05C070S01,B05C070,B05,1,9803,9810,2,537,"Sanjaya explains many names of Krishna and their meanings, then predicts that Krishna will come to stop the Kurus' destruction."
B05C071S01,B05C071,B05,1,9878,9878,1,268,"Dhritarashtra praises Krishna at length, envies those who can see him, and places himself in his hands."
B05C072S01,B05C072,B05,1,9927,9960,5,1082,"Yudhishthira asks Krishna for help, laying out the Pandavas' grievances and the miseries of poverty and dishonour."
B05C072S02,B05C072,B05,2,10038,10160,5,1479,"Yudhishthira argues against war and asks Krishna's counsel, and Krishna agrees to go to the Kuru court despite Yudhishthira's fears."
B05C073S01,B05C073,B05,1,10198,10198,1,1034,"Krishna says Kshatriyas must fight rather than beg, lists the Kauravas' crimes, and says he will try for peace but expects war."
B05C074S01,B05C074,B05,1,10306,10368,2,568,"Bhima urges Krishna to speak mildly to Duryodhana, warns of ruin for the family, and asks the elders to mediate."
B05C075S01,B05C075,B05,1,10395,10395,1,618,Krishna laughs at Bhima's softened tone and reminds him of his wrath and his oath to kill Duryodhana.
B05C076S01,B05C076,B05,1,10470,10470,1,512,"Bhima boasts of his strength, says he feels no fear, and claims he is holding back only for the sake of the Bharatas."
B05C077S01,B05C077,B05,1,10537,10537,1,598,"Krishna explains that his harsh words were meant to test Bhima, promises to seek peace, and says he will drive Arjuna's chariot if war comes."
B05C078S01,B05C078,B05,1,10610,10610,1,513,Arjuna asks Krishna to try for peace while recalling Duryodhana's crimes and doubting that he will deal fairly.
B05C079S01,B05C079,B05,1,10678,10678,1,576,"Krishna says human effort and fate both matter, promises to do his best, and doubts Duryodhana will yield."
B05C080S01,B05C080,B05,1,10750,10750,1,447,"Nakula says circumstances have changed and advises Krishna to speak mildly, then threaten, when he meets the Kurus."
B05C081S01,B05C081,B05,1,10813,10836,3,230,"Sahadeva and Satyaki call for war against Duryodhana, and the assembled warriors roar their approval."
B05C082S01,B05C082,B05,1,10867,10937,2,1275,"Draupadi, weeping, recounts her humiliation and urges Krishna to punish the Kauravas, and Krishna comforts her with a vow of victory."
B05C083S01,B05C083,B05,1,10999,11134,5,1905,"Arjuna and Yudhishthira send Krishna off on his mission to Hastinapura, and Krishna sets out amid omens and blessings."
B05C084S01,B05C084,B05,1,11199,11213,3,744,"Krishna sets out for Hastinapura with an escort, and omens mark his journey; he spends the night at Vrikasthala."
B05C085S01,B05C085,B05,1,11296,11296,1,428,"Dhritarashtra orders a lavish welcome for Krishna, Duryodhana prepares pavilions, and Krishna passes them by."
B05C086S01,B05C086,B05,1,11359,11359,1,487,Dhritarashtra tells Vidura he plans lavish gifts and a grand welcome for Krishna.
B05C087S01,B05C087,B05,1,11425,11425,1,487,Vidura tells Dhritarashtra his lavish hospitality is a deception and urges him to make peace with the Pandavas.
B05C088S01,B05C088,B05,1,11489,11541,5,536,"Duryodhana refuses to honour Krishna and proposes to imprison him, while Bhishma and Dhritarashtra object."
B05C088S02,B05C088,B05,2,11553,11553,1,22,"Bhishma, furious at Duryodhana, rises and leaves the court."
B05C089S01,B05C089,B05,1,11581,11581,1,642,"Krishna enters Hastinapura to a crowd's welcome, is honoured by Dhritarashtra, and then visits Vidura."
B05C090S01,B05C090,B05,1,11661,11915,5,3035,"Krishna visits Pritha, who grieves for her sons and sends them messages urging courage, and Krishna comforts her."
B05C090S02,B05C090,B05,2,11929,11929,1,18,Krishna takes his leave of Pritha and sets out for Duryodhana's mansion.
B05C091S01,B05C091,B05,1,11958,12056,5,1114,"Krishna visits Duryodhana, refuses his feast, rebukes his hatred of the Pandavas, and dines at Vidura's house."
B05C092S01,B05C092,B05,1,12092,12092,1,922,Vidura warns Krishna during the night that Duryodhana is wicked and overconfident and that his counsel will be ignored.
B05C093S01,B05C093,B05,1,12193,12251,2,702,"Krishna replies that he will try for peace despite Duryodhana's wickedness, then goes to sleep."
B05C094S01,B05C094,B05,1,12280,12307,2,1342,"Krishna rides to the Kuru court, is honoured by the assembly, and the Rishis who have come to watch are given seats."
B05C095S01,B05C095,B05,1,12422,12568,2,1844,"Krishna urges Dhritarashtra to restrain his sons and grant the Pandavas their share, warning of ruin, and the kings silently approve."
B05C096S01,B05C096,B05,1,12597,12655,2,1406,"Rama tells Duryodhana the parable of a proud king defeated by the sage Nara, then urges peace with the Pandavas."
B05C097S01,B05C097,B05,1,12744,12791,3,584,"Kanwa urges Duryodhana to make peace, then tells the story of Matali searching for a husband for his daughter."
B05C098S01,B05C098,B05,1,12826,12850,2,707,"Narada and Matali travel to Varuna's realm, where Narada describes its marvels, including a bow linked to Arjuna's Gandiva."
B05C099S01,B05C099,B05,1,12914,12978,2,603,"Narada describes the wonders of Patala, and Matali rejects the region as unsuitable for a groom."
B05C100S01,B05C100,B05,1,13005,13005,1,528,"Narada shows the Danavas' city of Hiranyapura, and Matali refuses to seek a groom among enemies of the gods."
B05C101S01,B05C101,B05,1,13075,13075,1,326,"Narada describes the realm of the birds, the sons of Garuda, and their chiefs, then offers to move on."
B05C102S01,B05C102,B05,1,13132,13132,1,441,"Narada describes Rasatala, the home of Surabhi, and the origin of the Milky Ocean."
B05C103S01,B05C103,B05,1,13193,13240,3,541,"Narada describes Bhogavati and its Nagas, and Matali picks out the young Naga Sumukha as a groom for his daughter."
B05C104S01,B05C104,B05,1,13276,13342,4,835,"Matali's plan wins Sumukha's marriage to Gunakesi, with Indra granting him long life rather than immortality."
B05C105S01,B05C105,B05,1,13383,13479,4,1163,"Garuda, angry at Indra, is humbled by Vishnu; Kanwa applies the lesson to Duryodhana, who scoffs at it."
B05C106S01,B05C106,B05,1,13514,13529,3,737,"Janamejaya asks why no one restrained Duryodhana, and Narada tells the tale of Galava and the sage Viswamitra."
B05C107S01,B05C107,B05,1,13607,13607,1,561,"Galava, unable to find the horses, laments and resolves to seek Vishnu, when Garuda appears and offers help."
B05C108S01,B05C108,B05,1,13677,13677,1,492,"Garuda describes the eastern quarter as the source of the sun, the Vedas and the gods' prosperity, and offers to take Galava there."
B05C109S01,B05C109,B05,1,13742,13742,1,603,"Garuda describes the southern quarter, the realm of the ancestors and of Yama, and asks which way Galava wishes to go."
B05C110S01,B05C110,B05,1,13817,13817,1,571,"Garuda describes the western quarter, Varuna's realm, and asks Galava to choose the direction."
B05C111S01,B05C111,B05,1,13889,13933,2,892,"Garuda describes the northern quarter, its sacred sites and the sages who guard the source of the Ganges."
B05C112S01,B05C112,B05,1,13990,14036,3,613,"Galava asks to be carried east, is terrified by the flight, and despairs; Garuda laughs and suggests a rest on Mount Rishabha."
B05C113S01,B05C113,B05,1,14071,14071,1,679,"Garuda loses his wings after resting with Sandili, is forgiven and restored, and Viswamitra demands the fee again."
B05C114S01,B05C114,B05,1,14152,14152,1,645,"Garuda explains that wealth must come from a king and proposes King Yayati, who welcomes them and hears Galava's story."
B05C115S01,B05C115,B05,1,14230,14230,1,591,"Yayati, unable to meet the full need, gives his daughter Madhavi to Galava, who then goes to King Haryyaswa."
B05C116S01,B05C116,B05,1,14304,14348,3,587,"Haryyaswa admires Madhavi, takes her for one son, and then returns her when Galava comes back for the rest of the dower."
B05C117S01,B05C117,B05,1,14385,14395,2,453,"Galava brings Madhavi to Divodasa, who agrees to father one son, and Narada lists celebrated couples of the gods and kings."
B05C118S01,B05C118,B05,1,14454,14454,1,551,"Galava takes Madhavi to King Usinara, who fathers one son, Sivi, and Galava then returns to Garuda."
B05C119S01,B05C119,B05,1,14523,14523,1,639,"Garuda sends Galava to Viswamitra with Madhavi and the steeds, and Madhavi bears Ashtaka."
B05C120S01,B05C120,B05,1,14601,14628,2,527,"Madhavi rejects all suitors at Yayati's swayamvara and chooses an ascetic life in the forest, and Yayati later falls from heaven through pride."
B05C121S01,B05C121,B05,1,14677,14729,2,869,"Yayati, hurled from heaven, lands among four kings holding a sacrifice in Naimisha, and Madhavi arrives with her sons and Galava to help him back to heaven."
B05C122S01,B05C122,B05,1,14777,14777,1,482,Yayati is recognised and rises to heaven as his grandsons each give him the merit of their deeds.
B05C123S01,B05C123,B05,1,14843,14888,2,683,"Yayati is restored to heaven, Brahma explains that his fall came from vanity, and Narada turns the lesson to Duryodhana."
B05C124S01,B05C124,B05,1,14930,14936,2,1807,"Dhritarashtra asks Krishna to persuade Duryodhana, and Krishna gives a long plea for peace."
B05C125S01,B05C125,B05,1,15109,15152,2,754,"Bhishma, Drona, Vidura and Dhritarashtra each plead with Duryodhana to accept Krishna's offer of peace."
B05C126S01,B05C126,B05,1,15200,15200,1,468,Bhishma and Drona list the horrors of war that have not yet begun and urge Duryodhana to make peace.
B05C127S01,B05C127,B05,1,15266,15266,1,710,"Duryodhana angrily refuses Krishna's terms, saying he will not yield a needle's point of land while his father lives."
B05C128S01,B05C128,B05,1,15347,15408,3,1339,"Krishna rebukes Duryodhana, Dussasana threatens to bind him, and Duryodhana storms out of the court, while Krishna urges that he be bound."
B05C129S01,B05C129,B05,1,15492,15642,5,1510,"Gandhari pleads with Duryodhana to restrain his greed and wrath and make peace with the Pandavas, and Duryodhana is brought back to the court."
B05C130S01,B05C130,B05,1,15669,15765,4,1345,"Duryodhana plots to seize Krishna, Satyaki warns the court, and Dhritarashtra and Vidura rebuke the prince, recalling Krishna's feats."
B05C131S01,B05C131,B05,1,15822,15888,2,904,"Krishna answers Duryodhana's plot with a display of his universal form, then takes leave of the elders and rides to Kunti."
B05C132S01,B05C132,B05,1,15927,15940,2,949,"Krishna reports to Kunti, who sends Yudhishthira a message urging him to fight as a Kshatriya."
B05C133S01,B05C133,B05,1,16034,16127,3,1305,"Kunti tells the tale of Vidula, who scolds her defeated son and urges him to fight bravely."
B05C134S01,B05C134,B05,1,16171,16171,1,1182,"Vidula continues to scold her son, telling him a Kshatriya who avoids battle is a thief, and urging him to fight for his kingdom."
B05C135S01,B05C135,B05,1,16287,16352,5,710,"Vidula scolds her son for his despair, and he asks what he can do with no wealth or allies."
B05C135S02,B05C135,B05,2,16361,16361,1,491,"Vidula urges her son to act, gain allies and treat his followers well."
B05C136S01,B05C136,B05,1,16427,16473,3,642,"Vidula tells her son that friends and hidden treasure remain to him, and his despair lifts; Kunti recommends the tale to others."
B05C137S01,B05C137,B05,1,16516,16583,3,808,"Kunti gives Krishna messages for her sons and Draupadi, and Krishna departs for Upaplavya after speaking with Karna."
B05C138S01,B05C138,B05,1,16616,16616,1,722,"Bhishma and Drona warn Duryodhana of the Pandavas' strength and the omens of ruin, and beg him to make peace."
B05C139S01,B05C139,B05,1,16702,16719,3,651,"Duryodhana stays silent, and Bhishma and Drona each lament that they must fight the Pandavas, urging peace."
B05C140S01,B05C140,B05,1,16792,16811,3,743,"Dhritarashtra asks what Krishna told Karna, and Sanjaya reports Krishna's offer to make Karna king among the Pandavas."
B05C141S01,B05C141,B05,1,16887,17004,2,1526,"Karna declines Krishna's offer, describes the war as a sacrifice, and asks Krishna to bring Arjuna to him in single combat."
B05C142S01,B05C142,B05,1,17042,17042,1,542,"Krishna tells Karna that victory will be the Pandavas', citing omens, and sets the battle for the new moon."
B05C143S01,B05C143,B05,1,17113,17225,5,1196,"Karna lists omens of the Kauravas' defeat and a vision of Pandava triumph, then embraces Krishna and returns in gloom."
B05C144S01,B05C144,B05,1,17255,17279,2,853,"Vidura tells Kunti that war is near, and Kunti goes to the Ganga to find Karna."
B05C145S01,B05C145,B05,1,17357,17363,2,342,"Karna asks Kunti's purpose, and Kunti reveals he is her son by Surya and urges him to join his brothers."
B05C146S01,B05C146,B05,1,17414,17473,3,771,"Surya's voice supports Kunti, but Karna refuses to desert Duryodhana and promises to spare four of Kunti's sons."
B05C147S01,B05C147,B05,1,17509,17548,3,1245,"Krishna reports his failed mission to the Pandavas, and Yudhishthira asks him to recall the full speeches of the Kuru assembly, starting with Bhishma's."
B05C148S01,B05C148,B05,1,17642,17706,3,1045,"Drona, Vidura, and Suvala's daughter each speak against Duryodhana's claim, urging that the Pandavas receive half the kingdom."
B05C149S01,B05C149,B05,1,17762,17762,1,956,"Dhritarashtra tells Duryodhana the family history of passed-over heirs, argues that Yudhishthira is the rightful king, and asks him to give up half the kingdom."
B05C150S01,B05C150,B05,1,17867,17867,1,505,"Krishna tells the Pandavas that Duryodhana rejected every offer, has gathered an army at Kurukshetra, and that the war cannot now be avoided."
B05C151S01,B05C151,B05,1,17937,18020,5,925,"Yudhishthira asks his brothers to choose a commander, and each proposes a candidate, from Virata to Sikhandin."
B05C151S02,B05C151,B05,2,18033,18048,2,380,"Yudhishthira hands the decision to Krishna, who names Dhrishtadyumna as the army's leader."
B05C152S01,B05C152,B05,1,18094,18094,1,574,"The Pandava army marches to Kurukshetra in formation, leaves Draupadi behind at Upaplavya, and blows its conches on arrival."
B05C153S01,B05C153,B05,1,18169,18221,2,424,"The Pandavas set up camp on the plain of Kurukshetra by the Hiranwati, with a moat, tents, supplies, and skilled workers, and allied kings arrive to join them."
B05C154S01,B05C154,B05,1,18248,18265,2,691,"Janamejaya asks what Duryodhana planned, and the narrator describes Duryodhana ordering the army's preparations and the kings arming for battle."
B05C155S01,B05C155,B05,1,18336,18407,5,703,"Krishna tells Yudhishthira that peace is impossible, Yudhishthira reluctantly orders the army to battle, and Arjuna insists they must fight, so the brothers prepare for war."
B05C156S01,B05C156,B05,1,18437,18510,2,994,"Duryodhana arranges and equips his eleven akshauhinis, the narrator explains the military units, and Duryodhana places senior warriors over the divisions."
B05C157S01,B05C157,B05,1,18553,18615,4,866,"Duryodhana asks Bhishma to lead the army, Bhishma sets his conditions, Karna vows not to fight while Bhishma lives, and the army marches to Kurukshetra amid omens."
B05C158S01,B05C158,B05,1,18663,18712,5,885,"Yudhishthira names seven leaders for his army, and Balarama arrives, predicts the slaughter, and explains his wish to stay out of the fight."
B05C158S02,B05C158,B05,2,18755,18755,1,32,Balarama takes leave of the Pandavas and sets out for the sacred waters.
B05C159S01,B05C159,B05,1,18784,18868,2,1088,"Rukmi offers to fight for Arjuna, Arjuna declines, and Duryodhana rejects Rukmi too, so he leaves the battle."
B05C160S01,B05C160,B05,1,18901,18929,4,454,"Janamejaya asks what the Kauravas did next, and Dhritarashtra asks Sanjaya for the news, who answers with a view on fate and human agency."
B05C161S01,B05C161,B05,1,18975,19136,5,1867,"Duryodhana briefs Uluka and sends him to Yudhishthira, with a message that includes a cat-and-mice parable and then taunts to Krishna, Bhima, and Nakula."
B05C161S02,B05C161,B05,2,19144,19180,5,1624,"The message continues with challenges to Sahadeva, Virata, Drupada, Dhrishtadyumna, and Sikhandin, and ends with a long boast to Arjuna listing the Kaurava army."
B05C162S01,B05C162,B05,1,19319,19382,4,1192,Uluka presents himself to the Pandavas and repeats Duryodhana's taunts to Yudhishthira and then to Arjuna.
B05C163S01,B05C163,B05,1,19454,19563,5,1414,"The Pandavas answer Uluka in turn, with Bhima, Sahadeva, Arjuna, and Yudhishthira each swearing to fight Duryodhana."
B05C163S02,B05C163,B05,2,19587,19587,1,202,"Krishna adds his own reply, saying he will act only as Arjuna's charioteer and warning that Duryodhana cannot hide from Arjuna's car."
B05C164S01,B05C164,B05,1,19630,19728,5,1107,"Arjuna answers Uluka with a vow to kill Bhishma, and Bhima, Nakula, Sahadeva, Virata, and Drupada send their replies."
B05C164S02,B05C164,B05,2,19735,19761,4,394,"Sikhandin, Dhrishtadyumna, and Yudhishthira send their final replies, and Uluka reports back to Duryodhana, who orders the army arrayed before dawn."
B05C165S01,B05C165,B05,1,19805,19805,1,297,Dhrishtadyumna arranges the Pandava army and assigns a Pandava warrior to face each leading Kaurava champion.
B05C166S01,B05C166,B05,1,19858,19907,5,898,"Dhritarashtra asks about the Kaurava response to Arjuna's vow, Bhishma takes command, and Bhishma begins ranking the Kaurava warriors at Duryodhana's request."
B05C167S01,B05C167,B05,1,19974,19974,1,564,"Bhishma continues the ranking of Kaurava warriors, naming kings and princes and describing how each will fight."
B05C168S01,B05C168,B05,1,20046,20046,1,1025,"Bhishma keeps ranking the Kaurava warriors, praising Ashvatthama and Drona, and naming more princes and kings, ending with Bhagadatta."
B05C169S01,B05C169,B05,1,20156,20248,4,1116,"Bhishma and Drona belittle Karna, Karna swears he will not fight while Bhishma lives, Bhishma answers him, and Duryodhana asks for a report on the enemy."
B05C170S01,B05C170,B05,1,20282,20342,2,754,"Bhishma ranks the Pandava brothers and says Arjuna is unmatched, and the narrator notes the Kaurava kings losing heart."
B05C171S01,B05C171,B05,1,20373,20373,1,392,"Bhishma ranks Draupadi's sons, Uttara, Abhimanyu, Satyaki, and other allies, and says that Virata and Drupada will fight with great determination."
B05C172S01,B05C172,B05,1,20432,20432,1,681,"Bhishma gives his ratings for Sikhandin, Dhrishtadyumna, Dhrishtaketu, and a long list of Panchala and allied kings."
B05C173S01,B05C173,B05,1,20515,20553,3,575,"Bhishma rates more Pandava allies, declares whom he will fight, and explains why he will not harm Sikhandin."
B05C174S01,B05C174,B05,1,20597,20605,2,581,"Duryodhana asks Bhishma why he will spare Sikhandin, and Bhishma recounts how he won the princesses of Kasi for his brother."
B05C175S01,B05C175,B05,1,20674,20674,1,263,"Bhishma reports the abduction to Satyavati, who rejoices, and Amba asks Bhishma to release her so that she can marry Salwa."
B05C176S01,B05C176,B05,1,20722,20775,2,716,"Bhishma sends Amba to Salwa, who rejects her, and Amba protests and pleads to be accepted, but Salwa refuses."
B05C177S01,B05C177,B05,1,20808,20869,3,535,"Amba laments her fate, vows vengeance on Bhishma, and goes to a hermitage, where the sage Saikhavatya comforts her."
B05C178S01,B05C178,B05,1,20896,20971,4,1559,"The ascetics debate Amba's future, Amba refuses to go back to Kasi, and her grandfather Hotravahana sends her to Rama for help."
B05C179S01,B05C179,B05,1,21060,21135,5,1147,"Akritavrana questions Amba about her wishes, Rama arrives, Hotravahana introduces Amba, and Amba begs Rama to slay Bhishma."
B05C180S01,B05C180,B05,1,21192,21225,5,427,"Rama declines to fight except on the command of Brahmanas, Amba urges him to slay Bhishma, and Akritavrana reminds him of his vow."
B05C180S02,B05C180,B05,2,21247,21247,1,225,"Rama agrees to confront Bhishma with Amba, and the party travels to Kurukshetra and camps by the Saraswati."
B05C181S01,B05C181,B05,1,21291,21463,5,2084,"Rama orders Bhishma to marry Amba, Bhishma refuses, Rama challenges him to fight, and Ganga pleads with Bhishma in vain."
B05C182S01,B05C182,B05,1,21494,21530,2,1062,"Bhishma dismounts to honor Rama, Rama answers with a shower of arrows, and Bhishma wounds Rama in return."
B05C183S01,B05C183,B05,1,21610,21610,1,1013,"The duel resumes at dawn, Rama wounds Bhishma into a swoon, Bhishma revives and wounds Rama, and the battle ends at dusk with arrows filling the sky."
B05C184S01,B05C184,B05,1,21717,21717,1,547,"The duel escalates with celestial weapons, Bhishma defeats Rama's lance and darts, Rama breaks Bhishma's chariot, and the fight stops at sunset."
B05C185S01,B05C185,B05,1,21788,21788,1,810,"The duel resumes, Rama kills Bhishma's charioteer and wounds him, Bhishma is raised by eight Brahmanas and his mother Ganga helps, and Bhishma wounds Rama into unconsciousness."
B05C186S01,B05C186,B05,1,21879,21879,1,458,"Bhishma prays for a sign, and in a dream eight Brahmanas reveal the Praswapa and Samvodhana weapons and promise his victory."
B05C187S01,B05C187,B05,1,21941,21941,1,563,"Bhishma resumes the fight after his dream, both wound each other, and both invoke the Brahma weapon, and Bhishma resolves to use the Praswapa."
B05C188S01,B05C188,B05,1,22013,22055,2,907,"Narada and the gods stop Bhishma from using the Praswapa, Rama's ancestors urge him to stop fighting, and Rama and Bhishma agree to end the combat."
B05C189S01,B05C189,B05,1,22116,22116,1,1114,"Rama admits defeat, Amba vows to kill Bhishma, and she performs penance for many years until Ganga tells her she will become a river."
B05C190S01,B05C190,B05,1,22231,22231,1,575,"Amba refuses the ascetics' advice, the trident-bearing god promises her vengeance and a male rebirth, and Amba burns herself on a pyre by the Yamuna."
B05C191S01,B05C191,B05,1,22301,22307,2,498,"Duryodhana asks how Sikhandin became a man, and Bhishma explains Drupada's prayer, the god's promise, and the secret raising of the child as a son."
B05C192S01,B05C192,B05,1,22371,22371,1,575,"Sikhandin is raised and trained, married to the Dasarnaka princess, and the discovery of the deception leads to Hiranyavarman's threat against Drupada."
B05C193S01,B05C193,B05,1,22444,22466,2,543,"Hiranyavarman prepares his army and plots to depose Drupada, and Drupada, now fearful, asks his queen about the truth."
B05C194S01,B05C194,B05,1,22518,22518,1,796,"The queen admits the truth, Drupada prepares his defences and prays, and Sikhandini, ashamed, goes to a Yaksha in the forest and asks him to change her into a man."
B05C195S01,B05C195,B05,1,22609,22769,4,1858,"Sikhandini and Sthuna swap sexes, Sikhandin is cleared of the deception, Kubera curses Sthuna, and Bhishma explains to the Kauravas why he will not fight Sikhandin."
B05C196S01,B05C196,B05,1,22798,22837,3,608,"Duryodhana asks the commanders how long each would need to destroy the Pandava army, and each gives his estimate."
B05C197S01,B05C197,B05,1,22880,22887,2,570,"Yudhishthira calls his brothers, relays the Kaurava boasts, and asks Arjuna how long he will need, and Arjuna answers with confidence and names the allies."
B05C198S01,B05C198,B05,1,22957,22957,1,498,"The Kaurava army marches out in divisions, takes position at Kurukshetra, and Duryodhana sets up a grand camp with provisions for all."
B05C199S01,B05C199,B05,1,23025,23138,5,855,"Yudhishthira orders his divisions out in battle array, and the chapter closes the Udyoga Parva before the footnotes begin."
B05C199S02,B05C199,B05,2,23151,23259,5,905,"Footnotes 2 to 6 explain divination by stars, the sage's answers on action and liberation, and the link between the soul and the Supreme Soul."
B05C199S03,B05C199,B05,3,23287,23344,5,104,"Footnotes 7 to 11 explain the kinds of troops, a name for a fire, an allusion to Vishnu, and the literal sense of an epithet."
B05C199S04,B05C199,B05,4,23357,23433,5,470,"Footnotes 12 to 16 explain the story of Vishwamitra, sacrificial offerings, the sacred syllable, a unit of time, and the bodily marks thought auspicious."
B05C199S05,B05C199,B05,5,23456,23516,5,166,"Footnotes 17 to 19 cover a river, the classification of weapons, and the story of Kartaviryarjuna, followed by running heads."
B05C199S06,B05C199,B05,6,23521,23521,1,2,A heading names Krishna-Dwaipayana Vyasa as the author.
B06C001S01,B06C001,B06,1,750,795,5,827,"The two armies assemble at Kurukshetra, the Pandavas make camp and organise their forces, and both sides agree on rules of combat before the fighting begins."
B06C002S01,B06C002,B06,1,867,912,5,809,"Vyasa speaks privately with Dhritarashtra, gives Sanjaya the power to report the battle, and describes the omens of disaster he sees around the field."
B06C003S01,B06C003,B06,1,977,1138,5,1739,"Vyasa lists portents of a coming slaughter and urges Dhritarashtra to restrain his sons, and Dhritarashtra replies that he is powerless over them."
B06C003S02,B06C003,B06,2,1143,1149,2,677,"Dhritarashtra asks about the signs of victory, and Vyasa describes them, warning about panic in an army and the uncertainty of war."
B06C004S01,B06C004,B06,1,1228,1251,2,563,"Dhritarashtra asks Sanjaya to describe the lands from which the armies came, and Sanjaya explains the kinds of living things and why the earth is worth fighting over."
B06C005S01,B06C005,B06,1,1307,1345,3,512,"Dhritarashtra asks for a survey of the earth, and Sanjaya explains the five elements and then describes the island Sudarsana."
B06C006S01,B06C006,B06,1,1384,1514,4,1496,"Sanjaya lays out the mountains, lands and sacred places of the world, starting with the mountains that divide it and ending with the hare-shaped region."
B06C007S01,B06C007,B06,1,1553,1623,4,851,"Sanjaya describes the Northern Kurus, the eastern land of Bhadraswa with its great trees, and the mountain Malyavat with its fire and its ascetics."
B06C008S01,B06C008,B06,1,1660,1707,3,579,"Sanjaya lists the remaining Varshas and their mountains and peoples, and Dhritarashtra reflects on Time and on the power of Vishnu."
B06C009S01,B06C009,B06,1,1742,1853,4,1494,"Dhritarashtra asks about Bharatavarsha, Sanjaya blames Duryodhana for the greed over it, and he gives long lists of its mountains, rivers and peoples before explaining why kings fight over earth."
B06C010S01,B06C010,B06,1,1916,1924,2,407,"Dhritarashtra asks about the people of the neighbouring lands, and Sanjaya explains the four ages and how the people of each age differ."
B06C011S01,B06C011,B06,1,1980,2021,5,307,"The Bhumi Parva opens with Dhritarashtra's request for the size of Jamvudwipa and its neighbouring islands, and Sanjaya describes Sakadwipa."
B06C011S02,B06C011,B06,2,2028,2056,3,784,"Sanjaya names the seven mountains of Sakadwipa, their Varshas and rivers, the Saka tree and the four peaceful provinces, and Dhritarashtra asks why the people there are dark."
B06C012S01,B06C012,B06,1,2128,2248,5,1322,"Sanjaya describes the outer islands and their oceans, mountains and peoples, then the heavenly bodies, and closes with advice to Dhritarashtra and the merit of hearing the Bhumi Parva."
B06C013S01,B06C013,B06,1,2282,2296,3,377,"Sanjaya enters the court and announces that Bhishma has fallen, recalling his greatness and blaming Dhritarashtra's evil counsel."
B06C014S01,B06C014,B06,1,2347,2501,2,2162,"Dhritarashtra, overwhelmed with grief, asks a long series of questions about how Bhishma fell, who protected him, and what his sons and allies did, and he begs Sanjaya to tell him everything."
B06C015S01,B06C015,B06,1,2555,2620,4,522,"Sanjaya tells Dhritarashtra not to blame Duryodhana, describes his divine sight, and recounts Duryodhana's orders to protect Bhishma from Sikhandin."
B06C016S01,B06C016,B06,1,2647,2647,1,613,"At dawn both armies take their positions, Sanjaya lists the Kaurava commanders and Bhishma at the front, and he compares the two armies to great oceans."
B06C017S01,B06C017,B06,1,2727,2727,1,960,"On the first day, Bhishma urges the kings to fight, Karna lays down his arms, the Kaurava divisions advance under their leaders, and their battle formation is set out."
B06C018S01,B06C018,B06,1,2835,2835,1,414,"The armies clash in uproar and display, and Sanjaya lists the warriors and peoples who guard Bhishma and the size of the Kaurava force."
B06C019S01,B06C019,B06,1,2897,2985,3,1184,"Yudhishthira asks Arjuna for a formation, Arjuna sets out the Vajra array, and omens of wind, dust and thunder appear at dawn."
B06C020S01,B06C020,B06,1,3032,3041,2,732,"Dhritarashtra asks which side was eager and which had the omens, and Sanjaya describes both armies, the omens and the Kaurava commanders."
B06C021S01,B06C021,B06,1,3122,3122,1,436,"Yudhishthira is dismayed by Bhishma's array, and Arjuna answers that victory lies with righteousness and with Krishna."
B06C022S01,B06C022,B06,1,3187,3229,2,502,"Yudhishthira arranges the Pandava army and urges it to fight fairly, Sanjaya describes the commanders and Arjuna's car, and Krishna points out Bhishma and urges Arjuna to attack him."
B06C023S01,B06C023,B06,1,3263,3324,5,623,"Krishna urges Arjuna to pray to Durga, and Arjuna recites a long hymn to the goddess before the battle."
B06C023S02,B06C023,B06,2,3332,3355,3,287,"Durga appears and promises Arjuna victory, Krishna and Arjuna blow their conches, and Sanjaya explains the benefits of the hymn and the reason for victory."
B06C024S01,B06C024,B06,1,3390,3401,2,192,"Dhritarashtra asks who began the fight in high spirits, and Sanjaya says that both armies were equally eager and the clash was fierce."
B06C025S01,B06C025,B06,1,3437,3498,5,557,"The Gita opens as Dhritarashtra asks about the armies, Duryodhana names the leaders on both sides, the conches sound, and Arjuna asks to see the warriors before battle."
B06C025S02,B06C025,B06,2,3507,3563,4,575,"Krishna places Arjuna's car between the armies, Arjuna sees his kinsmen, and he is overcome with grief, lays down his bow and sits down in his car."
B06C026S01,B06C026,B06,1,3595,3633,5,299,"Arjuna, overcome with grief, refuses to fight, and Krishna rebukes him for his weakness."
B06C026S02,B06C026,B06,2,3640,3754,3,1794,"Krishna teaches that the soul is eternal, that a warrior must fight his just battle without attachment to results, and describes the steady-minded sage."
B06C027S01,B06C027,B06,1,3822,3919,5,1137,"Arjuna asks why he must act, Krishna teaches action without attachment as sacrifice, and then names desire as the enemy that must be overcome."
B06C028S01,B06C028,B06,1,3961,3983,4,1223,"Krishna explains how this teaching was passed down, answers Arjuna's question about his births, and teaches action, sacrifice and knowledge before urging Arjuna to cast off doubt."
B06C029S01,B06C029,B06,1,4099,4111,3,851,"Arjuna asks which is better, renunciation or action, and Krishna explains that acting with devotion is superior and describes the sage who is at peace."
B06C030S01,B06C030,B06,1,4207,4312,5,1162,"Krishna describes the true renouncer and the practice of meditation, and he and Arjuna discuss how hard it is to still the restless mind."
B06C030S02,B06C030,B06,2,4323,4323,1,246,"Krishna says the devotee who falls away is not lost, and that the one who worships him with faith is the most devout."
B06C031S01,B06C031,B06,1,4369,4374,2,839,"Krishna explains his lower and higher natures, his presence in all things, the illusion that hides him, the classes of worshippers, and who truly reaches him."
B06C032S01,B06C032,B06,1,4469,4483,3,814,"Arjuna asks about Brahman, the self and the hour of death, and Krishna explains remembering him at death, the cycles of time and the two paths."
B06C033S01,B06C033,B06,1,4571,4576,2,953,"Krishna reveals the royal mystery of his presence in all things, the cycles of creation, and the open door of devotion to all who turn to him."
B06C034S01,B06C034,B06,1,4680,4730,4,1112,"Krishna declares that he is the source of gods and sages, Arjuna praises him and asks for his powers, and Krishna lists his many manifestations."
B06C035S01,B06C035,B06,1,4810,4855,5,927,"Arjuna asks to see Krishna's true form, and Krishna grants him divine sight to behold the universal form."
B06C035S02,B06C035,B06,2,4907,4977,5,712,"Krishna reveals himself as Time and the destroyer, Arjuna praises and fears him, and Krishna returns to his gentle form."
B06C035S03,B06C035,B06,3,4984,5013,3,142,"Arjuna regains his composure, and Krishna explains that only devotion can reveal him."
B06C036S01,B06C036,B06,1,5040,5052,3,569,"Arjuna asks which devotees are best, and Krishna explains the path of personal devotion, the harder path of the unmanifest, and the qualities of those he loves."
B06C037S01,B06C037,B06,1,5122,5127,2,809,"Krishna explains the field and its knower, the virtues that make up true knowledge, the supreme Brahman, and the difference between nature and spirit."
B06C038S01,B06C038,B06,1,5224,5284,4,697,"Krishna teaches how the three qualities bind the soul and how to transcend them, and he describes the person who has risen above them when Arjuna asks."
B06C039S01,B06C039,B06,1,5326,5331,2,615,"Krishna describes the eternal fig tree of the world, the soul as his part, his presence in the light of the world, and his supreme nature beyond the perishable and imperishable."
B06C040S01,B06C040,B06,1,5409,5414,2,572,"Krishna sets the divine and demonic qualities side by side, describes the demonic people and their fall, and names the three gates of hell."
B06C041S01,B06C041,B06,1,5493,5505,3,828,"Arjuna asks about faith outside scripture, and Krishna explains the three kinds of faith, food, sacrifice, penance and gifts, ending with the sacred words OM, TAT and SAT."
B06C042S01,B06C042,B06,1,5597,5780,5,2117,"Arjuna asks about renunciation, Krishna explains the three qualities of action, knowledge and duty, urges surrender to him, and Arjuna accepts; Sanjaya then closes the dialogue."
B06C042S02,B06C042,B06,2,5794,5794,1,5,A closing marker that ends the Bhagavad Gita.
B06C043S01,B06C043,B06,1,5822,5866,5,344,"Yudhishthira walks unarmed toward the Kaurava elders, and his brothers question him as he goes."
B06C043S02,B06C043,B06,2,5872,5939,5,626,"Yudhishthira salutes Bhishma, who grants him leave to fight and says he is bound to the Kauravas by their wealth."
B06C043S03,B06C043,B06,3,5946,5973,5,198,"Yudhishthira asks Bhishma how he can be defeated, and Bhishma says no one can beat him while his time has not come."
B06C043S04,B06C043,B06,4,5984,6022,5,285,"Yudhishthira asks Drona for leave and blessing, and Drona grants them, confessing that he too is bound to the Kauravas by wealth."
B06C043S05,B06C043,B06,5,6029,6061,5,217,"Drona tells Yudhishthira that he can be killed only when he lays down his arms, and Yudhishthira goes on to Kripa."
B06C043S06,B06C043,B06,6,6068,6103,5,352,"Yudhishthira seeks leave from Kripa and Salya, who both grant it while saying they must fight for the Kauravas."
B06C043S07,B06C043,B06,7,6117,6145,5,252,"Yudhishthira asks Salya to weaken Karna, Salya agrees, and Krishna goes to Karna to urge him to switch sides."
B06C043S08,B06C043,B06,8,6158,6181,3,446,"Karna refuses to desert Duryodhana, Yuyutsu joins the Pandavas, and both armies prepare for battle."
B06C044S01,B06C044,B06,1,6230,6235,2,809,"Dhritarashtra asks who struck first, and Sanjaya describes the first clash of the two armies, led by Bhishma and Bhima."
B06C045S01,B06C045,B06,1,6328,6328,1,2049,"The battle opens with a huge uproar and a series of single combats between the leading warriors of both sides, until the fighting becomes a confused melee."
B06C046S01,B06C046,B06,1,6531,6531,1,1198,"Sanjaya describes the slaughter among foot soldiers, elephants, horses and chariots, where kin kill one another, and the Pandava divisions begin to waver before Bhishma."
B06C047S01,B06C047,B06,1,6660,6660,1,1675,"Bhishma's guards press forward, Abhimanyu fells Bhishma's standard, and Sweta's charge against Salya is halted and Salya rescued."
B06C048S01,B06C048,B06,1,6826,6833,2,2817,"Dhritarashtra asks what happened when Sweta charged Salya, and Sanjaya describes the duel between Bhishma and Sweta, Sweta's death and the nightfall withdrawal."
B06C049S01,B06C049,B06,1,7092,7141,2,1163,"Dhritarashtra questions Sanjaya about the Pandava response and his own guilt, and Sanjaya describes the fighting of the day, with Bhishma routing the Pandava forces until nightfall."
B06C050S01,B06C050,B06,1,7218,7358,3,1428,"Yudhishthira laments Bhishma's power before Krishna, is comforted, appoints Dhrishtadyumna commander, and the Pandava army is drawn up in the Krauncharuma array for the next day."
B06C051S01,B06C051,B06,1,7385,7385,1,630,"Duryodhana arranges his own army against the Pandava array, and both sides sound their conches before advancing."
B06C052S01,B06C052,B06,1,7467,7472,2,1719,"Dhritarashtra asks how the battle began, Duryodhana orders the attack, and Bhishma and Arjuna fight a long duel that the gods regard as unmatched."
B06C053S01,B06C053,B06,1,7641,7651,2,948,"Dhritarashtra asks about the duel between Drona and Dhrishtadyumna, and Sanjaya describes Drona's victories, Dhrishtadyumna's defiance, and Bhima's rescue."
B06C054S01,B06C054,B06,1,7751,7758,2,2930,"Dhritarashtra asks how the Kalinga king fought Bhima, and Sanjaya describes Bhima's rampage through the Kalinga forces and the rescue by Dhrishtadyumna and Satyaki."
B06C055S01,B06C055,B06,1,8021,8021,1,1000,"Dhrishtadyumna, Abhimanyu and Arjuna fight the Kaurava leaders, Arjuna scatters the army, and Bhishma withdraws the Kaurava forces at sunset."
B06C056S01,B06C056,B06,1,8131,8131,1,527,"Bhishma forms the Garuda array, Arjuna answers with a half-moon array, and the armies clash at dawn."
B06C057S01,B06C057,B06,1,8202,8202,1,798,"Arjuna cuts down Kaurava car leaders, the armies fight in a general melee, and both sides push and break each other's ranks."
B06C058S01,B06C058,B06,1,8300,8300,1,1105,"Kings attack Arjuna, Bhima wounds Duryodhana and routs his army, and Duryodhana rebukes Bhishma, who vows to fight alone."
B06C059S01,B06C059,B06,1,8416,8423,2,4337,"Bhishma storms the Pandava army, Krishna and Arjuna face him in a duel, Arjuna holds back Krishna's attack on Bhishma, and Arjuna's Indra weapon brings carnage until nightfall."
B06C060S01,B06C060,B06,1,8799,8860,2,1047,"The third day opens with Bhishma leading the Kaurava army against Arjuna, the armies clash, and Bhishma and Arjuna duel while Abhimanyu attacks the Kaurava ranks."
B06C061S01,B06C061,B06,1,8919,8919,1,876,"Abhimanyu battles the Kaurava princes, Dhrishtadyumna rescues him, Samyamani's son is killed, and Samyamani and Salya attack Dhrishtadyumna."
B06C062S01,B06C062,B06,1,9017,9032,2,1469,"Dhritarashtra asks about the battle, and Sanjaya describes the clashes of Dhrishtadyumna, Abhimanyu and Salya, followed by Bhima's rampage against the Magadha elephants."
B06C063S01,B06C063,B06,1,9173,9173,1,837,"Duryodhana sends his army against Bhima, who holds them off with his mace, and Satyaki then advances toward Bhishma until Bhurisravas steps in to fight him."
B06C064S01,B06C064,B06,1,9270,9270,1,1895,"The duels of Satyaki and Bhurisravas and of Bhima and Duryodhana unfold, with Bhagadatta and Ghatotkacha joining, until Bhishma orders a withdrawal at nightfall and Duryodhana mourns."
B06C065S01,B06C065,B06,1,9458,9662,5,2268,"Dhritarashtra questions Sanjaya, Sanjaya blames the sons' wickedness and Duryodhana's refusal to listen, Duryodhana asks Bhishma for the cause of Pandava victory, and Bhishma tells the story of Brahma's praise of Vishnu."
B06C066S01,B06C066,B06,1,9689,9739,2,1063,"Brahma's account of the god's agreement to be born among men and Bhishma's warning against despising Vasudeva, followed by Bhishma's explanation of why the Kauravas are wrong to oppose him."
B06C067S01,B06C067,B06,1,9805,9811,2,595,"Duryodhana asks about Vasudeva, and Bhishma describes his creation of the world, his slaying of Madhu, and his role as protector, and says Yudhishthira has taken refuge in him."
B06C068S01,B06C068,B06,1,9882,9909,2,537,"Bhishma recites a hymn in which various seers praise Vasudeva, and Sanjaya reports Duryodhana's change of heart, Bhishma's renewed plea for peace, and Duryodhana's return to his tent."
B06C069S01,B06C069,B06,1,9953,9953,1,798,"The armies form their battle arrays, Bhima and Arjuna attack Bhishma, Duryodhana asks Drona to break the Pandava line, and Drona and Sikhandin clash with their opponents."
B06C070S01,B06C070,B06,1,10048,10048,1,686,"Bhishma fights to protect the Kauravas from Bhima, Sanjaya describes the carnage across the field, and both armies press against Bhishma."
B06C071S01,B06C071,B06,1,10131,10131,1,1094,"Arjuna drives at Bhishma, the Kaurava army falls back behind him, allied kings arrive, opposing warriors are matched in pairs, and the field is strewn with dead elephants, horses and chariots."
B06C072S01,B06C072,B06,1,10249,10249,1,799,"Duels spread across the field, Bhishma defeats Bhima's attack and wrecks Satyaki's chariot, and the Pandava forces attack again."
B06C073S01,B06C073,B06,1,10344,10395,2,1034,"Virata and Bhishma exchange arrows, Arjuna and Aswatthaman fight and Arjuna holds back, Bhima and Duryodhana trade hits, Abhimanyu fights Chitrasena and Lakshmana until Kripa carries Lakshmana away, and Bhishma's attacks leave the field strewn with bodies."
B06C074S01,B06C074,B06,1,10462,10525,2,854,"Satyaki duels Bhurisravas, Satyaki's sons die fighting him, Satyaki and Bhurisravas continue on foot until they are pulled away, and Arjuna's destruction of the Kaurava chariots ends the day as the armies withdraw at twilight."
B06C075S01,B06C075,B06,1,10566,10617,3,836,"The two armies form their arrays, Yudhishthira's Makara meets Bhishma's crane, and the fighting is broken into many clashes until Drona and Bhishma drive the Pandavas back."
B06C076S01,B06C076,B06,1,10672,10672,1,619,"Dhritarashtra describes the strength and loyalty of his army, its leaders, and its vast size, then wonders why such an army is being slaughtered and blames fate and his son's refusal to heed Vidura."
B06C077S01,B06C077,B06,1,10751,10794,3,1997,"Sanjaya blames the king for the war, Bhima fights through the Kaurava host and is rescued by Dhrishtadyumna, Duryodhana's forces turn on the rescuers, Drona neutralises the Pramohana weapon, and Drona drives the Pandava army into retreat."
B06C078S01,B06C078,B06,1,10952,10952,1,373,"Duryodhana regains consciousness and fights Bhima, the brothers of Duryodhana attack Bhima, and Yudhishthira sends reinforcements led by Abhimanyu so that the sons withdraw."
B06C079S01,B06C079,B06,1,11010,11040,2,479,"Abhimanyu and Bhima attack the Kauravas in the afternoon, Abhimanyu defeats Vikarna and others, Bhishma and Arjuna carry out slaughter, and the field is described as a sea of blood."
B06C080S01,B06C080,B06,1,11080,11080,1,1496,"Bhima confronts Duryodhana with a long speech of accusation and wounds him, Kripa and Jayadratha rescue Duryodhana, Abhimanyu and the sons of Dhritarashtra clash in many duels, and Bhishma routs the Pandavas at sunset."
B06C081S01,B06C081,B06,1,11234,11234,1,648,"After resting, Duryodhana asks Bhishma how to win, Bhishma promises to fight hard, and Duryodhana's army advances in full array."
B06C082S01,B06C082,B06,1,11315,11315,1,1094,"Bhishma names the Kaurava allies and heals Duryodhana, sets up the Mandala array and the Pandava Vajra array, the armies pair off, and Arjuna and Krishna face the kings with the Aindra weapon until Bhishma rescues the fleeing warriors."
B06C083S01,B06C083,B06,1,11434,11568,5,1586,"Duryodhana sends the kings to shield Bhishma as he meets Arjuna, and a series of single combats follows, including Drona against Virata, Aswatthaman against Sikhandin, Satyaki against Alamvusha, Dhrishtadyumna against Duryodhana, and Bhima against Kritavarman."
B06C084S01,B06C084,B06,1,11610,11715,5,1430,"Dhritarashtra asks why his side always loses, Sanjaya blames the king's misconduct, and the battles of Iravat, Ghatotkacha, Bhagadatta and the twins against Salya are reported in turn."
B06C085S01,B06C085,B06,1,11773,11849,3,1261,"Yudhishthira defeats Srutayush, Kripa fights Chekitana, Dhrishtaketu and Bhurisravas clash, Abhimanyu faces several Kaurava warriors, and Arjuna moves against Susarman and his followers."
B06C086S01,B06C086,B06,1,11915,11915,1,1286,"Arjuna clears the way toward Bhishma, Yudhishthira rebukes Sikhandin for failing to keep his oath, Sikhandin resumes his attack, Bhishma defeats Yudhishthira, and Bhima and Chitrasena fight until Chitrasena's chariot is smashed."
B06C087S01,B06C087,B06,1,12051,12182,2,1342,"Bhishma routs Yudhishthira and the twins, the Pandavas gather their allies against him, Dhrishtadyumna and Satyaki fight the Kauravas, and at dusk both armies withdraw to their tents."
B06C088S01,B06C088,B06,1,12209,12209,1,921,"Both armies march out, the Kauravas form a line led by Bhishma, Yudhishthira answers with the Sringataka array, and a fierce general battle begins with Bhishma charging the Pandavas."
B06C089S01,B06C089,B06,1,12314,12391,2,1000,"Bhishma cuts down the Pandava forces until Bhima takes on Bhishma's charioteer and then kills Duryodhana's brothers one after another, Duryodhana accuses Bhishma, and Bhishma answers that the Kauravas cannot win."
B06C090S01,B06C090,B06,1,12429,12447,2,941,"Dhritarashtra asks about the losses, Sanjaya blames the king for ignoring Vidura, and the midday battle is described with the Pandavas attacking in three groups, Drona slaughtering the Srinjayas, and Bhima and the twins destroying elephants and horses."
B06C091S01,B06C091,B06,1,12538,12702,2,2310,"Sakuni and Kritavarma attack the Pandavas, Iravat leads his cavalry against the Kauravas, fights off the sons of Suvala, and is killed by Alamvusha after a long illusion-filled battle. The field is then filled with slaughter, Arjuna unknowingly kills Bhishma's guards, and Bhishma and Drona terrify the Pandavas."
B06C092S01,B06C092,B06,1,12763,12768,2,750,"Dhritarashtra asks what the Pandavas did after Iravat's death, Sanjaya describes Ghatotkacha's roar and his assault on the Kaurava elephants, Duryodhana fights the Rakshasas, and Ghatotkacha accuses Duryodhana of his crimes."
B06C093S01,B06C093,B06,1,12855,12855,1,1009,"Duryodhana endures Ghatotkacha's arrows, Ghatotkacha kills Bhagadatta's elephant with a dart, Bhishma sends a rescue force, and Ghatotkacha wounds or disables the rescuers one after another."
B06C094S01,B06C094,B06,1,12967,12967,1,1107,"Ghatotkacha rises into the sky, Yudhishthira sends Bhima and his allies to save Ghatotkacha, and the two sides fight in a chaotic, bloody battle that drives the Kaurava forces back."
B06C095S01,B06C095,B06,1,13089,13089,1,1197,"Duryodhana wounds Bhima, the Kaurava and Pandava warriors clash around them, Nila and Aswatthaman fight, Ghatotkacha uses an illusion that routs the Kauravas, and Sanjaya and Bhishma try in vain to hold the army together."
B06C096S01,B06C096,B06,1,13218,13218,1,2008,"Duryodhana reports his defeat to Bhishma, Bhishma sends Bhagadatta to face Ghatotkacha, Bhagadatta's elephant battles the Pandava warriors and wounds Bhima, Arjuna joins the fight, and Bhima reports Iravat's death."
B06C097S01,B06C097,B06,1,13416,13489,2,1852,"Arjuna laments the war, Bhima fights Drona and kills several of Dhritarashtra's sons, Bhishma and his allies go after Arjuna, Abhimanyu unseats Amvashta, the close fighting spreads, and both armies withdraw at night."
B06C098S01,B06C098,B06,1,13603,13603,1,1025,"Duryodhana and his counsellors plan the next day's fighting, Karna urges that Bhishma withdraw, and Duryodhana goes to Bhishma's tent in a grand procession and presses him to act, but Bhishma stays silent."
B06C099S01,B06C099,B06,1,13713,13807,3,1298,"Bhishma answers Duryodhana's taunts with the story of the Pandavas' victories, pledges to spare Sikhandin, Duryodhana orders his army to protect Bhishma, and Arjuna places Sikhandin before Bhishma in the battle."
B06C100S01,B06C100,B06,1,13852,13889,3,721,"Bhishma and Yudhishthira both form their arrays and command their forces, the two armies advance with loud noise, and omens of disaster appear in the sky and on the earth."
B06C101S01,B06C101,B06,1,13948,13948,1,1283,"Abhimanyu routs the Kaurava ranks, Duryodhana sends Alamvusha against him, Alamvusha defeats the five sons of Draupadi, and the chapter ends with Alamvusha and Abhimanyu clashing in a duel watched by both armies."
B06C102S01,B06C102,B06,1,14080,14092,2,1366,"Dhritarashtra asks for a full account, Sanjaya describes Abhimanyu's duel with Alamvusha in which the illusions are overcome, and the battle then spreads to Bhishma, Arjuna, Kripa, Satyaki and Drona."
B06C103S01,B06C103,B06,1,14227,14237,2,918,"Dhritarashtra asks how the two heroes came to fight, Sanjaya explains the duty of Kshatriyas, Arjuna defeats the Trigartas with the Vayavya weapon while Drona counters, and Bhima fights the Kaurava elephants with his mace."
B06C104S01,B06C104,B06,1,14333,14333,1,1156,"The midday battle between Bhishma and the Somakas becomes general, with Bhishma sparing Sikhandin, the fighting spreading across the field, the river of blood described, and Duryodhana urging his men on."
B06C105S01,B06C105,B06,1,14458,14545,2,875,"Arjuna routs Susarman's men, Duryodhana leads a counterattack on Arjuna, the Pandavas gather around Bhishma and fight a series of duels including Satyaki's clash with Bhishma, and the battle resumes at full strength."
B06C106S01,B06C106,B06,1,14572,14572,1,796,"Duryodhana orders his brother to shield Bhishma, Sakuni's horsemen are destroyed by the Pandavas, Salya fights Yudhishthira, and Bhima hurries to his brother's aid as the sun sets."
B06C107S01,B06C107,B06,1,14665,14736,2,2113,"Bhishma routs the Pandava army, Krishna urges Arjuna to fight him, Arjuna and Bhishma duel, Krishna jumps down and rushes at Bhishma, Arjuna halts him, and Bhishma's shafts drive the Pandavas back until sunset."
B06C108S01,B06C108,B06,1,14870,15042,5,2376,"The armies withdraw at dusk, Yudhishthira despairs at night and Krishna offers to fight, the Pandavas visit Bhishma's tent and ask how he can be beaten, and Bhishma explains the conditions under which he can be defeated."
B06C108S02,B06C108,B06,2,15074,15126,4,536,"Arjuna refuses to fight his grandfather, Krishna urges him to fight as a Kshatriya must, and Arjuna proposes to place Sikhandin before Bhishma."
B06C109S01,B06C109,B06,1,15155,15264,5,1394,"Dhritarashtra asks about Sikhandin and Bhishma, Sanjaya describes the battle arrays, Bhishma defeats the Pandava warriors on the tenth day, refuses to fight Sikhandin, Sikhandin taunts and wounds him, and Arjuna urges Sikhandin on."
B06C110S01,B06C110,B06,1,15312,15342,3,952,"Dhritarashtra asks about the tenth day, Sanjaya describes Arjuna's arrival and Duryodhana's plea, and Bhishma answers with a vow and a massive slaughter of Pandava troops."
B06C111S01,B06C111,B06,1,15425,15425,1,1060,"Arjuna urges Sikhandin on, the Pandava and Kaurava warriors pair off across the field, Dussasana blocks Arjuna, and Arjuna wounds Dussasana and Duryodhana before Duryodhana retreats."
B06C112S01,B06C112,B06,1,15542,15542,1,1364,"Satyaki battles Alamvusha and Bhagadatta, Duryodhana orders the Kauravas to surround Satyaki, and a series of duels spreads across the field among Bhishma's guards and the Pandava warriors."
B06C113S01,B06C113,B06,1,15684,15684,1,998,"Drona describes the bad omens he sees, warns that Arjuna will attack Bhishma and that Sikhandin is an ill omen, and sends his son Aswatthaman against Sikhandin and Bhima while he goes against Yudhishthira."
B06C114S01,B06C114,B06,1,15793,15793,1,1241,"Ten Kaurava warriors attack Bhima, who wounds them all and defeats their projectiles, Arjuna arrives to help, and Duryodhana sends Susarman against both Pandava brothers."
B06C115S01,B06C115,B06,1,15923,15923,1,1019,"Arjuna and Bhima battle Susarman's Trigartas and the Kaurava kings, Drona and the Magadha king attack Bhima, Bhishma and Duryodhana advance, and Sikhandin and the Pandavas charge Bhishma."
B06C116S01,B06C116,B06,1,16036,16043,2,1015,"Dhritarashtra asks about Bhishma's fighting on the tenth day, Sanjaya describes Bhishma's resolve to be slain, Yudhishthira accepts and plans the attack, and both armies clash in a huge general battle."
B06C117S01,B06C117,B06,1,16151,16261,5,1288,"Abhimanyu, Aswatthaman, Paurava and Dhrishtaketu, Chitrasena and Susarman, and Drona and Dhrishtadyumna all clash in duels across the field, while Bhima destroys the elephant division and Yudhishthira and Salya exchange blows."
B06C117S02,B06C117,B06,2,16283,16283,1,627,"Arjuna pushes toward Bhishma, scattering the Kaurava warriors, while Bhishma fights back with his weapons and drives the Pandava army back."
B06C118S01,B06C118,B06,1,16362,16415,2,1429,"Sikhandin attacks Bhishma, Bhishma refuses to strike him, Arjuna urges Sikhandin on, Dussasana and Arjuna fight, and Duryodhana rallies his allies to face Arjuna. Arjuna scatters the Kaurava forces, and Bhishma confronts Arjuna until the armies are thrown into confusion."
B06C119S01,B06C119,B06,1,16517,16559,3,1205,"The armies fight without order, Salya and the Kaurava warriors push back the Pandavas, Bhishma destroys thousands of their warriors, Dhrishtadyumna orders an attack on Bhishma, and Arjuna and Sikhandin move against him."
B06C120S01,B06C120,B06,1,16655,16920,3,2991,"The Pandavas surround Bhishma, Arjuna and Sikhandin cut down his bows, Bhishma resolves to die, and when he falls at sunset he waits on his bed of arrows until the sun turns north."
B06C121S01,B06C121,B06,1,16947,16964,2,929,"Dhritarashtra mourns Bhishma's fall and asks what happened, Sanjaya describes the Kaurava grief, the halt in the fighting, the gathering of kings, and Bhishma's request for a pillow fit for a warrior."
B06C122S01,B06C122,B06,1,17053,17116,3,852,"Arjuna props up Bhishma's head with arrows, Bhishma praises him, Bhishma refuses the physicians, the armies gather around him and then go to rest, and Krishna and Yudhishthira speak together about the victory."
B06C123S01,B06C123,B06,1,17159,17280,2,1458,"The kings gather around Bhishma in the morning, Bhishma asks for water and then for Arjuna, Arjuna makes a spring rise, Bhishma praises him and urges Duryodhana to make peace, and Duryodhana refuses."
B06C124S01,B06C124,B06,1,17309,17404,5,1018,"Karna comes to the dying Bhishma, who embraces him, reveals that Karna is Kunti's son, and urges peace with the Pandavas before giving him leave to fight."
B06C124S02,B06C124,B06,2,17427,17478,5,59,"The heading and the first translator's notes, on the place of the Kurus and on the sense of a few words in the early verses."
B06C124S03,B06C124,B06,3,17491,17545,5,97,"Translator's notes 5 to 9, on variant readings of several slokas and on the sense of a few words."
B06C124S04,B06C124,B06,4,17558,17614,5,109,"Translator's notes 10 to 14, on the sense of a few phrases and on textual variants."
B06C124S05,B06C124,B06,5,17627,17695,5,364,"Translator's notes 15 to 19, on the meanings of several words and on Nilakantha's explanation of kings."
B06C124S06,B06C124,B06,6,17717,17774,5,147,"Translator's notes 20 to 24, on cross-references and on the meanings of obscure words."
B06C124S07,B06C124,B06,7,17789,17849,5,160,"Translator's notes 25 to 29, on several difficult slokas and on the sense of individual words."
B06C124S08,B06C124,B06,8,17862,17926,5,251,"Translator's notes 30 to 34, on Nilakantha's account of plants and on the cosmic order of creation and destruction."
B06C124S09,B06C124,B06,9,17941,17995,5,100,"Translator's notes 35 to 39, on esoteric readings and on several variant lines."
B06C124S10,B06C124,B06,10,18008,18064,5,125,"Translator's notes 40 to 44, on the sacred days and on variant readings."
B06C124S11,B06C124,B06,11,18078,18132,5,100,"Translator's notes 45 to 49, on place names and on the three currents of the Ganga."
B06C124S12,B06C124,B06,12,18146,18202,5,107,"Translator's notes 50 to 54, on variant readings and the sense of several slokas."
B06C124S13,B06C124,B06,13,18215,18271,5,104,"Translator's notes 55 to 59, on numbers, variant readings and the sense of a few terms."
B06C124S14,B06C124,B06,14,18284,18339,5,154,"Translator's notes 60 to 64, on river names and on the cow and the sacrifice."
B06C124S15,B06C124,B06,15,18356,18414,5,175,"Translator's notes 65 to 69, on the freedom of a rendering, variant readings, and the myth of Sakadwipa."
B06C124S16,B06C124,B06,16,18430,18488,5,142,"Translator's notes 70 to 74, on the names of the elephants that support the globe and their rut juice."
B06C124S17,B06C124,B06,17,18501,18562,5,215,"Translator's notes 75 to 79, on the old knowledge of the circle's ratio and on variant readings."
B06C124S18,B06C124,B06,18,18578,18638,5,183,"Translator's notes 80 to 84, on variant readings and on the style of Vyasa's comparison."
B06C124S19,B06C124,B06,19,18653,18707,5,92,"Translator's notes 85 to 89, on the readings of several lines and on the word for a warrior's sons."
B06C124S20,B06C124,B06,20,18720,18788,5,281,"Translator's notes 90 to 94, on Indra's heaven, the Kshatriya's reward, and the planets."
B06C124S21,B06C124,B06,21,18802,18860,5,152,"Translator's notes 95 to 99, on ancient names, the readings of several battle lines, and the grammar of cars."
B06C124S22,B06C124,B06,22,18876,18931,5,100,"Translator's notes 100 to 104, on catapults, the sense of ""array"", and the word for an heir."
B06C124S23,B06C124,B06,23,18944,19002,5,165,"Translator's notes 105 to 109, on faulty readings, the mace of Bhima, and the thunderbolt."
B06C124S24,B06C124,B06,24,19018,19081,5,208,"Translator's notes 110 to 114, on a doubtful word, on yena and tena, and on the gods who followed Krishna."
B06C124S25,B06C124,B06,25,19096,19154,5,155,"Translator's notes 115 to 119, on the names of kings and on verse readings."
B06C124S26,B06C124,B06,26,19169,19227,5,141,"Translator's notes 120 to 124, on the names in the Gita, on mantras and time, and on the Gita's text."
B06C124S27,B06C124,B06,27,19242,19304,5,201,"Translator's notes 125 to 129, on the conch names and on the sense of a few words in Arjuna's speech."
B06C124S28,B06C124,B06,28,19319,19375,5,135,"Translator's notes 130 to 134, on the words for kinsmen and arrows, and on the lesson of the Gita."
B06C124S29,B06C124,B06,29,19390,19457,5,275,"Translator's notes 135 to 139, on compassion, the sense of Arjuna's words, and the rules of translation."
B06C124S30,B06C124,B06,30,19472,19540,5,363,"Translator's notes 140 to 144, on the terms sat and asat, variant readings, and the truth taught in the Gita."
B06C124S31,B06C124,B06,31,19561,19629,5,351,"Translator's notes 145 to 149, on the sense of ""heard"" and ""hearable"", and on the explanations of the commentators."
B06C124S32,B06C124,B06,32,19651,19710,5,193,"Translator's notes 150 to 154, on the spiritually dark, on the qualities of nature, and on work for Vishnu."
B06C124S33,B06C124,B06,33,19727,19788,5,245,"Translator's notes 155 to 159, on rain, Brahma, the wheel of work, and the example set by the great."
B06C124S34,B06C124,B06,34,19805,19863,5,149,"Translator's notes 160 to 164, on the order of words, on prakriti, and on the three qualities."
B06C124S35,B06C124,B06,35,19876,19931,5,170,"Translator's notes 165 to 169, on the senses, on desire and wrath, and on the Supreme Being."
B06C124S36,B06C124,B06,36,19949,20004,5,130,"Translator's notes 170 to 174, on the inactive Lord, freedom from desire, and identification with Brahma."
B06C124S37,B06C124,B06,37,20019,20077,5,131,"Translator's notes 175 to 179, on the forms of sacrifice and the kinds of yoga."
B06C124S38,B06C124,B06,38,20090,20143,5,79,"Translator's notes 180 to 184, on the fruits of action, the nature of yoga and sankhya, and the word atman."
B06C124S39,B06C124,B06,39,20156,20210,5,97,"Translator's notes 185 to 189, on the lotus leaf, the body as a city, and the lowest caste."
B06C124S40,B06C124,B06,40,20224,20277,5,70,"Translator's notes 190 to 194, on being one with Brahma, on renouncers, and on the control of the mind."
B06C124S41,B06C124,B06,41,20290,20347,5,117,"Translator's notes 195 to 199, on withdrawal from the senses, steadiness, and the restless mind."
B06C124S42,B06C124,B06,42,20360,20415,5,122,"Translator's notes 200 to 204, on the sense of ""fallen off"", ""entirely"", the Vedas, and the few who reach perfection."
B06C124S43,B06C124,B06,43,20430,20487,5,138,"Translator's notes 205 to 209, on desire, the divine desires of worshippers, and the perishable gods."
B06C124S44,B06C124,B06,44,20501,20557,5,138,"Translator's notes 210 to 214, on the ignorant, on the words adhyatman and karma, and on withdrawing the mind."
B06C124S45,B06C124,B06,45,20572,20629,5,133,"Translator's notes 215 to 219, on the regions of the world, the knowers of all, and free will."
B06C124S46,B06C124,B06,46,20643,20699,5,107,"Translator's notes 220 to 224, on the meaning of nature, reasons, and the modes of worship."
B06C124S47,B06C124,B06,47,20713,20766,5,80,"Translator's notes 225 to 229, on mantras, the return of souls, and the excellent state."
B06C124S48,B06C124,B06,48,20780,20837,5,110,"Translator's notes 230 to 234, on the Lord as creator and guide, and on devotion."
B06C124S49,B06C124,B06,49,20851,20910,5,161,"Translator's notes 235 to 239, on the Lord's manifestations, the solar gods, the Rudras and Vasus, and japa."
B06C124S50,B06C124,B06,50,20923,20983,5,208,"Translator's notes 240 to 244, on the wish-giving cow, the serpents and nagas, Rama, and the letter A."
B06C124S51,B06C124,B06,51,21000,21057,5,133,"Translator's notes 245 to 249, on the Vrihat-saman, the Lord's sustaining power, and the imperishable."
B06C124S52,B06C124,B06,52,21070,21128,5,211,"Translator's notes 250 to 254, on splendour, the divided universe, death and time."
B06C124S53,B06C124,B06,53,21147,21201,5,117,"Translator's notes 255 to 259, on the Lord as refuge, on study and sacrifice, and on the fruit of works."
B06C124S54,B06C124,B06,54,21217,21274,5,118,"Translator's notes 260 to 264, on the knower of the field, on pain and fault, and on the knowledge of truth."
B06C124S55,B06C124,B06,55,21288,21352,5,192,"Translator's notes 265 to 269, on the modifications of matter, the embodied spirit, and the Srutis."
B06C124S56,B06C124,B06,56,21365,21424,5,150,"Translator's notes 270 to 274, on destroying the self, liberation from nature, the fetters of the body, and the great principle."
B06C124S57,B06C124,B06,57,21438,21496,5,186,"Translator's notes 275 to 279, on the mind and the soul, the bodily origin of qualities, and the sacred fig tree."
B06C124S58,B06C124,B06,58,21513,21578,5,225,"Translator's notes 280 to 284, on the branches of the tree, the senses, the word atman, and Soma."
B06C124S59,B06C124,B06,59,21592,21652,5,211,"Translator's notes 285 to 289, on loss and memory, Kutastha, the thought of Krishna, and the sense of inclination."
B06C124S60,B06C124,B06,60,21670,21731,5,177,"Translator's notes 290 to 294, on the readings of Jagatas and tat, the threefold formula, and renunciation."
B06C124S61,B06C124,B06,61,21745,21801,5,216,"Translator's notes 295 to 299, on the grammar of ""whatever"", the renouncer of fruit, and the Sankhya reference."
B06C124S62,B06C124,B06,62,21822,21876,5,95,"Translator's notes 300 to 304, on egoism, the word complement, the Sankhya system, and affection."
B06C124S63,B06C124,B06,63,21890,21949,5,132,"Translator's notes 305 to 309, on unswerving devotion, clear knowledge, the reading of asamsayas, and growth."
B06C124S64,B06C124,B06,64,21963,22023,5,179,"Translator's notes 310 to 314, on Bhishma's bonds, the readings of several lines, and the sense of the first line."
B06C124S65,B06C124,B06,65,22036,22093,5,129,"Translator's notes 315 to 319, on readings of the battle verses, the drum, and the great clash of arms."
B06C124S66,B06C124,B06,66,22106,22163,5,113,"Translator's notes 320 to 324, on Abhimanyu, the iguana-skin fences, the aim of the archers, and the planets."
B06C124S67,B06C124,B06,67,22176,22230,5,134,"Translator's notes 325 to 329, on Prativindhya, Maghavat, the viparita fighting, and the repeated rallies."
B06C124S68,B06C124,B06,68,22247,22305,5,130,"Translator's notes 330 to 334, on the readings of avinitas and mahaprajna, and on the compound Talaketu."
B06C124S69,B06C124,B06,69,22319,22383,5,206,"Translator's notes 335 to 339, on Karshni, a corrupt line, the omitted slokas, and the reading of Yavana."
B06C124S70,B06C124,B06,70,22396,22449,5,84,"Translator's notes 340 to 344, on the 22nd verse, the misprint swayam, Chakrapani, and the word for the warriors."
B06C124S71,B06C124,B06,71,22463,22522,5,243,"Translator's notes 345 to 349, on the word alaghu, pleonastic epithets, Maheswara, and Bhishma's slaughter of Sweta."
B06C124S72,B06C124,B06,72,22543,22598,5,98,"Translator's notes 350 to 354, on the uselessness of regrets, the mingling of forces, and some corrected readings."
B06C124S73,B06C124,B06,73,22611,22672,5,206,"Translator's notes 355 to 359, on the rainbow and the bird, the sun, the placement of warriors, and a repeated verse."
B06C124S74,B06C124,B06,74,22689,22742,5,88,"Translator's notes 360 to 364, on the names listed earlier, the verse divisions, and the correct readings."
B06C124S75,B06C124,B06,75,22755,22809,5,91,"Translator's notes 365 to 369, on the parts of a chariot, the ebony tree, the swifter bow, and the shrouding arrows."
B06C124S76,B06C124,B06,76,22822,22875,5,97,"Translator's notes 370 to 374, on the setting sun, the true word for the oath, the Indrajala, and the Vaitarani."
B06C124S77,B06C124,B06,77,22889,22945,5,110,"Translator's notes 375 to 379, on the Bombay senamahogra, the word vyapta, the saravarani, and Salya's name."
B06C124S78,B06C124,B06,78,22957,23014,5,61,"Translator's notes on the kinds of arrows, the universal destroyer, a pleonastic phrase, and parantapa."
B06C124S79,B06C124,B06,79,23027,23082,5,193,"Translator's notes on kimpaca, the man who is never weary, the son of Yadu, and the dwarf Vamana."
B06C124S80,B06C124,B06,80,23101,23152,5,53,"Translator's notes on the word of command, real existence, the makara, and the hawk formation."
B06C124S81,B06C124,B06,81,23166,23220,5,93,"Translator's notes on the fierce battle, the Gooranamatitejasa reading, the confused directions, and Arjuna's name."
B06C124S82,B06C124,B06,82,23234,23292,5,118,"Translator's notes on a vicious line, the pronoun sa, the reading asaniparabhan, and the extra verse."
B06C124S83,B06C124,B06,83,23305,23361,5,128,"Translator's notes on a thought, the needle-mouthed column, the visravat reading, and the rathanghas."
B06C124S84,B06C124,B06,84,23375,23433,5,135,"Translator's notes on the readings of the last verse, the Saindhavas, the tatha reading, and the amitan."
B06C124S85,B06C124,B06,85,23446,23501,5,110,"Translator's notes on the path of the sun, Salya's pleasure, the Burdwan reading of Viryavat, and the dead."
B06C124S86,B06C124,B06,86,23514,23571,5,133,"Translator's notes on the three humours, Abhimanyu's refusal, the reading yada, and the word satam."
B06C124S87,B06C124,B06,87,23585,23639,5,97,"Translator's notes on the force of vain speech, the cut arrows, the setting sun, and the charioteers."
B06C124S88,B06C124,B06,88,23654,23708,5,117,"Translator's notes on the nagas, Bhima's vow, the cruel speech, and the closing words of verse 4."
B06C124S89,B06C124,B06,89,23721,23778,5,145,"Translator's notes on Vichetasa, an expanded line, the correction tridhabhutais, and the word tatra."
B06C124S90,B06C124,B06,90,23792,23847,5,106,"Translator's notes on another's field, the wind-like impact, a verse reading, and the Garuda."
B06C124S91,B06C124,B06,91,23860,23914,5,74,"Translator's notes on the duty of the warriors, the rescue of the king, and the readings of hayais."
B06C124S92,B06C124,B06,92,23927,23986,5,174,"Translator's notes on winged mountains, the vicious first line, the Burdwan reading, and the blinded cheeks."
B06C124S93,B06C124,B06,93,24002,24065,5,201,"Translator's notes on muskets, the protectors of the feet, the true word khayam, and Suyodhana."
B06C124S94,B06C124,B06,94,24078,24132,5,122,"Translator's notes on the lion, the choice of pragrihya, the hundred-slayers, and the sa-run reading."
B06C124S95,B06C124,B06,95,24148,24202,5,112,"Translator's notes on savdas, the forest lion, the eclipse, the planets, and the repeated word chamarais."
B06C124S96,B06C124,B06,96,24217,24277,5,173,"Translator's notes on the plural rathas, the phrase reached him with shafts, the word Pandupurvaja, and invincibility."
B06C124S97,B06C124,B06,97,24291,24348,5,136,"Translator's notes on the vicious mahasuram, the sex change, the word for obtaining, and Yatavrata."
B06C124S98,B06C124,B06,98,24361,24420,5,157,"Translator's notes on confusing readings, the king of the Trigartas, the Rathanika reading, and the word Arjunas."
B06C124S99,B06C124,B06,99,24433,24499,5,247,"Translator's notes on the extra lines after verse 60, the reading evam, the Brahma-danda, and the Trigartas."
B06C124S100,B06C124,B06,100,24515,24572,5,80,"Translator's notes on the Indradhwaja pole, a vicious line, the reward of bravery, and two running headings."
B06C124S101,B06C124,B06,101,24577,24577,1,2,"The colophon, which names the author as Krishna-Dwaipayana Vyasa."
B07C001S01,B07C001,B07,1,1077,1114,5,317,"Janamejaya asks about Dhritarashtra's grief after Bhishma's fall, and Dhritarashtra asks Sanjaya to report what the Kauravas did next."
B07C001S02,B07C001,B07,2,1126,1207,3,1043,"Sanjaya describes the Kauravas and Pandavas after Bhishma's fall and the call for Karna, and Dhritarashtra replies with doubt about whether Karna can hold the army together."
B07C002S01,B07C002,B07,1,1243,1363,4,1480,"Karna goes to the field after Bhishma's fall, speaks to the soldiers, consoles the Kauravas, prepares his arms and car, and rides out to battle."
B07C003S01,B07C003,B07,1,1404,1404,1,721,"Sanjaya describes Bhishma lying on the arrow-bed, and Karna dismounting in grief to greet him and vow to fight the Pandavas."
B07C004S01,B07C004,B07,1,1489,1521,2,457,"Bhishma blesses Karna and orders him to lead the army, and Karna goes to the Kaurava warriors, who welcome him with shouts and noise."
B07C005S01,B07C005,B07,1,1557,1591,4,593,"Duryodhana asks Karna whom to appoint as commander after Bhishma, and Karna names Drona as the best choice."
B07C006S01,B07C006,B07,1,1640,1672,3,347,"Duryodhana makes his request to Drona with long praise, and the Kaurava kings cheer, and Drona prepares to answer."
B07C007S01,B07C007,B07,1,1704,1845,5,1373,"Drona agrees to lead and is installed as commander, the two armies take their formations, and the battle opens with omens and Drona's assault on the Pandava ranks."
B07C008S01,B07C008,B07,1,1872,1872,1,989,"Yudhishthira orders the Pandavas to surround Drona, Drona's rampage through their ranks, and Sanjaya's report that Dhrishtadyumna killed him."
B07C009S01,B07C009,B07,1,1980,1980,1,1306,"Dhritarashtra mourns Drona, wonders how the master could be slain, and asks Sanjaya a string of questions about the battle, then pauses his questioning."
B07C010S01,B07C010,B07,1,2110,2126,2,2073,"Dhritarashtra faints, is revived by his attendants, and asks Sanjaya a long series of questions about which Kaurava warriors opposed each Pandava hero as they attacked Drona."
B07C011S01,B07C011,B07,1,2313,2313,1,1266,"Dhritarashtra praises Krishna's exploits, predicts Kaurava defeat if Krishna joins the Pandavas, blames his own acts for the ruin, and asks for a full account of the battle."
B07C012S01,B07C012,B07,1,2446,2516,3,823,"Drona offers a boon, Duryodhana asks for Yudhishthira to be seized alive, Drona agrees on conditions, and Duryodhana publicizes the pledge."
B07C013S01,B07C013,B07,1,2549,2586,3,728,"Yudhishthira hears of Drona's pledge and asks Arjuna to protect him, Arjuna vows to do so, and the armies clash while Drona attacks Dhrishtadyumna's division."
B07C014S01,B07C014,B07,1,2642,2699,2,2333,"Drona's rampage is described as a river of carnage, the Pandava champions attack him, and a series of single combats ends with the Kauravas closing in on Abhimanyu."
B07C015S01,B07C015,B07,1,2871,2882,2,894,"Dhritarashtra asks about Salya's combat with Abhimanyu, Sanjaya describes Salya and Bhima's mace duel, and the Kaurava army breaks and flees."
B07C016S01,B07C016,B07,1,2976,2976,1,1365,"Vrishasena fights off the Pandava warriors, Drona charges Yudhishthira and kills his defenders, Arjuna arrives, and the two sides break off at sunset."
B07C017S01,B07C017,B07,1,3121,3234,5,1300,"Drona asks Duryodhana to lure Arjuna away, the Trigartas swear an oath to do so, Arjuna takes up the challenge with Yudhishthira's leave, and the armies clash."
B07C018S01,B07C018,B07,1,3270,3270,1,704,"The Samsaptakas meet Arjuna in battle, he stuns them with his conch and kills Sudhanwan, and their king rallies the fleeing warriors to return to the fight."
B07C019S01,B07C019,B07,1,3355,3355,1,1001,"Arjuna and Krishna fight the Samsaptakas, using illusory weapons and a wind weapon to win, while Drona presses his assault on Yudhishthira."
B07C020S01,B07C020,B07,1,3466,3525,3,1614,"Drona arrays the Kaurava army as a Garuda, Yudhishthira prepares a counter-array and asks Dhrishtadyumna for protection, and the battle degenerates into a bloody melee that carries Drona toward Yudhishthira."
B07C021S01,B07C021,B07,1,3637,3741,2,1605,"Drona kills Satyajit and Satanika, Yudhishthira flees, and a rush of Pandava warriors fails to stop Drona as he routs their armies."
B07C022S01,B07C022,B07,1,3806,3885,5,798,"Dhritarashtra asks who stood against Drona, Duryodhana boasts to Karna of the enemy's defeat, Karna warns of the Pandava return, and both sides move back toward Drona."
B07C023S01,B07C023,B07,1,3916,4238,5,3454,"Dhritarashtra asks for the warriors who attacked Drona, Sanjaya lists them by their horses, standards and bows, and then describes the many duels that broke out across the field."
B07C024S01,B07C024,B07,1,4265,4313,3,1701,"Dhritarashtra asks about Arjuna, Sanjaya describes Bhima's fight with Duryodhana's elephants and Bhagadatta's elephant, and Bhagadatta's elephant rampages through the Pandava host."
B07C025S01,B07C025,B07,1,4443,4443,1,782,"Arjuna sets out for Bhagadatta, is challenged by the Samsaptakas, chooses to destroy them first with the Brahma weapon, earns Krishna's praise, and turns to Bhagadatta."
B07C026S01,B07C026,B07,1,4536,4536,1,745,"Arjuna defeats Susharman and his brothers, scatters the Kaurava host, and sets up a clash with Bhagadatta's elephant, where he refuses to strike from behind."
B07C027S01,B07C027,B07,1,4624,4631,2,1155,"Dhritarashtra asks how the duel ended, Sanjaya describes the fight between Arjuna and Bhagadatta, and Krishna explains the Vaishnava weapon before Arjuna kills Bhagadatta."
B07C028S01,B07C028,B07,1,4748,4780,2,998,"Arjuna kills Vrishaka and Achala, Sakuni conjures illusions that Arjuna dispels, Sakuni flees, and Arjuna's arrows cut down the Kaurava host."
B07C029S01,B07C029,B07,1,4864,4913,3,790,"Dhritarashtra asks about the Kaurava mood after the rout, Sanjaya describes the fierce struggle over Drona, and Ashvatthama kills Nila while the Pandavas lose heart."
B07C030S01,B07C030,B07,1,4966,4966,1,2140,"Bhima, Drona and the Pandava host clash in a furious melee, Arjuna arrives and fights Karna, Karna is rescued from Satyaki, and both armies withdraw at sunset."
B07C031S01,B07C031,B07,1,5174,5241,5,726,"The Kauravas retire after defeat, Duryodhana blames Drona, Drona sets up his array while the Samsaptakas draw Arjuna away, Abhimanyu breaks in and falls, and Dhritarashtra laments."
B07C031S02,B07C031,B07,2,5255,5255,1,94,Sanjaya agrees to describe the slaying of Abhimanyu in detail.
B07C032S01,B07C032,B07,1,5289,5328,4,622,"Sanjaya praises the Pandavas and Abhimanyu, Dhritarashtra asks for an account of his death, and Sanjaya describes the Kaurava circular array before the battle begins."
B07C033S01,B07C033,B07,1,5380,5440,5,652,"The Pandavas fail to break Drona's array, Yudhishthira asks Abhimanyu to do it, and Abhimanyu and the Pandava leaders agree."
B07C033S02,B07C033,B07,2,5454,5464,2,82,"Yudhishthira blesses Abhimanyu, and Abhimanyu orders his charioteer to drive toward Drona's army."
B07C034S01,B07C034,B07,1,5493,5505,2,1341,"Sumitra warns Abhimanyu against recklessness, Abhimanyu drives into Drona's array, and he cuts down warriors and beasts until the Kauravas flee in terror."
B07C035S01,B07C035,B07,1,5635,5635,1,960,"Duryodhana attacks Abhimanyu, Drona orders the king rescued, the Kaurava warriors surround Abhimanyu, and he kills and wounds his way through them until the army flees."
B07C036S01,B07C036,B07,1,5744,5775,4,588,"Dhritarashtra asks who opposed Abhimanyu, Sanjaya describes Salya's brother's death, and Abhimanyu routs the followers who come after him."
B07C037S01,B07C037,B07,1,5832,5842,2,861,"Dhritarashtra asks for the story again, Sanjaya describes Abhimanyu's rampage and Drona's praise, Duryodhana orders the attack, and Duhsasana fights Abhimanyu in a car duel."
B07C038S01,B07C038,B07,1,5933,5933,1,953,"Abhimanyu taunts and wounds Duhsasana, who is carried off, Karna challenges Abhimanyu and is stripped of his umbrella, steeds and bow, and the Pandavas rejoice."
B07C039S01,B07C039,B07,1,6040,6040,1,678,"Karna's brother is killed, Karna flees, Abhimanyu routs the Kaurava army, and the field is strewn with the dead as Abhimanyu blazes through the enemy."
B07C040S01,B07C040,B07,1,6123,6164,4,636,"Dhritarashtra asks about the Pandava pursuit, Sanjaya says Jayadratha rallied the Kauravas, and Sanjaya explains Jayadratha's austerities and the boon he received from Mahadeva."
B07C041S01,B07C041,B07,1,6216,6216,1,516,"Jayadratha, on his magnificent chariot, fights off the Pandava leaders one after another and closes the path Abhimanyu had opened."
B07C042S01,B07C042,B07,1,6286,6286,1,562,"Abhimanyu drives Vrishasena from the field, kills Vasatiya, and slaughters the warriors who surround him until the battlefield is strewn with dead."
B07C043S01,B07C043,B07,1,6361,6361,1,781,"Abhimanyu seizes Satyasravas, slays Rukmaratha and a band of princes with the Gandharva weapon, and drives Duryodhana back."
B07C044S01,B07C044,B07,1,6454,6466,2,744,"The Kaurava army flees, Drona and others attack Abhimanyu, Lakshmana is slain, and Abhimanyu breaks through the elephant division and kills Kratha's son."
B07C045S01,B07C045,B07,1,6551,6560,2,617,"Dhritarashtra asks who surrounded Abhimanyu, Sanjaya describes the six great warriors' attacks, and Abhimanyu's killings and wounds scatter the Kaurava kings."
B07C046S01,B07C046,B07,1,6637,6747,2,1174,"Abhimanyu duels Karna and kills many warriors, Drona advises disarming him, the Kauravas strip him of his bow, steeds and charioteers, and he is left to charge Drona with a wheel."
B07C047S01,B07C047,B07,1,6774,6848,2,1067,"Abhimanyu is disarmed, fights on with a mace, and is killed by Duhsasana's son, and Yudhishthira then rallies his routed troops."
B07C048S01,B07C048,B07,1,6894,6894,1,597,"The Kauravas leave the field at dusk, and Sanjaya describes the battlefield of corpses, the scavengers, the river of blood, and Abhimanyu's body."
B07C049S01,B07C049,B07,1,6970,6970,1,548,"The Pandava warriors sit mourning, Yudhishthira blames himself for Abhimanyu's death, and predicts Arjuna's vengeance on the Kauravas."
B07C050S01,B07C050,B07,1,7043,7103,5,522,"Yudhishthira laments Abhimanyu's death, Vyasa tries to console him, and Yudhishthira asks what Death is."
B07C050S02,B07C050,B07,2,7109,7154,3,683,"Vyasa tells the story of King Akampana, whose son was slain, and of Narada's account of the origin of Death."
B07C051S01,B07C051,B07,1,7200,7240,4,587,"Shiva pleads with Brahma to stop his fire, Brahma explains his anger, Shiva asks for mercy, and Brahma names Death and sets her to her task."
B07C052S01,B07C052,B07,1,7286,7390,5,1431,"Narada tells how Death pleads with Brahma, is told to kill anyway, performs austerities, is ordered again, and finally accepts, and how Narada comforts Akampana."
B07C052S02,B07C052,B07,2,7421,7421,1,225,"Vyasa tells Yudhishthira to cast off grief, recalls Abhimanyu's heavenly reward, and urges him to set out for battle."
B07C053S01,B07C053,B07,1,7468,7486,3,1419,"Yudhishthira asks for more examples, and Vyasa tells the story of Srinjaya's gold-producing son, his death at the hands of robbers, and Narada's consolation using King Marutta."
B07C054S01,B07C054,B07,1,7623,7623,1,350,"Narada recounts Suhotra's wealth, sacrifices and death, and tells Srinjaya not to grieve for a son who gave no sacrifices."
B07C055S01,B07C055,B07,1,7680,7680,1,346,"Narada recounts King Paurava's vast gifts at his sacrifices and his death, and again tells Srinjaya not to grieve for his son."
B07C056S01,B07C056,B07,1,7737,7737,1,455,"Narada recounts King Sivi's enormous gifts, Rudra's boon, and his death, and again tells Srinjaya not to grieve for his son."
B07C057S01,B07C057,B07,1,7801,7801,1,642,"Narada recounts Rama's exile, his slaying of Ravana, his golden reign and his death, and again tells Srinjaya not to grieve for his son."
B07C058S01,B07C058,B07,1,7883,7883,1,416,"Narada recounts Bhagiratha's gifts, the river Ganga choosing him as her father, and his ascent to heaven, and again tells Srinjaya not to grieve."
B07C059S01,B07C059,B07,1,7944,7944,1,254,"Narada recounts Dilipa's hundreds of sacrifices, his gift of the earth and his death, and again tells Srinjaya not to grieve."
B07C060S01,B07C060,B07,1,7992,7992,1,554,"Narada recounts Mandhatri's unusual birth, his conquests, his vast sacrifices and his death, and again tells Srinjaya not to grieve."
B07C061S01,B07C061,B07,1,8065,8065,1,287,"Narada recounts Yayati's sacrifices, his lesson that desire is never satisfied, his retreat to the forest, and his death, and again tells Srinjaya not to grieve."
B07C062S01,B07C062,B07,1,8116,8116,1,482,"Narada recounts Amvarisha's single-handed victories, his hundred sacrifices and his death, and again tells Srinjaya not to grieve."
B07C063S01,B07C063,B07,1,8185,8185,1,352,"Narada recounts Sasavindu's many sons, his vast gifts at the Horse-sacrifice, and his death, and again tells Srinjaya not to grieve."
B07C064S01,B07C064,B07,1,8241,8241,1,577,"Narada recounts Gaya's long devotion, Agni's boons, his splendid sacrifices and his death, and again tells Srinjaya not to grieve."
B07C065S01,B07C065,B07,1,8315,8315,1,586,"Narada recounts Rantideva's feeding of Brahmins, his gifts of gold, the river named after his sacrificial hides, and his death, and again tells Srinjaya not to grieve."
B07C066S01,B07C066,B07,1,8389,8389,1,502,"Narada recounts Bharata's childhood mastery over wild beasts, his many Horse-sacrifices and gifts, and his death, and again tells Srinjaya not to grieve."
B07C067S01,B07C067,B07,1,8458,8458,1,971,"Narada describes Prithu's golden reign, his milking of the Earth by all classes of beings, his great gifts, and his death, and again tells Srinjaya not to grieve."
B07C068S01,B07C068,B07,1,8563,8563,1,612,"Narada recounts Rama's campaign against the Kshatriyas, his gift of the earth to Kasyapa, his retreat to Mount Mahendra, and the fact that all such great men die, and again tells Srinjaya not to grieve."
B07C069S01,B07C069,B07,1,8641,8678,5,800,"Srinjaya's grief is lifted, Narada restores his son, Vyasa draws the lesson of Abhimanyu's death, and Yudhishthira, consoled, worries about facing Arjuna."
B07C070S01,B07C070,B07,1,8750,8902,5,2310,"Arjuna and Krishna return to camp at sunset, Arjuna finds the camp joyless and his brothers grieving, Arjuna laments Abhimanyu's death, and Krishna consoles him."
B07C071S01,B07C071,B07,1,8979,9086,4,1296,"Yudhishthira recounts Abhimanyu's death, Arjuna swoons and rises in rage, swears two oaths to kill Jayadratha, and sounds his conch."
B07C072S01,B07C072,B07,1,9122,9183,3,932,"Jayadratha, frightened by Arjuna's vow, asks to leave, Duryodhana reassures him, and that night Drona answers his question about Arjuna's skill and promises protection."
B07C073S01,B07C073,B07,1,9234,9318,2,827,"Krishna rebukes Arjuna's rash oath, spies report the Kaurava dismay, Jayadratha pleads for protection, and Drona sets up a cart-and-lotus array with six champions guarding Jayadratha."
B07C074S01,B07C074,B07,1,9345,9400,2,729,"Arjuna's boast and oath against Jayadratha, followed by his request that Krishna ready the chariot for dawn."
B07C075S01,B07C075,B07,1,9431,9459,2,729,"A night of frightening omens, and Krishna's visit to comfort the grieving women and promise Jayadratha's death."
B07C076S01,B07C076,B07,1,9521,9605,2,1255,"Subhadra's lament for Abhimanyu, the arrival of Draupadi and Uttara, and Krishna's comfort to the grieving women."
B07C077S01,B07C077,B07,1,9650,9738,2,1082,"The night before the battle: the rites in Arjuna's tent, the camp's worry, and Krishna's midnight orders to Daruka."
B07C078S01,B07C078,B07,1,9769,9921,2,1904,"Krishna's dream counsel to Arjuna, the spirit journey to Shiva's mountain, and the hymn of praise that wins the Pasupata weapon."
B07C079S01,B07C079,B07,1,9950,9950,1,728,"Shiva grants Arjuna the Pasupata weapon through the bow and arrow taken from the lake, and the pair return to camp."
B07C080S01,B07C080,B07,1,10034,10050,2,933,"Yudhishthira's morning routine of music, bathing, worship and gifts, followed by his reception of Krishna."
B07C081S01,B07C081,B07,1,10142,10142,1,715,"The assembly of warriors, Yudhishthira's plea to Krishna for help, and Krishna's promise that Arjuna will kill Jayadratha that day."
B07C082S01,B07C082,B07,1,10226,10226,1,944,"Arjuna reports his meeting with Shiva to Yudhishthira, the three heroes set out for battle, and Arjuna assigns Satyaki to protect the king."
B07C083S01,B07C083,B07,1,10332,10337,2,1402,"Dhritarashtra's grief over the silent camps, his regret over ignoring peace counsel, and his demand to hear what Duryodhana did next."
B07C084S01,B07C084,B07,1,10477,10477,1,603,Sanjaya rebukes Dhritarashtra for his late regret and blames him for failing to restrain his sons.
B07C085S01,B07C085,B07,1,10553,10595,2,810,"Drona arrays the troops and places Jayadratha behind a strong guard, and Duryodhana sees the formation and rejoices."
B07C086S01,B07C086,B07,1,10654,10727,3,1550,"The start of the battle with omens and conch blasts, Durmarshana's challenge, and Arjuna's rout of the Kaurava army."
B07C087S01,B07C087,B07,1,10818,10827,2,815,"Dhritarashtra's question about who resisted Arjuna, and Duhsasana's failed elephant charge and flight to Drona."
B07C088S01,B07C088,B07,1,10918,11002,4,1126,"Arjuna's request for Drona's blessing, their duel at the entrance of the array, and Arjuna's push forward past Drona toward Jayadratha."
B07C089S01,B07C089,B07,1,11051,11051,1,1856,"Arjuna's duels with Drona, Kritavarman, Srutayudha and Sudakshina, and the death of these allies of the Kauravas."
B07C090S01,B07C090,B07,1,11235,11235,1,1777,"Arjuna's slaughter of the Kaurava allies, his temporary collapse under a spear and Krishna's comfort, and the end of the battle at the blood river."
B07C091S01,B07C091,B07,1,11411,11510,5,1800,"Duryodhana's appeal to Drona, Drona's refusal to chase Arjuna, and Drona's blessings and story of the armour as it is tied on Duryodhana."
B07C091S02,B07C091,B07,2,11572,11588,2,316,"Drona's account of how the armour passed from Shiva to Drona, and the armoured Duryodhana setting out against Arjuna."
B07C092S01,B07C092,B07,1,11629,11760,3,1314,"The main battle at the gate of Drona's array, the Kaurava host splitting under Dhrishtadyumna's attack, and Jayadratha's rear guard."
B07C093S01,B07C093,B07,1,11787,11787,1,738,"A series of single combats across the battlefield, ending with Sakuni fleeing and the Pandava fury described as unstoppable."
B07C094S01,B07C094,B07,1,11875,11917,2,857,"The general carnage of the battle, Dhrishtadyumna's daring leap onto Drona's chariot, and Satyaki's rescue of him."
B07C095S01,B07C095,B07,1,11978,11987,2,1444,"Dhritarashtra's question, the duel between Drona and Satyaki, the cancelled celestial weapons, and the rush to rescue each champion at sunset."
B07C096S01,B07C096,B07,1,12130,12227,4,1575,"Arjuna and Krishna's advance toward Jayadratha at sunset, the slaying of Vinda and Anuvinda, and Arjuna's stand on foot against the Kaurava army."
B07C097S01,B07C097,B07,1,12298,12298,1,958,"Arjuna's stand on foot, Krishna's care for the horses, and the renewed charge toward Jayadratha with Duryodhana joining the defence."
B07C098S01,B07C098,B07,1,12404,12404,1,1139,"Arjuna and Krishna cross the divisions of Drona and the Bhojas, plan Jayadratha's death, and Duryodhana charges to block them."
B07C099S01,B07C099,B07,1,12525,12570,2,986,"Krishna's speech urging Arjuna to face Duryodhana, Arjuna's agreement, and Duryodhana's challenge to Arjuna."
B07C100S01,B07C100,B07,1,12636,12686,3,1228,"Duryodhana's armour blocks Arjuna's arrows, Aswatthaman blocks the arrows Arjuna prepares, Duryodhana is left carless, and the Kaurava forces rush to protect him."
B07C101S01,B07C101,B07,1,12770,12770,1,870,"The Kaurava champions surround Arjuna, the blasts of the conches, and Arjuna's counterattack against the eight champions."
B07C102S01,B07C102,B07,1,12869,12876,2,966,"Dhritarashtra's request, Sanjaya's list of the standards on both sides, and his blame of the king's policy for the slaughter."
B07C103S01,B07C103,B07,1,12961,12968,2,1092,"The afternoon fighting between the Panchalas and Drona's division, and Drona's defeat of Yudhishthira, which leaves the king fleeing."
B07C104S01,B07C104,B07,1,13086,13086,1,893,"A run of single combats, each won by a Pandava side or ally, ending with Drona turning on Satyaki."
B07C105S01,B07C105,B07,1,13190,13219,2,1055,"Somadatta's son is killed by the five sons of Draupadi, and Bhima's duel with the Rakshasa Alamvusha, ending with Alamvusha's retreat."
B07C106S01,B07C106,B07,1,13308,13308,1,920,"Ghatotkacha's duel with Alamvusha, the Pandava attack on Alamvusha, and Ghatotkacha's killing of him."
B07C107S01,B07C107,B07,1,13412,13418,2,2527,"Dhritarashtra asks about the Drona and Satyaki duel, the Pandava rush to save Satyaki, and Yudhishthira's appeal to Satyaki to go aid Arjuna."
B07C108S01,B07C108,B07,1,13648,13730,2,1264,"Satyaki's pledge to aid Arjuna, his worry about leaving Yudhishthira unguarded, and Yudhishthira's decision to send him onward."
B07C109S01,B07C109,B07,1,13780,13891,2,1966,"Satyaki's decision to obey Yudhishthira and follow Arjuna, his list of enemy forces, and his departure after the rites and farewell to Bhima."
B07C110S01,B07C110,B07,1,13972,14135,4,1654,"Satyaki's rout of the Kaurava troops, his clash with Drona, his escape toward Karna's host, and his duel with Kritavarman."
B07C111S01,B07C111,B07,1,14162,14265,2,2548,"Dhritarashtra's lament over his army's defeat and Sanjaya's reply blaming the king, followed by Kritavarman's one-man stand against the Pandavas."
B07C112S01,B07C112,B07,1,14405,14405,1,1366,"Satyaki's duel with Kritavarman, his rout of the Trigarta elephants, his killing of Jalasandha, and Drona's approach."
B07C113S01,B07C113,B07,1,14548,14548,1,1053,"Satyaki's clash with Drona, Duhsasana and other sons of Dhritarashtra, his wounding of Duryodhana, and his defeat of Kritavarman."
B07C114S01,B07C114,B07,1,14666,14666,1,926,"The duel between Drona and Satyaki, Satyaki's self-driving, and Drona's withdrawal to protect his array."
B07C115S01,B07C115,B07,1,14769,14769,1,672,"Satyaki's scornful remark, his killing of King Sudarsana, and his advance along Arjuna's track."
B07C116S01,B07C116,B07,1,14852,14944,4,1409,"Satyaki's advance toward the foreign troops before Jayadratha, his charioteer's reassurance, his vow, and his slaughter of the Yavanas, Kambojas and Sakas."
B07C117S01,B07C117,B07,1,15008,15008,1,1173,"Satyaki's advance through the Kaurava army, his duel with Duryodhana and the princes, and the rout of the Kaurava forces."
B07C118S01,B07C118,B07,1,15134,15159,2,1334,"Dhritarashtra's despair, Sanjaya's blame of the king, Satyaki's slaughter of the Samsaptakas and mountain tribesmen, and Drona's decision to pursue him."
B07C119S01,B07C119,B07,1,15279,15279,1,1731,"Drona's rebuke of Duhsasana, Drona's slaughter of Panchala princes, his duel with Dhrishtadyumna, and his return to his own array."
B07C120S01,B07C120,B07,1,15450,15450,1,871,"Duhsasana's failed attack on Satyaki, the Trigarta assault and its defeat, Satyaki's sparing of Duhsasana, and his advance toward Arjuna."
B07C121S01,B07C121,B07,1,15550,15614,4,1139,"Dhritarashtra's questions, Sanjaya's account of the Pandava call to arms, Duryodhana's assault on the Pandava host, and Drona's rescue of Duryodhana."
B07C122S01,B07C122,B07,1,15683,15777,3,1904,"Drona's duels with Vrihatkshatra, Dhrishtaketu and his son, Jarasandha's son, Kshatradharman and Chekitana, and Drupada's counterattack."
B07C123S01,B07C123,B07,1,15879,15879,1,1235,"Yudhishthira's anxiety about Arjuna and Satyaki, and his decision to send Bhima after them."
B07C124S01,B07C124,B07,1,16003,16051,3,1766,"Bhima's departure with Yudhishthira's blessing, his confrontation with Drona, and his killing of many of Dhritarashtra's sons."
B07C125S01,B07C125,B07,1,16188,16260,3,1274,"Bhima's mace attack, his duel with Drona and his advance through the Bhojas and Kambojas, and Yudhishthira's relief and anxious reflections."
B07C126S01,B07C126,B07,1,16328,16350,2,847,"Dhritarashtra's fearful question about who could stand against Bhima, and Karna's duel with Bhima, which Bhima wins."
B07C127S01,B07C127,B07,1,16429,16539,3,1084,"Duryodhana's appeal to Drona, Drona's plan to protect Jayadratha, and Duryodhana's fight with the two Panchala princes."
B07C128S01,B07C128,B07,1,16566,16610,3,1374,"Sanjaya introduces Karna's attack on Bhima, Dhritarashtra's questions about their fight, and the duel that leaves Karna wounded and chariot-less."
B07C129S01,B07C129,B07,1,16715,16724,2,1091,"Dhritarashtra's questions about Karna's retreat, and the renewed duel in which Bhima recalls the Kaurava wrongs and fights on until the field is strewn with dead."
B07C130S01,B07C130,B07,1,16834,16869,2,1134,"Dhritarashtra's dismay at Karna's defeats, and Sanjaya's account of the duel in which Bhima kills Durjaya and surrounds Karna with arrows."
B07C131S01,B07C131,B07,1,16957,16957,1,822,"Karna's second chariot is wrecked, Durmukha is sent to his aid and killed by Bhima, and Karna retreats wounded while Bhima stays in the field."
B07C132S01,B07C132,B07,1,17053,17119,3,967,Dhritarashtra laments Karna's defeat and blames fate; Sanjaya rebukes him and reports the deaths of five more sons at Bhima's hands.
B07C133S01,B07C133,B07,1,17168,17168,1,939,"The duel between Karna and Bhima continues: Bhima breaks Karna's bow and mace attack, kills six of Duryodhana's brothers, and the two heroes keep trading heavy wounds."
B07C134S01,B07C134,B07,1,17272,17272,1,1322,"Karna's renewed charge, Bhima killing seven more brothers and roaring in triumph, Yudhishthira's advance on Drona, and Sanjaya's blame of Dhritarashtra."
B07C135S01,B07C135,B07,1,17398,17407,2,676,"Dhritarashtra asks how the battle is going, and Sanjaya describes the carnage caused by Karna and Bhima and the rout of the Kaurava troops."
B07C136S01,B07C136,B07,1,17485,17485,1,3017,"The long duel between Karna and Bhima: both sides break bows and cars, Karna taunts the carless Bhima but spares him, and Arjuna arrives to drive Karna away and rout the Kauravas."
B07C137S01,B07C137,B07,1,17756,17780,2,792,"Dhritarashtra laments the setbacks and asks about Satyaki; Sanjaya reports Satyaki's fight with Alamvusha, the death of Alamvusha, and his attack on Duhsasana's steeds."
B07C138S01,B07C138,B07,1,17852,17852,1,904,"Satyaki cuts through the Trigarta, Surasena and Kalinga divisions to reach Arjuna, Krishna praises him, and Arjuna frets over Yudhishthira's safety and the danger to Satyaki from Bhurisravas."
B07C139S01,B07C139,B07,1,17955,18063,2,1897,"Bhurisravas and Satyaki fight with arrows, swords and wrestling until Bhurisravas grabs Satyaki by the hair, and Krishna urges Arjuna to intervene, which Arjuna does with an arrow that cuts off Bhurisravas's arm."
B07C140S01,B07C140,B07,1,18143,18269,5,1680,"Arjuna's arrow takes Bhurisravas's arm; Bhurisravas accuses Arjuna of foul play, Arjuna answers him, Bhurisravas fasts unto death, and Satyaki beheads him against the protests of others."
B07C140S02,B07C140,B07,2,18299,18321,2,369,"Satyaki defends the killing, citing the death of Abhimanyu, and the chapter closes with the silent respect shown to Bhurisravas."
B07C141S01,B07C141,B07,1,18359,18368,2,786,"Dhritarashtra asks why Satyaki was defeated, and Sanjaya gives the family history of Sini and Somadatta and the boon that explains the defeat."
B07C142S01,B07C142,B07,1,18452,18458,2,2583,"After Bhurisravas's death, Arjuna pushes toward Jayadratha, Duryodhana and Karna try to block him, Arjuna overwhelms their divisions and disables Karna, and Ashwatthaman protects the Sindhu king as the sun sinks."
B07C143S01,B07C143,B07,1,18693,19013,3,3643,"Arjuna's rampage through the Kaurava army, Krishna's illusion of sunset, Jayadratha's beheading and the curse-driven death of his father, and the night battle that follows."
B07C144S01,B07C144,B07,1,19040,19218,5,2052,"Kripa and Ashwatthaman attack Arjuna, Arjuna grieves over his wounded teacher, and Krishna tells him Satyaki can handle Karna; Dhritarashtra asks how the Satyaki-Karna duel went, and Sanjaya explains Krishna's foresight and Satyaki's new chariot."
B07C144S02,B07C144,B07,2,19228,19228,1,268,Sanjaya describes the new chariots brought to Satyaki and Karna and tallies the sons of Dhritarashtra lost so far.
B07C145S01,B07C145,B07,1,19276,19419,4,1660,"Bhima asks Arjuna to keep their vow, Arjuna answers Karna and vows to kill Vrishasena, Krishna praises Arjuna and shows him the battlefield, and Krishna tells Yudhishthira that Jayadratha is dead."
B07C146S01,B07C146,B07,1,19452,19452,1,1181,"Yudhishthira hears of Jayadratha's death and praises Krishna, Krishna and Arjuna predict the Kauravas' ruin, and Arjuna welcomes back the wounded Bhima and Satyaki."
B07C147S01,B07C147,B07,1,19570,19570,1,923,"Duryodhana grieves over Jayadratha's death and the slaughter of his army, goes to Drona, and vows to fight on to the end or die to join his fallen allies."
B07C148S01,B07C148,B07,1,19671,19690,3,1049,"Dhritarashtra asks about Duryodhana's grief, and Sanjaya reports Drona's bitter reply, his refusal to lay down arms, and his instructions to Ashwatthaman before he goes into battle."
B07C149S01,B07C149,B07,1,19771,19851,3,916,"Duryodhana blames Drona and Karna's defence follows, then the Pandava divisions advance and the battle resumes, with Sanjaya blaming Dhritarashtra's policy."
B07C150S01,B07C150,B07,1,19881,19886,2,811,"Duryodhana breaks into the Pandava host, Yudhishthira wounds him, a rumor says the king is slain, and Drona comes to Duryodhana's rescue as the battle deepens."
B07C151S01,B07C151,B07,1,19982,20001,2,969,"Dhritarashtra asks about Drona's protectors, and Sanjaya describes the Pandava divisions converging on Drona in the night and the chaotic battle that follows."
B07C152S01,B07C152,B07,1,20096,20127,2,1241,"Dhritarashtra asks about the night battle, and Sanjaya reports Drona's kills, Bhima's fist-fights with the Kalinga prince and others, and the flight of the Kaurava kings."
B07C153S01,B07C153,B07,1,20229,20488,5,2947,"Somadatta and Satyaki duel, Drona drives into the Pandava host and is met by Arjuna and Bhima, and Ghatotkacha and Ashwatthaman clash, with Ashwatthaman killing Anjanaparvan and the two trading threats."
B07C153S02,B07C153,B07,2,20495,20514,2,1814,"Duryodhana sends Sakuni against the Pandavas, Ashwatthaman destroys the Rakshasa army and kills several Pandava princes, and Ghatotkacha is struck down and carried off."
B07C154S01,B07C154,B07,1,20681,20738,2,1166,"The night fight continues: Bhima kills Valhika and many Kaurava warriors, Yudhishthira routs Kaurava divisions, and Drona and Yudhishthira duel with celestial weapons before the Kaurava host is scattered by Arjuna and Bhima."
B07C155S01,B07C155,B07,1,20812,20930,5,1838,"Duryodhana appeals to Karna, Karna boasts, Kripa mocks him and lists the Pandava allies, and Karna answers with fresh threats and insists that the outcome depends on Fate."
B07C156S01,B07C156,B07,1,21004,21047,5,407,"Ashwatthaman charges Karna over his insults to Kripa, and Duryodhana and Kripa restrain him, while Karna is forgiven."
B07C156S02,B07C156,B07,2,21058,21146,5,1611,"Karna fights the Pandavas with great skill until Arjuna disables him, Duryodhana tries to rally his forces, and Ashwatthaman and Kripa move to stop Arjuna."
B07C156S03,B07C156,B07,3,21215,21215,1,393,Duryodhana reproaches Ashwatthaman for holding back and urges him to slay the Panchalas and Somakas.
B07C157S01,B07C157,B07,1,21273,21413,2,1531,"Ashwatthaman vows to fight recklessly for Duryodhana, Dhrishtadyumna duels with him, Ashwatthaman destroys his chariot and kills many Panchalas, and the Kauravas applaud his triumph."
B07C158S01,B07C158,B07,1,21440,21440,1,446,"Yudhishthira and Bhima surround Ashwatthaman, Duryodhana joins the fight with Drona, Arjuna and Bhima hit Drona from both flanks, and the Kaurava host breaks in the dark."
B07C159S01,B07C159,B07,1,21506,21506,1,1262,"Satyaki duels Somadatta until he kills him, Yudhishthira is worn down by Drona, and Krishna urges Yudhishthira to turn to Bhima instead."
B07C160S01,B07C160,B07,1,21638,21670,3,1179,"The night battle is confused and deadly, Dhritarashtra asks how the armies could see again, and Sanjaya describes the lamps lit by both sides and the renewed battle under the glow."
B07C161S01,B07C161,B07,1,21774,21823,3,927,"The lit battlefield sees fresh combat, Arjuna breaks into the Kaurava ranks, Dhritarashtra asks about Drona's guard, and Duryodhana orders his men to protect Drona."
B07C162S01,B07C162,B07,1,21887,21887,1,937,"Yudhishthira orders an attack on Drona, the Kaurava warriors pair off against the Pandava leaders, and Kritavarman defeats Yudhishthira, who withdraws from the field."
B07C163S01,B07C163,B07,1,21996,22086,2,1574,"Satyaki kills Bhuri, Ashwatthaman and Ghatotkacha duel until Ghatotkacha is carried off, and Duryodhana fights Bhima until Bhima's mace forces him to flee, leading the Pandavas to believe he is dead."
B07C164S01,B07C164,B07,1,22157,22157,1,495,"Karna defeats Sahadeva, mocks him and spares his life for Kunti's sake, and Sahadeva withdraws from the fight."
B07C165S01,B07C165,B07,1,22224,22224,1,633,"Salya defeats Virata and Satanika, the Pandava troops flee, Alamvusha challenges Arjuna, and Arjuna overcomes him and drives on toward Drona."
B07C166S01,B07C166,B07,1,22303,22378,3,1071,"Satanika strips Chitrasena of his armour and weapons, Vrishasena defeats Drupada and drives the Panchalas off, and Duhsasana fights Prativindhya until a general melee breaks out."
B07C167S01,B07C167,B07,1,22431,22431,1,1157,"Nakula defeats Sakuni, Kripa drives back Sikhandin, and the night battle grows so confused that warriors slay their own kin."
B07C168S01,B07C168,B07,1,22555,22555,1,1684,"Dhrishtadyumna charges Drona and fights Karna and the Kaurava champions, Satyaki duels Karna and Vrishasena, Karna hears Arjuna's bowstring and urges Duryodhana to target Satyaki and Dhrishtadyumna, and Sakuni sets out against Arjuna."
B07C169S01,B07C169,B07,1,22722,22812,3,1161,"Satyaki routs Duryodhana and his allies, Sakuni and Uluka attack Arjuna and are beaten back, and Dhrishtadyumna fights Drona, while the Pandavas celebrate."
B07C170S01,B07C170,B07,1,22856,22924,2,933,"Duryodhana shames Drona and Karna into renewed battle, Drona routs the Pandava host, Krishna and Arjuna and Bhima advance on Drona and Karna, and the night battle grows fierce in the dark."
B07C171S01,B07C171,B07,1,22966,23108,5,1625,"Karna defeats Dhrishtadyumna and routs the Panchalas, Yudhishthira urges Arjuna to face Karna, Krishna sends Ghatotkacha to fight Karna, and Ghatotkacha rushes into battle against him."
B07C172S01,B07C172,B07,1,23141,23141,1,1033,"Duryodhana sends Duhsasana to guard Karna, Alamvusha is sent against Ghatotkacha, Ghatotkacha kills him and throws his head before Duryodhana, and he then advances on Karna."
B07C173S01,B07C173,B07,1,23256,23268,2,2933,"Dhritarashtra asks for a description of Ghatotkacha and his duel with Karna, and Sanjaya gives the portrait and recounts the long duel, in which Karna defeats the Rakshasa's illusions and weapons, and Ghatotkacha retreats with a threat."
B07C174S01,B07C174,B07,1,23529,23551,2,594,"Alayudha arrives to avenge his kin, asks Duryodhana for leave to fight Bhima, and sets out on a car like Ghatotkacha's to meet the Pandava kings."
B07C175S01,B07C175,B07,1,23607,23607,1,1095,"The Kauravas welcome Alayudha, Duryodhana sends him against Ghatotkacha, Krishna directs the Pandava warriors to their tasks, and Bhima fights Alayudha with maces and then fists."
B07C176S01,B07C176,B07,1,23729,23821,2,907,"Krishna sends Ghatotkacha against Alayudha, the two Rakshasas duel with illusions and weapons, Ghatotkacha kills Alayudha and throws his head before Duryodhana, and Duryodhana is dismayed."
B07C177S01,B07C177,B07,1,23848,23913,4,2077,"Ghatotkacha returns to fight Karna and kills his steeds and driver, the Kaurava army is routed by his illusions, Karna uses Indra's dart to kill Ghatotkacha, and Ghatotkacha's fall crushes many Kaurava troops."
B07C178S01,B07C178,B07,1,24061,24086,2,923,"The Pandavas mourn Ghatotkacha, Krishna rejoices and explains that Karna's dart and natural armour are gone, and he reminds Arjuna of the earlier enemies slain by means of stratagem."
B07C179S01,B07C179,B07,1,24167,24172,2,886,"Arjuna asks how the enemies were slain, and Krishna gives a long account of the deaths of Jarasandha, Ekalavya, the ruler of the Chedis and the Rakshasas, and says Karna's dart is now useless and Drona is pressing hard."
B07C180S01,B07C180,B07,1,24248,24341,5,982,"Dhritarashtra asks why Karna did not use his dart on Arjuna, Sanjaya explains the Kaurava debate about the dart and Krishna's power, and Satyaki asks Krishna about Karna's choice."
B07C180S02,B07C180,B07,2,24350,24379,2,331,"Krishna explains that the Kauravas always wanted the dart used on Arjuna and that he himself had distracted Karna, and Sanjaya notes Krishna's devotion to Arjuna."
B07C181S01,B07C181,B07,1,24408,24539,5,1646,"Dhritarashtra questions Sanjaya about Karna's unused dart, Sanjaya explains the failure, and Vyasa halts Yudhishthira's rush toward Karna."
B07C182S01,B07C182,B07,1,24587,24592,2,1354,"Yudhishthira orders a general attack on Drona, both armies tire and sleep, Arjuna calls a truce, and the battle restarts when the moon rises."
B07C183S01,B07C183,B07,1,24731,24787,4,937,"Duryodhana rebukes Drona for going easy on the Pandavas, Drona praises Arjuna and mocks Karna and the others, and the fighting resumes."
B07C184S01,B07C184,B07,1,24849,24965,4,1486,"At dawn the armies reform and fight, Arjuna breaks into the Kaurava front, Drona kills several Pandava allies, and Dhrishtadyumna and Bhima take on Drona as the sun comes up."
B07C185S01,B07C185,B07,1,25012,25111,2,1251,"After sunrise the battle grows into a vast slaughter under dust, and the main warriors pair off, with Duryodhana fighting Nakula."
B07C186S01,B07C186,B07,1,25150,25201,2,1334,"Sahadeva beheads Duhsasana's driver, Karna wrecks Bhima's car after a mace duel, and Drona and Arjuna fight a long duel that ends in a general melee."
B07C187S01,B07C187,B07,1,25291,25357,2,1647,"Duhsasana is pushed back by Dhrishtadyumna, Duryodhana and Satyaki duel while recalling their friendship, Karna and Bhima fight, and the Pandavas press on to break Drona's guard."
B07C188S01,B07C188,B07,1,25461,25559,2,1513,"Drona kills huge numbers of Panchalas, the sages urge him to lay down arms, and he asks Yudhishthira whether his son is dead."
B07C189S01,B07C189,B07,1,25620,25620,1,1396,"Dhrishtadyumna and Drona duel back and forth, Drona disarms and wounds him, Dhrishtadyumna keeps fighting with a sword, and Satyaki saves him from Drona's arrow."
B07C190S01,B07C190,B07,1,25763,25763,1,2106,"Yudhishthira sends his men against Drona, Bhima rebukes Drona, Drona lays down his arms and dies in meditation, and the army breaks up after Dhrishtadyumna kills him."
B07C191S01,B07C191,B07,1,25964,26115,4,1707,"The Kauravas flee in panic after Drona's death, Kripa explains how Drona was deceived and killed, and Aswatthama's anger flares."
B07C192S01,B07C192,B07,1,26147,26194,2,396,"Dhritarashtra asks Sanjaya how Aswatthama responded to Drona's death, praising the young man's skill and calling him a second Drona."
B07C193S01,B07C193,B07,1,26221,26221,1,1236,"Aswatthama vows vengeance on Dhrishtadyumna and the Pandavas, recounts how he inherited the Narayana weapon, and prepares to use it as the Kuru army rallies."
B07C194S01,B07C194,B07,1,26347,26412,4,1465,"The Narayana weapon brings omens, Dhritarashtra asks about the Pandava plan, Yudhishthira questions Arjuna about the rally, and Arjuna names Aswatthama and expresses his remorse over Drona."
B07C195S01,B07C195,B07,1,26507,26507,1,1300,"Bhima rebukes Arjuna for his remorse and vows to fight Aswatthama alone, Dhrishtadyumna defends his killing of Drona, and Arjuna is urged to fight."
B07C196S01,B07C196,B07,1,26636,26778,5,1780,"Dhritarashtra asks how the Pandavas reacted, Satyaki and Dhrishtadyumna trade insults, Satyaki charges, and Bhima, Sahadeva and Krishna calm the quarrel."
B07C197S01,B07C197,B07,1,26822,26822,1,1604,"Aswatthama unleashes the Narayana weapon, Yudhishthira despairs, Krishna orders the troops to disarm, and Bhima alone takes on the weapon and is overwhelmed."
B07C198S01,B07C198,B07,1,26979,27274,5,3530,"Arjuna and Krishna calm the Narayana weapon by making Bhima lay down his arms, and Aswatthama, unable to use the weapon again, renews the fight and wounds several Pandava warriors."
B07C198S02,B07C198,B07,2,27292,27489,5,2714,"Aswatthama unleashes the Agneya weapon, Arjuna counters with the Brahma weapon, and Aswatthama asks Vyasa why his weapon failed, which leads Vyasa to explain Narayana and Rudra."
B07C198S03,B07C198,B07,3,27535,27535,1,115,"Aswatthama bows to Vyasa and withdraws his army, and the chapter closes by recalling Drona's death after five days of battle."
B07C199S01,B07C199,B07,1,27571,27922,5,4322,"Dhritarashtra asks what came next, Arjuna describes the radiant figure that fought before him, and Vyasa identifies it as Siva, praises him at length, and sends Arjuna back to battle."
B07C200S01,B07C200,B07,1,27951,28009,5,144,"The end of the Drona Parva, with Sanjaya's closing benediction and the start of the footnotes."
B07C200S02,B07C200,B07,2,28022,28078,5,142,"Footnotes 3 to 7 explain a fabulous animal, the sense of a verse on grief and duty, and several variant readings."
B07C200S03,B07C200,B07,3,28092,28152,5,183,"Footnotes 8 to 12 cover a warrior's knowledge of the body, a phrase about walking behind Drona, and some textual differences."
B07C200S04,B07C200,B07,4,28166,28223,5,148,"Footnotes 13 to 17 discuss a ready instrument, Arjuna as Drona's pupil, a grammatical construction, Ajatasatru, and Ghatotkacha."
B07C200S05,B07C200,B07,5,28237,28291,5,83,"Footnotes 18 to 22 explain Hayaraja and other names, a corrupted translation, Jarasandha, and the Parijata tree."
B07C200S06,B07C200,B07,6,28304,28363,5,148,"Footnotes 23 to 27 discuss why the gods do not destroy the host, several corrupt readings, and the wordiness of comparisons."
B07C200S07,B07C200,B07,7,28376,28429,5,88,"Footnotes 28 to 32 cover the word for heroic, blows, the nishka coin, a variant reading, and the soldiers sworn to conquer or die."
B07C200S08,B07C200,B07,8,28443,28499,5,100,"Footnotes 33 to 37 deal with variant readings, possibly missing verses, and the meaning of ekacharas."
B07C200S09,B07C200,B07,9,28512,28565,5,67,"Footnotes 38 to 42 explain the half-moon shape, a cruel attack on a Brahmana, weapons, and some misprints in the Bengal texts."
B07C200S10,B07C200,B07,10,28578,28630,5,86,"Footnotes 43 to 47 note corrupt verses, a repeated verse, the sense of not abandoning comrades, and the custom of naming oneself before a fight."
B07C200S11,B07C200,B07,11,28644,28697,5,134,"Footnotes 48 to 52 cover the spelling of Draupadeyas, several verse differences, and a note on Suparva and Bhagadatta."
B07C200S12,B07C200,B07,12,28714,28766,5,125,"Footnotes 53 to 57 discuss a corrupted word, free renderings, a Bengal reading of a line, and the meaning of the summer and rainy months."
B07C200S13,B07C200,B07,13,28784,28839,5,118,"Footnotes 58 to 62 weigh textual readings, the rivalry between Nila and Aswatthaman, and the meaning of dhumaketu."
B07C200S14,B07C200,B07,14,28852,28910,5,139,"Footnotes 63 to 67 explain car parts, several kinds of arrows, and the names of drums."
B07C200S15,B07C200,B07,15,28923,28978,5,91,"Footnotes 68 to 72 cover a reading of verse 4, Duhsasana's fate according to Abhimanyu, an elephant in low ground, and car parts."
B07C200S16,B07C200,B07,16,28991,29044,5,74,"Footnotes 73 to 77 address a slightly different reading, the Kubera simile, an unclear phrase, and the verse numbering."
B07C200S17,B07C200,B07,17,29057,29110,5,76,"Footnotes 78 to 82 repeat a note on expanding a verse and correct several readings, including tree-tops."
B07C200S18,B07C200,B07,18,29123,29182,5,240,"Footnotes 83 to 87 explain ritual impurity during mourning, several verse readings, and who speaks the last verses."
B07C200S19,B07C200,B07,19,29202,29260,5,157,"Footnotes 88 to 92 cover Nilakantha's rendering, the sense of Samvarta, the word for robbers, and rivers of gold."
B07C200S20,B07C200,B07,20,29275,29332,5,121,"Footnotes 93 to 97 explain sacrifices for Kshatriyas, the Siksha branch of the Vedas, the Kshatriya term, and libations."
B07C200S21,B07C200,B07,21,29345,29408,5,189,"Footnotes 98 to 102 explain Rama's four kinds of creatures, the sacred ghats, the story of Sagara and Bhagiratha, and a corrected reading."
B07C200S22,B07C200,B07,22,29421,29474,5,67,"Footnotes 103 to 107 give literal senses, a Bombay variant, the names of sweets, and the methods of Vedic study."
B07C200S23,B07C200,B07,23,29487,29540,5,70,"Footnotes 108 to 112 explain a fee, animals slain in sacrifice, the Chumbal river, and a begging vessel."
B07C200S24,B07C200,B07,24,29553,29606,5,91,"Footnotes 113 to 117 explain a golden city, the measure of a vyama, the meaning of Kshatriya and raja, and Siva's bow."
B07C200S25,B07C200,B07,25,29619,29674,5,107,Footnotes 118 to 122 explain several terms and point out errors in Bengali translations.
B07C200S26,B07C200,B07,26,29687,29741,5,64,"Footnotes 123 to 127 explain mail-clad warriors, a reading of a line, twilight as a goddess, and the function of slaps in verse."
B07C200S27,B07C200,B07,27,29754,29810,5,101,"Footnotes 128 to 132 discuss a reading of verse 9, Karna's support for Jayadratha, a kind of car, and a musical note."
B07C200S28,B07C200,B07,28,29823,29882,5,130,"Footnotes 133 to 137 cover a misspelled word, the sense of apavritta, and wordy phrasing in the original."
B07C200S29,B07C200,B07,29,29895,29952,5,142,"Footnotes 138 to 142 note that Sanjaya sometimes fought, explain mantra-based weapons, and comment on Arjuna's speed."
B07C200S30,B07C200,B07,30,29966,30020,5,126,"Footnotes 143 to 147 include a joke that translators missed, the sense of avabhritha and praviddham, and the three cities of Tripura."
B07C200S31,B07C200,B07,31,30036,30091,5,96,"Footnotes 148 to 152 correct the reading of arka, explain golden-car owners and nidas, and compare this section with the Bhishma Parva."
B07C200S32,B07C200,B07,32,30104,30160,5,148,"Footnotes 153 to 157 explain the use of cars as weapons, the twofold fear in the Kuru ranks, a reading of Calada, and the chances of a fight."
B07C200S33,B07C200,B07,33,30175,30228,5,92,"Footnotes 158 to 162 cover a literal gloss, a better reading, corrected names, the simile of fire and wind, and a probable missing line."
B07C200S34,B07C200,B07,34,30241,30295,5,105,"Footnotes 163 to 167 explain the phrase for rage, the mountain of herbs and Hanuman, a cow's hoof, and a promise of victory."
B07C200S35,B07C200,B07,35,30310,30369,5,136,"Footnotes 168 to 172 explain Satyaki's title, an incomplete verse, a literal phrase, and yoga-based death by fasting."
B07C200S36,B07C200,B07,36,30382,30436,5,107,"Footnotes 173 to 177 explain chakram, the kavandha, a note on the scale, and differences in verse numbering."
B07C200S37,B07C200,B07,37,30451,30503,5,89,"Footnotes 178 to 182 discuss the Supreme Deity, a triplet, a literal phrase, and Duryodhana's remark about Sikhandin."
B07C200S38,B07C200,B07,38,30518,30577,5,139,"Footnotes 183 to 187 cover readings, Duryodhana's words to Drona about the Somakas, and a triplet."
B07C200S39,B07C200,B07,39,30590,30643,5,66,"Footnotes 188 to 192 explain free renderings, a simile of rays and a lake, omitted lines, and drum types."
B07C200S40,B07C200,B07,40,30656,30710,5,83,"Footnotes 193 to 197 correct readings, identify the brother of the Kalinga prince, explain patanipam, and measure a nalwa."
B07C200S41,B07C200,B07,41,30723,30777,5,66,"Footnotes 198 to 202 explain Pisachas, Ghatotkacha's family tie to Ashwatthaman, the thunder weapon, Rakshasa kinds, and Tripura."
B07C200S42,B07C200,B07,42,30790,30846,5,90,"Footnotes 203 to 207 explain asani, correct readings of a verse, Achyuta as a name of Krishna, and triplets."
B07C200S43,B07C200,B07,43,30858,30911,5,101,"Footnotes 208 to 212 note triplets, correct two readings in verse 4, and prefer Rathanaga over Naranaga."
B07C200S44,B07C200,B07,44,30925,30980,5,194,"Footnotes 213 to 217 note triplets, a changed reading of a verse, and the translator's choice of faithfulness over elegance."
B07C200S45,B07C200,B07,45,31001,31056,5,144,"Footnotes 218 to 222 correct readings, explain lokanamabhave and nalikas, and interpret Karna's name as Vaikartana."
B07C200S46,B07C200,B07,46,31072,31124,5,78,"Footnotes 223 to 227 offer readings, the sense of yena and tena, and a correction of a verse's first line."
B07C200S47,B07C200,B07,47,31137,31191,5,106,"Footnotes 228 to 232 explain verse numbering, a triplet, the sense of a head as tribute, an arani, and asaktam."
B07C200S48,B07C200,B07,48,31205,31257,5,62,"Footnotes 233 to 237 explain Rakshasa strength at certain hours, Mainaka, a new lease of life, and the word Jara."
B07C200S49,B07C200,B07,49,31270,31329,5,64,"Footnotes 238 to 241 discuss Sagadaya, the mouthless gods, and triplets, before the heading that starts Section CXCVI."
B07C200S50,B07C200,B07,50,31339,31397,5,138,"Footnotes 242 to 246 explain the nine-hour night, a thousand yamas, the moon and the lotus, the east, and Vrishodara."
B07C200S51,B07C200,B07,51,31410,31465,5,127,"Footnotes 247 to 251 correct a vocative, explain Drona's oath, mark a triplet, and discuss crooked arrows."
B07C200S52,B07C200,B07,52,31480,31536,5,135,"Footnotes 252 to 256 cover an omitted verse, living celestial weapons, the loss of both worlds, and the Brahma weapon."
B07C200S53,B07C200,B07,53,31551,31611,5,184,"Footnotes 257 to 261 explain dharmadhwajin, a corrected reading in the Venisamhara lines, and the Bali episode in Rama's story."
B07C200S54,B07C200,B07,54,31626,31685,5,176,"Footnotes 262 to 266 cover an expanded sense, Vishnu and Hiranyakasipu, the Nishadas, Satyaki's teacher, and kimpurushas."
B07C200S55,B07C200,B07,55,31700,31753,5,101,"Footnotes 267 to 271 comment on Bombay readings, Siva's epithets, and the phrase source of immortality."
B07C200S56,B07C200,B07,56,31769,31817,4,57,"Footnotes 272 to 274 explain the five qualities, the bow given to Rama, and the names for Death, before the license text begins."
B08C001S01,B08C001,B08,1,34,80,3,631,"The Kaurava camp after Drona's death, Karna's appointment and death in battle, and Janamejaya's question about Dhritarashtra's grief."
B08C002S01,B08C002,B08,1,103,168,4,708,"Sanjaya's return to Dhritarashtra, his rebuke of the king, the appeal to fate, and the king's request for the whole story."
B08C003S01,B08C003,B08,1,177,213,2,487,"The stunned Kaurava army, Duryodhana's speech urging them on, and Karna's brief command and death."
B08C004S01,B08C004,B08,1,229,263,3,395,"Dhritarashtra's collapse and revival, his question about Duryodhana, and Sanjaya's report of Karna's and Duhshasana's deaths."
B08C005S01,B08C005,B08,1,276,286,2,1458,"Dhritarashtra's request for a list of the living and dead, Sanjaya's long roll of the fallen, and his closing blame of the king."
B08C006S01,B08C006,B08,1,412,419,2,985,"Dhritarashtra asks for the names of the Pandava dead, and Sanjaya reads out a long list of those killed by the Kaurava side."
B08C007S01,B08C007,B08,1,507,583,4,906,"Dhritarashtra's despair, Sanjaya's roll of surviving Kaurava warriors, the king's conclusion about the outcome, and his collapse."
B08C008S01,B08C008,B08,1,599,607,2,832,"Janamejaya's question, and Dhritarashtra's long lament for Karna and his own grief."
B08C009S01,B08C009,B08,1,679,686,2,2507,"Sanjaya's words of comfort and Dhritarashtra's long lament, which ends in a flood of questions about Karna's death and the battle."
B08C010S01,B08C010,B08,1,893,995,5,1434,"The evening council after Drona's fall, Ashvatthama's advice, Karna's acceptance of command, and his installation and departure at sunrise."
B08C011S01,B08C011,B08,1,1035,1082,3,1055,"Dhritarashtra's question, Karna's appearance and the makara formation, and Yudhishthira's order of battle for the Pandavas."
B08C012S01,B08C012,B08,1,1136,1136,1,1140,"The general carnage, the Pandava advance, and the duel between Bhima and Kshemadhurti that ends with Kshemadhurti's death and the Kaurava rout."
B08C013S01,B08C013,B08,1,1242,1242,1,911,"The pairings of the leading warriors, Satyaki's fight with the Kaikeya brothers, and the rout of the Kaikeya army."
B08C014S01,B08C014,B08,1,1327,1327,1,874,"The duels of Srutakarman and Citrasena and of Prativindhya and Citra, the rout of the Kaurava troops, and Drona's son's solo charge at Bhima."
B08C015S01,B08C015,B08,1,1411,1411,1,1139,"The duel between Ashvatthama and Bhima, the heavenly praise for both, and the removal of the two wounded warriors by their drivers."
B08C016S01,B08C016,B08,1,1512,1519,2,1440,"Dhritarashtra's request, Arjuna's slaughter of the Samsaptakas, and Ashvatthama's challenge that draws Arjuna away to fight him."
B08C017S01,B08C017,B08,1,1645,1645,1,975,"The duel between Arjuna and Ashvatthama, Krishna's urging, Ashvatthama's withdrawal, and Arjuna's return to the Samsaptakas."
B08C018S01,B08C018,B08,1,1735,1735,1,975,"Arjuna's duel with the Magadha chief Dandadhara and his brother Danda, and the rout of the enemy elephants and troops."
B08C019S01,B08C019,B08,1,1823,1823,1,1603,"Arjuna's continued slaughter, Krishna's tour of the battlefield, and the sight of Pandya's assault on the army."
B08C020S01,B08C020,B08,1,1967,1975,2,1721,"Dhritarashtra's request, Sanjaya's account of Pandya's assault, his duel with Ashvatthama, and Pandya's death."
B08C021S01,B08C021,B08,1,2122,2133,2,1012,"Dhritarashtra's question, Krishna's warning about Yudhishthira and Karna, and the general melee in which Karna kills many Pancala and Pandava warriors."
B08C022S01,B08C022,B08,1,2220,2263,3,838,"The elephant attack on Dhrishtadyumna, the Pandava counter-attack, and the killing of the Anga and Pundra leaders and their elephants."
B08C023S01,B08C023,B08,1,2306,2306,1,503,"The duel between Sahadeva and Duhshasana, Duhshasana's retreat, and Sahadeva's attack on Duryodhana's division."
B08C024S01,B08C024,B08,1,2355,2355,1,1969,"The duel between Nakula and Karna, Karna's mercy to Nakula, and Karna's rout of the Pancala army."
B08C025S01,B08C025,B08,1,2525,2525,1,1083,"The duels of Uluka and Yuyutsu, Srutakarman and Satanika, and Shakuni and Sutasoma, and Shakuni's rout of the Pandava troops."
B08C026S01,B08C026,B08,1,2621,2664,2,886,"Kripa's fight with Dhrishtadyumna, and Kritavarma's duel with Shikhandi that drives the Pandava army from the field."
B08C027S01,B08C027,B08,1,2708,2708,1,951,"Arjuna's attack on the Trigartas and Samsaptakas, Satyasena's wound to Krishna, and Arjuna's use of the Aindra weapon."
B08C028S01,B08C028,B08,1,2796,2796,1,1201,"The duel of Yudhishthira and Duryodhana, the rescue attempt, and the general melee that ends the afternoon's fighting."
B08C029S01,B08C029,B08,1,2908,2919,2,842,"Dhritarashtra's request, the duel of Yudhishthira and Duryodhana, and Bhima's intervention to spare Duryodhana."
B08C030S01,B08C030,B08,1,2990,3089,2,1314,"Karna's counterattack, Arjuna's return and destruction of the Kaurava forces, and the close of the day."
B08C031S01,B08C031,B08,1,3112,3200,5,1861,"Dhritarashtra's question and grief, Sanjaya's rebuke, and Karna's long speech asking Duryodhana for Shalya as charioteer."
B08C031S02,B08C031,B08,2,3280,3290,2,101,Duryodhana's agreement to Karna's plan and his approach to Shalya.
B08C032S01,B08C032,B08,1,3300,3451,5,1821,"Duryodhana's request to Shalya, Shalya's angry refusal, Duryodhana's flattery, and Shalya's conditional agreement."
B08C032S02,B08C032,B08,2,3461,3461,1,26,Karna and Duryodhana accept Shalya's terms.
B08C033S01,B08C033,B08,1,3471,3621,2,1781,"Duryodhana's myth of the three Asura cities and the gods' appeal to Shiva, and a publisher's header line that closes the section."
B08C034S01,B08C034,B08,1,3631,3665,5,298,Brahma's praise of Shiva and the opening exchange in which the gods and Shiva each offer to fight with only part of their might.
B08C034S02,B08C034,B08,2,3671,3956,5,3818,"The gods' pooling of energy, the building of Shiva's chariot, the drive against the three cities, Duryodhana's appeal to Shalya, and the story of Rama's weapons."
B08C034S03,B08C034,B08,3,3999,3999,1,247,Duryodhana's claim that Rama taught Karna the use of weapons and that Karna is of noble birth.
B08C035S01,B08C035,B08,1,4026,4102,5,1038,"Duryodhana's appeal by the story of Brahma and Rudra, Shalya's warnings, Duryodhana's praise of Karna, and Shalya's conditional acceptance."
B08C035S02,B08C035,B08,2,4125,4146,4,246,"Shalya's acceptance and self-praise, and Karna's brief reply."
B08C036S01,B08C036,B08,1,4163,4243,5,834,"Duryodhana's praise of Shalya, the dawn departure, Duryodhana's exhortation, and Shalya's rebuke of Karna."
B08C036S02,B08C036,B08,2,4246,4246,1,1,Karna's order to proceed.
B08C037S01,B08C037,B08,1,4256,4388,5,1492,"The omens, Karna's boast and the words of Shalya and Karna."
B08C037S02,B08C037,B08,2,4395,4395,1,92,Karna's advance toward the Pandava army in search of Arjuna.
B08C038S01,B08C038,B08,1,4411,4411,1,703,"Karna's offer of rewards to any Pandava who will point out Arjuna, the cheering Kaurava army, and Shalya's mockery."
B08C039S01,B08C039,B08,1,4474,4509,3,1030,"Shalya's warning about Karna's gifts and challenge, Karna's refusal to give way, and Shalya's long comparisons mocking Karna's courage."
B08C040S01,B08C040,B08,1,4569,4575,2,1626,"Karna's angry reply, his boast of a special shaft, his abusive attack on the Madrakas, and his order to proceed."
B08C041S01,B08C041,B08,1,4706,4834,3,2400,"Shalya's fable of the crow and the swan, and his application of it to Karna's pride and past defeats."
B08C042S01,B08C042,B08,1,4911,4911,1,1812,"Karna's reply to Shalya, his recollection of Rama's curse and the calf curse, and his vow to fight Arjuna with the brahmastra."
B08C043S01,B08C043,B08,1,5064,5064,1,294,"Karna's reply to Shalya, in which he refuses to be frightened and explains why Shalya's life is spared."
B08C044S01,B08C044,B08,1,5094,5106,3,1317,"Shalya's brief dismissal, and Karna's long quotation of Brahmanas' tales that denounce the Vahikas, Arattas and Madrakas."
B08C045S01,B08C045,B08,1,5216,5340,3,1483,"Karna's further quotations on the Vahikas, Madrakas and other peoples, Shalya's reply, and Duryodhana's intervention that ends the quarrel."
B08C046S01,B08C046,B08,1,5353,5446,5,1964,"Karna's formation and attack on Yudhishthira, Dhritarashtra's question, the list of the two armies' positions, Yudhishthira's assignments, and Shalya's warning about Arjuna's approach."
B08C046S02,B08C046,B08,2,5537,5537,1,326,Shalya's reply to Karna's boast and the mingling of the two armies.
B08C047S01,B08C047,B08,1,5572,5580,2,609,"Dhritarashtra's request, the Samsaptaka attack on Arjuna, the wider battle, and Karna's slaughter of the Pandava forces."
B08C048S01,B08C048,B08,1,5636,5644,2,1698,"Dhritarashtra's question, and Sanjaya's account of Karna's slaughter, the duels of Karna's sons with the Pandavas, and Karna's advance toward Yudhishthira."
B08C049S01,B08C049,B08,1,5791,5791,1,2474,"Karna's advance through the Pandava host, his duel with Yudhishthira, Yudhishthira's flight, Shalya's warning, and the bloody general fighting that follows."
B08C050S01,B08C050,B08,1,6006,6077,4,1185,"The flight of the Kaurava army, Bhima's challenge to Karna, the taunts between Karna and Shalya, and Karna's defeat by Bhima."
B08C051S01,B08C051,B08,1,6120,6284,3,2033,"Dhritarashtra's question, Duryodhana's brothers' defence of Karna, the renewed duel of Karna and Bhima, and the general melee that follows."
B08C052S01,B08C052,B08,1,6304,6304,1,1020,"The general carnage of men and animals, the bloody rivers, the carrion creatures, and the collapse of the Kaurava army."
B08C053S01,B08C053,B08,1,6400,6400,1,1044,"Arjuna's fight against Susharma and the Samsaptakas, the Naga and Sauparna weapons, and the slaughter that follows the Aindra weapon."
B08C054S01,B08C054,B08,1,6496,6563,2,1006,"The Kaurava leaders rally, Kripa's duel with Shikhandi and the killing of Suketu, and Dhrishtadyumna's duel with Kritavarma."
B08C055S01,B08C055,B08,1,6595,6595,1,1018,"Ashvatthama's arrow storm against the Pandavas, his duel with Satyaki and the others, Yudhishthira's rebuke, and Yudhishthira's withdrawal toward the Kaurava army."
B08C056S01,B08C056,B08,1,6688,6829,3,3789,"The long battle sequence in which Duryodhana, Dhrishtadyumna, Karna, Bhimasena, Arjuna and Ashvatthama all take turns gaining and losing ground, ending with Yudhishthira withdrawing wounded."
B08C057S01,B08C057,B08,1,7019,7019,1,499,"Duryodhana's speech to Karna and the other kings, Ashvatthama's vow of vengeance against Dhrishtadyumna, and the general clash of the two armies as the gods and heavenly beings look on."
B08C058S01,B08C058,B08,1,7068,7068,1,1226,"Arjuna asks Krishna to find Yudhishthira, Krishna describes the carnage on the field, and the battle resumes as the armies clash again."
B08C059S01,B08C059,B08,1,7183,7330,2,1628,"Karna's single-handed stand against the Pandava leaders, Ashvatthama's attack on Dhrishtadyumna, Arjuna's rescue of him, and Krishna's turn toward the samsaptakas."
B08C060S01,B08C060,B08,1,7340,7527,2,2230,"Krishna points out Yudhishthira's danger and Karna's advance, urges Arjuna to attack Karna, and reports that Bhima has the Kaurava army in retreat. Sanjaya then reports Arjuna's success against the samsaptakas."
B08C061S01,B08C061,B08,1,7542,7653,5,1645,"Dhritarashtra's question, the paired duels across the battlefield, and the individual clashes between Nakula and Vrishasena, Sahadeva and Uluka, Satyaki and Shakuni, and Bhima against the Kuru elephant divisions."
B08C062S01,B08C062,B08,1,7708,7708,1,773,"Duryodhana's attack on Yudhishthira, Karna's single-handed defense against the rescuers, Yudhishthira's retreat, and Duryodhana's clash with Bhima."
B08C063S01,B08C063,B08,1,7784,7784,1,936,"Karna's assault on the Kaikayas and Yudhishthira's retreat, Shalya's advice to Karna, and Yudhishthira's withdrawal to the camp, where he orders the twins to help Bhima."
B08C064S01,B08C064,B08,1,7871,7871,1,1750,"The Arjuna and Ashvatthama duel, the rout of the Kaurava army, Karna's use of the Bhargava weapon, and Arjuna's decision to search for Yudhishthira."
B08C065S01,B08C065,B08,1,8025,8067,3,619,"Arjuna's search for Yudhishthira, his argument with Bhima over who should go, Krishna's decision to take Arjuna to the king, and the reunion in the camp."
B08C066S01,B08C066,B08,1,8092,8092,1,1479,"Yudhishthira's welcome to Krishna and Arjuna, his account of his humiliation by Karna, and his demand to hear how Karna was slain."
B08C067S01,B08C067,B08,1,8216,8216,1,796,"Arjuna's account of his battle with Ashvatthama and the samsaptakas, his request for guards, and his vow to kill Karna and asks for a blessing."
B08C068S01,B08C068,B08,1,8288,8288,1,892,"Yudhishthira's reproach to Arjuna for deserting Bhima and failing to kill Karna, his recollection of the heavenly prophecy, and his scornful words about Arjuna's weapons and car."
B08C069S01,B08C069,B08,1,8365,8524,5,2292,"Arjuna's sword is drawn against Yudhishthira, Krishna's rebuke and explanation of dharma through the Valaka and Kausika stories, and Krishna's advice on how Arjuna can keep his vow without killing his brother."
B08C070S01,B08C070,B08,1,8570,8691,4,2047,"Arjuna's harsh speech to Yudhishthira, his shame and attempted self-harm, Krishna's intervention, Arjuna's boast of his feats, Yudhishthira's offer to leave, and the reconciliation."
B08C071S01,B08C071,B08,1,8750,8828,5,930,"Krishna urges Arjuna to make peace with Yudhishthira, the brothers reconcile, Arjuna swears a solemn vow to kill Karna, and Yudhishthira forgives him and sends him to battle."
B08C071S02,B08C071,B08,2,8840,8840,1,82,Yudhishthira's blessing on Arjuna as he sets out to kill Karna.
B08C072S01,B08C072,B08,1,8854,8890,2,1092,"Arjuna orders his chariot readied, Krishna has Daruka yoke the horses, omens of victory appear, and Krishna warns Arjuna about Karna's strength."
B08C073S01,B08C073,B08,1,8955,8955,1,3152,"Krishna's long speech reviewing the war, the deaths of Bhishma, Drona and others, Karna's crimes against the Pandavas, and his urging of Arjuna to kill Karna."
B08C074S01,B08C074,B08,1,9228,9228,1,1341,"Arjuna's vow and long boast that he will slay Karna that day, followed by his departure to rescue Bhima."
B08C075S01,B08C075,B08,1,9341,9353,4,601,"Dhritarashtra's question, and Sanjaya's account of the many duels across the field, including Sushena's death, Kripa's rescue by Drona's son, and Bhima's advance."
B08C076S01,B08C076,B08,1,9411,9538,5,1392,"Bhima drives into the Kaurava host, asks Visoka how many weapons he has left, and learns that Arjuna is coming, which brings him relief and a reward."
B08C077S01,B08C077,B08,1,9549,9549,1,1988,"Arjuna's advance and slaughter of the Kaurava warriors, Bhima's great rampage and river of blood, Shakuni's defeat by Bhima, and the Kaurava army rallying around Karna."
B08C078S01,B08C078,B08,1,9723,9739,2,1584,"Dhritarashtra's question about what the Kaurava leaders did, and Sanjaya's account of Karna's assault on the Pandava army, with Shalya driving."
B08C079S01,B08C079,B08,1,9866,9957,4,2633,"Arjuna's river of blood and his order to drive toward Karna, Shalya's warning and Karna's answer, Karna's recounting of Arjuna's feats, his command to block Arjuna, and the general clash as Arjuna cuts down his attackers."
B08C080S01,B08C080,B08,1,10104,10158,2,795,"Arjuna's rescue of Bhima and rout of the Kaurava host, his report that Yudhishthira is well, and his destruction of ten of Duryodhana's brothers."
B08C081S01,B08C081,B08,1,10184,10184,1,1370,"Arjuna destroys the ninety Samsaptaka chariots and the Mleccha elephant force, Bhima's mace rampage, the Kaurava rout, and Karna's stand as the protector of the fleeing Kauravas."
B08C082S01,B08C082,B08,1,10312,10312,1,1374,"Karna's slaughter of the Pancala commanders and Prasena, Krishna's order to Arjuna, the duel of Karna with the five Pancala commanders, Satyaki's fight, and the clash of Bhima and Duhshasana."
B08C083S01,B08C083,B08,1,10436,10436,1,1321,"Duhshasana's duel with Bhima, Bhima's killing of Duhshasana and his vow-fulfilling drink of blood, the flight of the Kaurava warriors, and Bhima's vow against Duryodhana."
B08C084S01,B08C084,B08,1,10554,10554,1,1339,"Arjuna's destruction of ten Kaurava brothers, Shalya's encouragement of Karna, Vrishasena's duel with Nakula, and Arjuna's move against Vrishasena."
B08C085S01,B08C085,B08,1,10678,10809,2,1525,"The general clash that follows Nakula's defeat, Arjuna's vow against Vrishasena, Arjuna's killing of Vrishasena, and Karna's rush toward Arjuna and Krishna."
B08C086S01,B08C086,B08,1,10819,10858,2,621,"Krishna's speech urging Arjuna to face Karna with calm, and Arjuna's reply vowing victory before he drives toward Karna."
B08C087S01,B08C087,B08,1,10881,11118,3,3045,"The two chariots meet, the armies and the gods take sides, and Krishna and Arjuna exchange words before the duel begins."
B08C088S01,B08C088,B08,1,11155,11155,1,1378,"The great clash of Arjuna and Karna with the gods watching, Arjuna's defeat of the Kaurava leaders, Ashvatthama's plea for peace, and Duryodhana's refusal."
B08C089S01,B08C089,B08,1,11278,11332,5,541,"The opening clash of Arjuna and Karna, the cosmic weapons contest, Bhima's and Krishna's urging of Arjuna, and Arjuna's decision to use the brahmastra."
B08C089S02,B08C089,B08,2,11342,11378,4,2984,"Arjuna's and Karna's escalating weapons exchange, the battle's slaughter, Yudhishthira's arrival, and Karna's last stand against the Kaurava retreat."
B08C090S01,B08C090,B08,1,11611,11794,2,4237,"The Arjuna and Karna duel, the serpent-arrow episode, the loss of Arjuna's diadem, Karna's sinking chariot and his plea for a pause, and Krishna's urging."
B08C091S01,B08C091,B08,1,11970,12014,2,2285,"Krishna's rebuke of Karna's hypocrisy, Karna's near-victory and wounding of Arjuna, Arjuna's destruction of Karna's standard, the fatal arrow, and the Kaurava flight after Karna's death."
B08C092S01,B08C092,B08,1,12170,12170,1,511,"The reaction to Karna's death, Shalya's words of consolation to Duryodhana, and Duryodhana's grief."
B08C093S01,B08C093,B08,1,12220,12354,3,1529,"Dhritarashtra's question, Sanjaya's description of the Kaurava rout, the slaughter of the foot soldiers by Bhima, and Duryodhana's failed attempt to rally his men."
B08C094S01,B08C094,B08,1,12364,12557,4,2445,"Shalya's description of the battlefield and his plea to Duryodhana, Duryodhana's grief, the Kauravas' return to camp, the portents and Karna's corpse, and Arjuna and Krishna's conch blasts."
B08C095S01,B08C095,B08,1,12588,12588,1,398,"The Kaurava flight and retreat to camp after Karna's death, with Duryodhana arranging the withdrawal on Shalya's advice."
B08C096S01,B08C096,B08,1,12631,12782,5,1630,"Krishna's words to Arjuna, the report to Yudhishthira and his praise of the two heroes, the Pandava celebration, Dhritarashtra's grief, and the closing account of the Parva's merit."
B08C096S02,B08C096,B08,2,12786,12794,3,5,Edition title lines for the Mahabharata by Krishna-Dwaipayana Vyasa.
B09C001S01,B09C001,B09,1,30,123,4,1359,"Janamejaya asks what the surviving Kauravas did after Karna's fall. Vaishampayana tells how Shalya is killed, Duryodhana dies in the lake, and Sanjaya brings the news to Dhritarashtra, who faints and is comforted by Vidura."
B09C002S01,B09C002,B09,1,162,279,4,1723,"Dhritarashtra grieves for his sons, blames destiny for their deaths, and asks Sanjaya to describe the battle and the new commander's fate in detail."
B09C003S01,B09C003,B09,1,316,316,1,1595,"Sanjaya tells how the Kaurava troops, leaderless after Karna's fall, are routed by the Pandavas and their allies, and how Duryodhana urges his men to stand and fight."
B09C004S01,B09C004,B09,1,456,456,1,1370,"Kripa, grieving over the battlefield, argues that the war is lost and advises Duryodhana to seek peace with Yudhishthira."
B09C005S01,B09C005,B09,1,574,615,2,1388,"Duryodhana refuses peace, rehearses the grievances of the Pandavas and his own pride, and declares he will die fighting; the Kauravas camp near the field, resolved to continue the war."
B09C006S01,B09C006,B09,1,698,772,4,844,"The Kauravas spend the night in the hills, Duryodhana asks Ashvatthama to name a commander, Ashvatthama proposes Shalya, and Shalya accepts the post."
B09C007S01,B09C007,B09,1,785,832,3,1138,"Shalya is installed as commander with rites and praise, boasts of his power, and the Pandavas respond when Krishna urges Arjuna to kill him."
B09C008S01,B09C008,B09,1,892,931,5,374,"The Kauravas arm, pledge to fight together under Shalya, and the Pandavas form up to meet them, while Dhritarashtra asks how Shalya and Duryodhana were slain."
B09C008S02,B09C008,B09,2,937,989,5,511,"Sanjaya describes Shalya's array and the Pandava divisions attacking different parts of the Kaurava force, and Dhritarashtra asks for the relative strength of the armies."
B09C008S03,B09C008,B09,3,992,998,2,200,"Sanjaya gives the numbers of cars, elephants, horses and foot-soldiers on each side, and the battle begins at dawn."
B09C009S01,B09C009,B09,1,1022,1022,1,1152,"Sanjaya describes the fierce, chaotic fighting between the Kurus and the Srinjayas, the heaps of dead, and the Kaurava rout after Bhima and Arjuna's attack."
B09C010S01,B09C010,B09,1,1130,1148,2,1639,"Shalya blocks the Pandava advance, Nakula defeats Karna's three sons one after another, and the armies clash in a general, bloody battle."
B09C011S01,B09C011,B09,1,1277,1316,4,1575,"Sanjaya describes the chaotic morning battle: Shalya attacks the Pandavas, omens appear, the Kaurava leaders protect Shalya, and Bhima fights Shalya with his mace."
B09C012S01,B09C012,B09,1,1429,1429,1,1624,"Shalya and Bhima fight a mace duel to a stand-off, Kripa removes Shalya, and the general battle continues with Chekitana's death and a duel between Shalya and Yudhishthira."
B09C013S01,B09C013,B09,1,1572,1572,1,1209,"Five Pandava warriors attack Shalya at once, he blocks every attack, and Yudhishthira fears for his army as Shalya's arrows fill the sky."
B09C014S01,B09C014,B09,1,1681,1681,1,1180,"Arjuna clashes with Ashvatthama, who first blocks him and then kills Suratha, and Arjuna fights on against the Kaurava forces at noon."
B09C015S01,B09C015,B09,1,1788,1788,1,1049,"Shalya breaks Nakula's bow and then turns back Yudhishthira, Bhima, Sahadeva and Satyaki in turn, and his duel with Satyaki leaves the Pandavas struggling."
B09C016S01,B09C016,B09,1,1884,2031,2,1667,"Shalya leads the Kaurava advance against the Pandavas, Yudhishthira vows to kill him, and their duel leaves Shalya's chariot broken so that Ashvatthama must carry him away."
B09C017S01,B09C017,B09,1,2041,2185,2,2910,"Shalya and Yudhishthira duel fiercely until Yudhishthira's dart kills Shalya, after which Shalya's brother falls, Satyaki and Kritavarma fight, and the Kaurava army flees."
B09C018S01,B09C018,B09,1,2292,2341,3,955,"The Madrakas attack after Shalya's death, Duryodhana and Shakuni argue about the rescue, and the Pandavas defeat the Madrakas and the Kauravas flee."
B09C019S01,B09C019,B09,1,2388,2388,1,1656,"After Shalya's fall the Kaurava army breaks, Duryodhana urges his men to make a stand, and Bhima destroys the foot-soldiers who attack him."
B09C020S01,B09C020,B09,1,2533,2533,1,901,"Salwa's elephant routs the Pandava army, Dhrishtadyumna attacks it and is nearly crushed, and Satyaki kills Salwa after the elephant is slain."
B09C021S01,B09C021,B09,1,2615,2615,1,873,"Kritavarma rallies the Kaurava army and fights Satyaki, who defeats him, and Duryodhana holds the field alone as the army retreats."
B09C022S01,B09C022,B09,1,2696,2696,1,1250,"Duryodhana holds the field alone until his men return, and the battle breaks into many single combats across the field at noon."
B09C023S01,B09C023,B09,1,2808,2808,1,2215,"The Kauravas rally, Shakuni attacks the Pandava rear, and the battle becomes a wide and terrible carnage, after which Shakuni retreats with a small force and the fighting continues in disorder."
B09C024S01,B09C024,B09,1,3003,3109,2,1638,"Shakuni urges the Kaurava warriors forward, Arjuna blames Duryodhana for the endless war and vows to kill everyone, and Arjuna drives into the enemy host with Krishna and destroys it with his arrows."
B09C025S01,B09C025,B09,1,3152,3152,1,1371,"Arjuna scatters the Kaurava army, Duryodhana loses his chariot and flees, Bhima and Arjuna destroy the elephant force, and Ashvatthama and his companions go looking for Duryodhana."
B09C026S01,B09C026,B09,1,3278,3278,1,974,"Duryodhana's brothers rush Bhima, Bhima kills them one after another, and then he mows down the Kaurava army until very few are left."
B09C027S01,B09C027,B09,1,3367,3367,1,1338,"Krishna and Arjuna plan the attack on Duryodhana, Arjuna cuts down the Trigarta leaders and the cavalry, and Bhima kills Sudarsana while the fighting spreads."
B09C028S01,B09C028,B09,1,3488,3488,1,1694,"Sahadeva fights Shakuni and Uluka, Duryodhana rallies the troops, Sahadeva kills Uluka and then Shakuni, and the Kauravas flee while the Pandavas celebrate."
B09C029S01,B09C029,B09,1,3638,3695,4,2587,"Duryodhana's last army is destroyed and he hides in a lake, Sanjaya is released and reports to Duryodhana, and the camp and capital are thrown into panic and grief."
B09C030S01,B09C030,B09,1,3870,3918,4,1725,"Dhritarashtra asks what the surviving Kaurava warriors did, Sanjaya describes their visit to the hidden Duryodhana, the huntsmen's tip-off, the Pandava arrival at the lake, and the three warriors' departure."
B09C031S01,B09C031,B09,1,4031,4120,5,971,"Yudhishthira and Krishna reach the enchanted lake, Krishna urges cunning, and Yudhishthira taunts Duryodhana, who answers from the water."
B09C031S02,B09C031,B09,2,4126,4216,5,1031,"Duryodhana says he hid only from exhaustion and then offers the earth to the Pandavas, but Yudhishthira refuses to accept a gift and reminds him of the past wrongs done to them."
B09C032S01,B09C032,B09,1,4226,4285,5,671,"Dhritarashtra asks how Duryodhana answered the taunts, Duryodhana protests that he is alone and offers a fight, and Yudhishthira agrees to a one-on-one contest."
B09C032S02,B09C032,B09,2,4296,4361,5,725,"Duryodhana chooses the mace, rises from the lake, and challenges the Pandavas to a one-on-one mace duel, and Yudhishthira urges him to fight."
B09C032S03,B09C032,B09,3,4373,4394,2,470,"Yudhishthira rebukes Duryodhana for the killing of Abhimanyu and again offers the kingship to the winner, and Duryodhana arms himself and challenges the brothers to fight."
B09C033S01,B09C033,B09,1,4421,4534,4,1577,"Krishna questions Yudhishthira's rash offer, Bhima accepts the challenge and recounts the Kauravas' wrongs, and Duryodhana answers with boasts and defiance before the duel."
B09C034S01,B09C034,B09,1,4566,4566,1,517,"Balarama arrives at the battlefield, is greeted with honour by the Pandavas and Krishna, and takes his seat to watch the duel between Bhima and Duryodhana."
B09C035S01,B09C035,B09,1,4618,4719,5,1057,"Janamejaya asks about Balarama's absence, and Vaishampayana tells how Balarama left the war, made a pilgrimage along the Sarasvati with many gifts, and began to describe its sacred sites."
B09C035S02,B09C035,B09,2,4726,4726,1,1193,"Vaishampayana tells how Daksha cursed Soma with wasting for favouring Rohini, how the gods pleaded for him, and how Soma was restored by bathing at Prabhasa, which gave the place its name."
B09C036S01,B09C036,B09,1,4830,4851,3,1405,"Balarama visits Udapana, Vaishampayana tells the story of Trita, the sage abandoned by his brothers and rescued by the Sarasvati, and Balarama moves on."
B09C037S01,B09C037,B09,1,4961,5052,3,1678,"Balarama visits a series of holy sites along the Sarasvati, gives gifts at each, and sees the river turn east to make room for the Naimisha sages, before he reaches Sapta-Saraswat."
B09C038S01,B09C038,B09,1,5119,5222,3,1520,"Vaishampayana names the seven forms of the Sarasvati, tells of her appearances at sacrifices, and then narrates Mankanaka's story, including his dance and his lesson from Mahadeva."
B09C039S01,B09C039,B09,1,5258,5284,3,956,"Balarama visits Usanas and Kapalamochana, Janamejaya asks about it, Vaishampayana tells the story of Mahodara's release, and Balarama moves on to Rushangu's asylum and other holy places."
B09C040S01,B09C040,B09,1,5352,5360,2,825,"Janamejaya asks about the Brahmana-hood of several sages, and Vaishampayana describes Arshtishena's penance and boons and Vishvamitra's rise from king to Brahmana."
B09C041S01,B09C041,B09,1,5432,5496,2,1037,"Balarama visits Vaka's asylum, Vaishampayana tells how Vaka's curse on Dhritarashtra's kingdom was lifted, and then tells of other sacrifices there before Balarama moves on."
B09C042S01,B09C042,B09,1,5531,5585,3,980,"Janamejaya asks about the feud, and Vaishampayana describes the rivalry, the Sarasvati's flight with Vasishtha, and Vishvamitra's curse on the river."
B09C043S01,B09C043,B09,1,5629,5708,5,1052,"The sages purify the Sarasvati, the Rakshasas are freed, and Indra bathes at the Aruna confluence to be cleansed of killing Namuchi."
B09C043S02,B09C043,B09,2,5741,5741,1,149,"Balarama bathes at the Soma tirtha, a site linked to Skanda's victory over Taraka and his command of the gods' army."
B09C044S01,B09C044,B09,1,5761,5773,2,1388,"Janamejaya asks about Skanda's investiture, and Vaishampayana describes his birth, his nurture by the Krittikas, the gods' gathering, and his appointment as commander at the Sarasvati."
B09C045S01,B09C045,B09,1,5887,5887,1,2592,"The gods and sages perform the installation rites for Skanda, each god gives him attendants, and a vast crowd of strange followers gathers around him."
B09C046S01,B09C046,B09,1,6122,6134,5,57,Vaishampayana introduces the mother goddesses who joined Kartikeya and begins to list their names.
B09C046S02,B09C046,B09,2,6137,6149,5,32,The list of mother goddesses continues.
B09C046S03,B09C046,B09,3,6152,6164,5,30,The list of mother goddesses continues.
B09C046S04,B09C046,B09,4,6167,6179,5,36,The list of mother goddesses continues.
B09C046S05,B09C046,B09,5,6182,6194,5,30,The list of mother goddesses continues.
B09C046S06,B09C046,B09,6,6197,6209,5,29,The list of mother goddesses continues.
B09C046S07,B09C046,B09,7,6212,6224,5,31,The list ends with a final group of names.
B09C046S08,B09C046,B09,8,6230,6276,5,640,"The mothers are described, their forms and powers, and the gifts the gods give Skanda, including a dart, a banner and an army."
B09C046S09,B09C046,B09,9,6298,6338,5,437,"Skanda sets out with his host and the gods' musicians, is granted a boon, and his army rushes at the Daityas, who flee."
B09C046S10,B09C046,B09,10,6353,6416,5,744,Skanda kills Taraka and other Daitya chiefs and pierces Mount Krauncha to slay Vana and the Daityas who fled there.
B09C046S11,B09C046,B09,11,6431,6431,1,192,"Vaishampayana closes the account of Skanda's installation and tells how Balarama bathes at Taijasa, where Varuna was installed."
B09C047S01,B09C047,B09,1,6454,6500,4,830,"Janamejaya asks about Varuna's installation, Vaishampayana describes the gods' decision and Agni's hiding, and Balarama visits several holy places."
B09C048S01,B09C048,B09,1,6542,6683,3,1770,"Sruvavati's penance, her test by Indra in disguise, Indra's boon and the sanctity of Vadarapachana, the story of Sruvavati's birth, and Balarama's move on to Sakta."
B09C049S01,B09C049,B09,1,6703,6703,1,632,"Balarama bathes at Indra's tirtha, Rama's tirtha, the Yamuna and the Aditya tirtha, giving gifts at each, and names the sages who dwell at the last."
B09C050S01,B09C050,B09,1,6766,6881,4,1688,"Devala's householder life and his guest Jaigishavya, Devala's flight through the heavens, the Siddhas' report, Devala's choice to follow the path of liberation, and Balarama's departure."
B09C051S01,B09C051,B09,1,6928,6981,5,673,"Balarama visits Sarasvata's tirtha, and Vaishampayana tells how Dadhichi's seed, held by the river Sarasvati, became her son Sarasvata."
B09C051S02,B09C051,B09,2,6999,7063,5,724,"Indra needs Dadhichi's bones for a weapon, the sages are starving in the drought, and Sarasvata feeds and teaches them until they honour him as their teacher."
B09C052S01,B09C052,B09,1,7079,7120,5,416,"Janamejaya asks about the maiden, Vaishampayana describes her penance, Narada's words, and her offer of half her merit to a husband."
B09C052S02,B09C052,B09,2,7130,7159,4,328,"The marriage of one night, the maiden's departure to heaven, Sringavat's death, and Balarama's news of the war."
B09C053S01,B09C053,B09,1,7176,7191,3,713,"The sages tell Rama how Kuru ploughed the field and how Indra promised heaven to those who died there, and they describe its sanctity."
B09C054S01,B09C054,B09,1,7249,7327,3,1044,"Balarama visits hermitages and tirthas, meets Narada, hears of the war and Duryodhana's challenge, and sets out for the field."
B09C055S01,B09C055,B09,1,7353,7364,3,1104,"Dhritarashtra asks how the mace duel went, and Sanjaya describes Balarama's arrival, the honours shown to him, the preparations, and the two heroes facing each other while the crowd gathers to watch."
B09C056S01,B09C056,B09,1,7461,7476,2,1205,"Dhritarashtra grieves over his son's humbling, Sanjaya describes the omens, and the two champions trade boasts and insults before they fight."
B09C057S01,B09C057,B09,1,7567,7708,2,1749,"The mace duel between Duryodhana and Bhima rages, with each knocking the other down in turn, until Bhima gets up with his armour broken."
B09C058S01,B09C058,B09,1,7726,7733,2,1532,"Arjuna asks Krishna to judge the two fighters, Krishna advises a trick, Arjuna gives Bhima the signal, and the duel ends with Duryodhana's thighs broken and portents filling the sky."
B09C059S01,B09C059,B09,1,7864,7864,1,888,"Bhima taunts the fallen Duryodhana and places his foot on his head, Yudhishthira rebukes him, and Yudhishthira grieves for Duryodhana and the Kurus."
B09C060S01,B09C060,B09,1,7943,8035,5,1049,"Dhritarashtra asks about Balarama's reaction, Balarama's rage and departure, and Krishna and Yudhishthira's exchange over Bhima's conduct."
B09C060S02,B09C060,B09,2,8048,8069,2,287,"Bhima is praised by Krishna, claims the earth for Yudhishthira, and Yudhishthira declares the war is over."
B09C061S01,B09C061,B09,1,8082,8203,5,1437,"Dhritarashtra asks how the Pandavas reacted, the victors rejoice, Krishna rebukes them, Duryodhana and Krishna trade accusations, and Duryodhana declares his fortune."
B09C061S02,B09C061,B09,2,8218,8218,1,439,"Flowers fall from heaven, and Krishna defends his deceptions as the only way to defeat warriors who could not be beaten fairly."
B09C062S01,B09C062,B09,1,8261,8308,5,470,"The Pandavas enter the emptied Kaurava camp, and Arjuna's chariot burns to ashes when Krishna gets down from it."
B09C062S02,B09C062,B09,2,8316,8357,5,412,"Krishna embraces Yudhishthira and praises the victory, and the Pandavas claim the Kaurava treasure."
B09C062S03,B09C062,B09,3,8369,8378,2,169,"The Pandavas camp by the Oghavati, and Krishna sets out to comfort Gandhari in Hastinapura."
B09C063S01,B09C063,B09,1,8393,8410,2,1897,"Janamejaya asks about Krishna's mission, and Vaishampayana describes Yudhishthira's fear, Krishna's visit to Dhritarashtra and Gandhari, and his hurried departure to warn the Pandavas."
B09C064S01,B09C064,B09,1,8561,8569,2,1176,"Dhritarashtra asks about Duryodhana's last words, and Sanjaya reports Duryodhana's speech of pride, grief and farewell, including his message to the warriors."
B09C065S01,B09C065,B09,1,8668,8775,5,1168,"Ashvatthama, Kripa and Kritavarma reach the dying Duryodhana, Ashvatthama vows vengeance, Duryodhana makes him commander, and the Shalya Parva ends."
B10C001S01,B10C001,B10,1,30,83,5,645,"The three survivors flee to a forest at dusk, and Dhritarashtra laments his sons' defeat and asks what the three did next."
B10C001S02,B10C001,B10,2,99,172,5,788,"Ashvatthama cannot sleep, watches an owl kill the sleeping crows in the banyan, and resolves to attack the sleeping enemy by stealth."
B10C001S03,B10C001,B10,3,182,182,1,319,"Ashvatthama tells his companions that Duryodhana is dead and that the Panchalas are celebrating, and asks them for counsel."
B10C002S01,B10C002,B10,1,215,283,5,787,"Kripa argues that success needs both destiny and effort, that action is never wasted, and that Duryodhana brought disaster on himself by ignoring good advice."
B10C002S02,B10C002,B10,2,297,297,1,114,"Kripa proposes that the three go and ask the elders what to do, since advice from wise friends is the sound course."
B10C003S01,B10C003,B10,1,314,374,5,625,"Ashvatthama says each man trusts his own judgment, explains the division of duties among the castes, and declares he will act as a warrior to avenge his father."
B10C003S02,B10C003,B10,2,386,386,1,299,"Ashvatthama describes how he will attack the Panchalas while they sleep in their camp, after their victory celebration."
B10C004S01,B10C004,B10,1,417,489,4,856,"Kripa and Kritavarma urge rest and promise support in the morning; Ashvatthama refuses, citing his grief and rage, and vows to strike while the enemy sleeps."
B10C005S01,B10C005,B10,1,503,583,5,1051,"Kripa warns against attacking sleeping and unarmed men, and Ashvatthama answers by citing past unfair killings and vows to strike the Panchalas in their sleep."
B10C005S02,B10C005,B10,2,604,604,1,78,"Ashvatthama drives toward the Panchala camp with Kripa and Kritavarma, and they stop at the gate."
B10C006S01,B10C006,B10,1,618,686,5,927,"Dhritarashtra asks what happened at the gate, and Sanjaya describes the guardian, Ashvatthama's failed attack, and his decision to seek Shiva's protection."
B10C007S01,B10C007,B10,1,716,803,5,1243,"Ashvatthama gets down from his chariot and hymns Shiva under many names, then the sacred fire and a host of strange beings appear."
B10C007S02,B10C007,B10,2,839,907,5,734,"Ashvatthama offers himself as a sacrifice, Shiva appears and enters his body, and he sets out for the Panchala camp with the god's followers."
B10C008S01,B10C008,B10,1,921,990,5,894,"Ashvatthama enters the camp, kills Dhrishtadyumna in his bed, then kills Uttamauja and Yudhamanyu and the guards who come against him."
B10C008S02,B10C008,B10,2,1010,1126,5,1320,"Ashvatthama moves through the camp with his sword, killing sleeping and unarmed warriors, Draupadi's sons, Shikhandi and many others, while the terrified men fall into confusion."
B10C008S03,B10C008,B10,3,1139,1222,5,969,"In the chaos, animals break loose, men kill their own comrades, and Kripa and Kritavarma slay the fugitives and set fire to the camp, and Ashvatthama finishes the slaughter."
B10C008S04,B10C008,B10,4,1237,1294,5,576,"Rakshasas and flesh-eating beings feast on the dead, and at dawn Ashvatthama leaves the camp, meets his companions, and Dhritarashtra asks why he did not act earlier."
B10C008S05,B10C008,B10,5,1302,1302,1,178,"Sanjaya explains that Ashvatthama had acted only because the Pandava protectors were absent and the men were asleep, and the three rejoice and head to report to the king."
B10C009S01,B10C009,B10,1,1324,1411,5,1141,"The three find Duryodhana dying on the field, surrounded by beasts of prey, and they lament his fall and blame Bhima and the Pandavas for the unfair blow."
B10C009S02,B10C009,B10,2,1431,1486,5,535,"Ashvatthama tells the dying king of the night's killings, Duryodhana dies pleased, and Sanjaya reports the news to Dhritarashtra."
B10C010S01,B10C010,B10,1,1495,1553,5,686,"The charioteer of Dhrishtadyumna reports the night massacre, and Yudhishthira collapses and laments that the victory has turned to defeat through heedlessness."
B10C010S02,B10C010,B10,2,1568,1591,3,371,"Yudhishthira grieves for Draupadi, sends Nakula to fetch her, and goes to the battlefield, where he sees his slain sons and friends and falls senseless."
B10C011S01,B10C011,B10,1,1614,1667,5,524,"Yudhishthira is overwhelmed by grief, Nakula brings Draupadi, who collapses, and she vows to fast to death unless Ashvatthama is punished and his jewel is brought to her."
B10C011S02,B10C011,B10,2,1674,1690,2,263,"Draupadi asks Bhima to avenge her by slaying Ashvatthama, and Bhima sets out from the camp in pursuit of Ashvatthama's chariot."
B10C012S01,B10C012,B10,1,1706,1770,5,737,"Krishna warns Yudhishthira that Bhima is in danger, explains that Drona taught Ashvatthama the brahmashira reluctantly, and recalls Ashvatthama's first request for the discus at Dvaraka."
B10C012S02,B10C012,B10,2,1784,1816,4,324,"Krishna reports the rest of the meeting: relatives never asked such a thing, Ashvatthama admits he meant to fight Krishna with the discus, and he then leaves Dvaraka, and Bhima must be protected from him."
B10C013S01,B10C013,B10,1,1827,1874,4,615,"Krishna's chariot is described, and Krishna drives Arjuna and Yudhishthira after Bhima, and Ashvatthama prepares the brahmashira against the Pandavas."
B10C014S01,B10C014,B10,1,1895,1938,4,432,"Krishna urges Arjuna to counter the weapon, Arjuna releases his own brahmashira, and the sages Narada and Vyasa step between the two blazing weapons."
B10C015S01,B10C015,B10,1,1949,2018,5,865,"Arjuna asks the sages for help and withdraws his weapon, Vyasa explains why it matters, and Ashvatthama admits he cannot recall his own weapon and offers his gem."
B10C015S02,B10C015,B10,2,2035,2041,2,51,"Vyasa tells Ashvatthama to turn the weapon away from the Pandavas, and he directs it at the wombs of the Pandava women."
B10C016S01,B10C016,B10,1,2051,2104,5,501,"Krishna foretells that Parikshit will be born and survive, Ashvatthama defies him, Krishna curses him to wander, and Vyasa and Ashvatthama accept the sentence."
B10C016S02,B10C016,B10,2,2107,2146,5,375,"Ashvatthama hands over his gem and goes into the forest, and the Pandavas take the gem back to Draupadi, where Bhima recalls her bitter words to Krishna."
B10C016S03,B10C016,B10,3,2157,2157,1,122,"Draupadi returns the gem to Yudhishthira, who places it on his head, and she gives up her vow."
B10C017S01,B10C017,B10,1,2174,2231,5,693,"Yudhishthira asks how Ashvatthama could do such damage, and the answer tells how Brahma made beings and how Rudra withdrew to the water and then to the mountains in anger."
B10C018S01,B10C018,B10,1,2254,2311,5,697,"The gods leave Rudra out of their sacrifice, Rudra attacks it, and after they beg for mercy he restores them, and the answer ends by telling Yudhishthira that Ashvatthama's deeds came from Shiva's grace."
B10C018S02,B10C018,B10,2,2329,2341,4,9,The closing colophon marks the end of the Sauptika Parva and credits the Mahabharata to Vyasa.
B11C001S01,B11C001,B11,1,30,64,5,266,"Janamejaya asks what Dhritarashtra and the survivors did after the war, and Vaishampayana describes the king collapsing in grief while Sanjaya urges him to stop mourning."
B11C001S02,B11C001,B11,2,70,99,2,984,"Dhritarashtra laments his losses and blames his own past faults, then Sanjaya scolds him for indulging his son and urges him to bear his grief, and Vidura speaks again."
B11C002S01,B11C002,B11,1,158,164,2,1060,"Vidura speaks to Dhritarashtra at length, urging him to rise, accept death as the common end of all beings, and stop indulging in sorrow over the warriors slain in battle."
B11C003S01,B11C003,B11,1,253,260,2,515,"Dhritarashtra thanks Vidura and asks how the wise escape sorrow, and Vidura replies with a long account of impermanence, the body as a temporary dwelling, and the role of past deeds."
B11C004S01,B11C004,B11,1,304,309,2,560,"Dhritarashtra asks for an explanation of the world's wilderness, and Vidura traces the stages of life from the womb through the sufferings and delusions of the living to the final death, urging virtue as the way out."
B11C005S01,B11C005,B11,1,359,364,2,573,"Dhritarashtra asks for a detailed teaching, and Vidura begins a parable about a Brahmana lost in a terrifying forest, caught in a pit, dangling from creepers, and surrounded by dangers, yet still hoping to live."
B11C006S01,B11C006,B11,1,416,427,2,378,"Dhritarashtra asks how the man in the parable might be rescued, and Vidura reveals that each element of the story stands for an aspect of human life, from the body and time to desire and the passing seasons."
B11C007S01,B11C007,B11,1,457,463,2,799,"Dhritarashtra praises the parable and asks for more, and Vidura gives a long discourse on life as a journey, the body as a chariot, the senses as horses, and self-restraint and compassion as the way to freedom."
B11C008S01,B11C008,B11,1,534,642,3,1352,"Dhritarashtra faints, is revived, and wishes to die, then Vyasa explains that the war was destiny, recounts the divine origin of Duryodhana, and urges the king to live, after which Dhritarashtra accepts this and Vyasa departs."
B11C009S01,B11C009,B11,1,658,683,4,607,"Janamejaya asks what happened after Vyasa left, and Sanjaya returns and reports the deaths, prompting Dhritarashtra to collapse and Vidura to offer comfort once more."
B11C010S01,B11C010,B11,1,724,724,1,572,"Dhritarashtra orders the royal women to be brought out, and they come together in wailing, then Vidura escorts them from the city while the whole population of Hastinapura joins in mourning."
B11C011S01,B11C011,B11,1,777,777,1,608,"Kripa, Ashvatthama and Kritavarma report Duryodhana's death and their night massacre of the Pandava camp, then Kripa consoles Gandhari and the king, after which the three warriors part ways."
B11C012S01,B11C012,B11,1,835,835,1,786,"Yudhishthira meets the lamenting women and then his uncle, who embraces him reluctantly, then seeks to crush Bhima, but Krishna has put an iron image in Bhima's place and the king breaks it, falls, and is soothed and rebuked by Krishna."
B11C013S01,B11C013,B11,1,908,936,2,469,"Krishna reproaches Dhritarashtra for following Duryodhana and ignoring advice, then the king admits his wrong, sets aside his anger, and embraces the Pandava brothers."
B11C014S01,B11C014,B11,1,956,956,1,628,"The Pandavas go to see Gandhari, Vyasa arrives to head off her curse, and he reminds her of her own words of righteousness, and Gandhari responds that her grief is real but she is angered by Bhima's foul blow to Duryodhana."
B11C015S01,B11C015,B11,1,1016,1129,5,1242,"Bhima defends his deeds to Gandhari, who rebukes him and then grieves, while Yudhishthira offers himself to her curse, she comforts the Pandavas, and the women lament together before the closing line of the section."
B11C016S01,B11C016,B11,1,1137,1141,2,1517,"The lamentation of the women begins with Gandhari's spiritual vision of the battlefield, the royal party's journey to Kurukshetra, the women's horror at the corpses, and Gandhari's speech to Krishna, which ends as she sees Duryodhana."
B11C017S01,B11C017,B11,1,1279,1279,1,817,"Gandhari collapses over her son's body, recalls their last exchange before the battle, mourns the fall of a once-powerful king and his grieving wife, and declares that her son has won heroes' heaven."
B11C018S01,B11C018,B11,1,1352,1352,1,708,"Gandhari recounts the deaths of her sons, the suffering of the daughters-in-law, and the fall of Duhshasana, reminding Krishna of the insult to Draupadi and of her own failed warnings to Duryodhana."
B11C019S01,B11C019,B11,1,1419,1419,1,532,"Gandhari mourns her sons Vikarna, Durmukha, Citrasena, Vivingsati and Duhsaha in turn, describing each body and the grief of the women who remain with them."
B11C020S01,B11C020,B11,1,1470,1470,1,946,"Gandhari mourns Abhimanyu and describes his widow Uttara weeping over him and addressing him, then the Matsya women drag Uttara from the body of her father Virata, and Gandhari names other young men slain in the battle."
B11C021S01,B11C021,B11,1,1553,1553,1,423,"Gandhari mourns Karna's death at Arjuna's hands, describes his wives lamenting and his mother-in-law faint at the sight, and notes the animals that have already started feeding on his corpse."
B11C022S01,B11C022,B11,1,1595,1595,1,465,"Gandhari points out the bodies of the lord of Avanti, Bahlika and Jayadratha, speaks of Jayadratha's widows and her daughter Duhshala, and remembers how Jayadratha once tried to dishonour Draupadi."
B11C023S01,B11C023,B11,1,1641,1641,1,1107,"Gandhari mourns in turn Shalya, Bhagadatta, Bhishma on his bed of arrows, and Drona, whose funeral pyre is lit and attended by his wife Kripi and disciples as they head for the Ganga."
B11C024S01,B11C024,B11,1,1738,1793,3,830,"Gandhari describes Somadatta mourning his son Bhurishrava, whose widows hold his severed arm and rebuke Arjuna and Satyaki, and then she turns to the death of Shakuni at Sahadeva's hand and her fear that he will stir up trouble in the next world."
B11C025S01,B11C025,B11,1,1820,1930,4,1301,"Gandhari mourns a long list of fallen kings and their women, then faints, blames Krishna for not preventing the war, and curses him; Krishna replies that the Yadavas will perish by their own hands, and the Pandavas despair."
B11C026S01,B11C026,B11,1,1947,1984,5,410,"The holy one rebukes Gandhari, Dhritarashtra asks Yudhishthira for the tally of the fallen and their fates, and Yudhishthira describes the regions where the warriors went according to how they died."
B11C026S02,B11C026,B11,2,2000,2025,4,635,"Dhritarashtra asks how Yudhishthira has such knowledge, and Yudhishthira explains that he got spiritual sight from Lomasa, then Dhritarashtra asks about the rites, and Yudhishthira has the dead of both sides cremated before going to the Ganga."
B11C027S01,B11C027,B11,1,2072,2147,5,734,"At the Ganga the women make water offerings, Kunti tells her sons that Karna was their brother, Yudhishthira laments and makes the offering for Karna, and then the Stri Parva closes with its colophon."
B12C001S01,B12C001,B12,1,53,92,4,1282,"The Pandavas mourn after the war, sages console Yudhishthira, and he confesses that Karna, killed by Arjuna, was his secret elder brother."
B12C002S01,B12C002,B12,1,175,181,2,757,"Narada explains how Karna trained under Drona and Rama, and how he came to be cursed for killing a sacred cow."
B12C003S01,B12C003,B12,1,247,247,1,874,"Rama teaches Karna the Brahma weapon, a worm attacks Karna, and Rama curses him for deceiving him about his birth."
B12C004S01,B12C004,B12,1,324,324,1,540,"Duryodhana carries off a princess at a bride-choosing in Rajapura, and Karna defeats the kings who pursue them."
B12C005S01,B12C005,B12,1,376,376,1,374,"Karna defeats Jarasandha and is given Malini, and Narada lists the causes of Karna's death and urges Yudhishthira not to grieve."
B12C006S01,B12C006,B12,1,414,414,1,296,"Narada falls silent, Kunti explains her failed attempts to reconcile Karna, and Yudhishthira blames her and despairs."
B12C007S01,B12C007,B12,1,447,447,1,1244,"Yudhishthira mourns the dead, blames Duryodhana and Dhritarashtra, and resolves to give up the kingdom for the forest."
B12C008S01,B12C008,B12,1,558,558,1,1034,Arjuna argues that wealth and kingly duty require Yudhishthira to rule and perform sacrifices rather than renounce.
B12C009S01,B12C009,B12,1,650,650,1,1170,Yudhishthira rejects Arjuna's advice and describes at length the forest renunciation he intends to undertake.
B12C010S01,B12C010,B12,1,751,751,1,909,"Bhimasena rebukes Yudhishthira's plan to renounce, arguing that Kshatriyas must act and cannot earn heaven through forest life alone."
B12C011S01,B12C011,B12,1,829,868,5,790,"Indra as a golden bird rebukes young ascetics who abandoned home, and teaches the value of sacrifice and the householder's duties."
B12C011S02,B12C011,B12,2,913,913,1,61,"The ascetics give up renunciation for household life, and Arjuna urges Yudhishthira to rule."
B12C012S01,B12C012,B12,1,926,946,3,1205,"Nakula argues that householder life, sacrifice and duty are superior to renunciation, and urges Yudhishthira to govern and give gifts."
B12C013S01,B12C013,B12,1,1040,1040,1,395,"Sahadeva argues that inner detachment matters more than outward renunciation, that the soul is eternal, and that a king should enjoy the earth he holds."
B12C014S01,B12C014,B12,1,1079,1093,2,1080,"Draupadi rebukes Yudhishthira, reminds him of his vow to fight Duryodhana, lists his conquests, and urges him to rule and sacrifice."
B12C015S01,B12C015,B12,1,1178,1184,2,1620,"Arjuna argues that punishment and force sustain dharma and order, that killing is part of life, and that Yudhishthira must rule."
B12C016S01,B12C016,B12,1,1327,1327,1,762,"Bhima accuses Yudhishthira of being clouded by grief, recalls the family's past humiliations, and urges him to rule and hold the horse-sacrifice."
B12C017S01,B12C017,B12,1,1397,1397,1,764,"Yudhishthira replies to Bhima that desire is endless, praises renunciation and detachment, and says understanding is what matters most."
B12C018S01,B12C018,B12,1,1469,1569,2,1295,"Arjuna tells the story of Janaka and his queen, whose rebuke favours householders over empty renunciation, and then concludes that householders can reach bliss."
B12C019S01,B12C019,B12,1,1587,1587,1,856,Yudhishthira rebukes Arjuna's view of wealth and argues that renunciation and knowledge of Brahma lead to the highest good.
B12C020S01,B12C020,B12,1,1666,1672,2,438,Devasthana argues that wealth belongs to sacrifice and that a king who has won the earth should not abandon it.
B12C021S01,B12C021,B12,1,1716,1716,1,520,"Devasthana quotes Vrihaspati's teaching that contentment and non-injury are the highest religion, and that a righteous king who retires to the forest is rewarded."
B12C022S01,B12C022,B12,1,1770,1770,1,447,"Arjuna urges Yudhishthira to act as a Kshatriya, perform sacrifices, and accept that the dead have gained the highest end."
B12C023S01,B12C023,B12,1,1815,1905,5,1164,"Vyasa backs Arjuna, praises householder life and the rod of punishment, and tells the tale of Likhita and Sankha."
B12C023S02,B12C023,B12,2,1931,1931,1,91,"Vyasa concludes that ruling and punishing are a king's duty, and that shaving the head is not."
B12C024S01,B12C024,B12,1,1945,1945,1,1141,"Vyasa urges Yudhishthira to rule, sacrifice and protect his subjects, and tells the story of King Hayagriva."
B12C025S01,B12C025,B12,1,2046,2068,4,1187,"Yudhishthira laments his grief, and Vyasa answers that Time governs all, grief should be borne calmly, and a king's sacrifice is battle and governance."
B12C026S01,B12C026,B12,1,2162,2162,1,1004,"Yudhishthira argues that sages gain heaven without wealth, that wealth brings sin, and that it should be spent on sacrifice and worthy gifts."
B12C027S01,B12C027,B12,1,2252,2321,3,970,Yudhishthira laments the deaths of his kin and teachers and resolves to fast to death; Vyasa counsels that all is destiny and that one must act.
B12C028S01,B12C028,B12,1,2343,2363,4,1592,"Vyasa tells the tale of Asma's answer to Janaka on grief and impermanence, and urges Yudhishthira to cast off his grief and rule."
B12C029S01,B12C029,B12,1,2494,2847,5,4332,"Krishna tells Yudhishthira not to grieve for the heroes who died in battle, and Narada tells Srinjaya that great kings died too, so he should not grieve for his son."
B12C029S02,B12C029,B12,2,2860,2866,3,37,"Srinjaya is freed from grief, and Narada promises to return his dead son, Suvarnashthivin, to life."
B12C030S01,B12C030,B12,1,2876,2967,3,1065,"Krishna recounts how Narada and Parvata quarrelled over Narada's love for Sukumari, cursed each other, and later lifted the curses."
B12C031S01,B12C031,B12,1,2977,2985,2,1227,"Narada explains that the boy was killed by a tiger sent by Indra, that he restored him to life, and that the prince later ruled a long reign."
B12C032S01,B12C032,B12,1,3084,3121,4,777,"Vyasa tells Yudhishthira that kings must punish wrongdoers and that action brings its fruits, and urges him not to give up his life."
B12C033S01,B12C033,B12,1,3163,3197,3,1311,"Yudhishthira laments his role in the slaughter, and Vyasa answers that Time caused the deaths and urges the Horse-sacrifice and good rule."
B12C034S01,B12C034,B12,1,3285,3291,2,1029,"Vyasa lists the lapses that require expiation and the acts that carry no sin, answering Yudhishthira's question."
B12C035S01,B12C035,B12,1,3377,3521,3,1675,"Vyasa describes the expiations for killing a Brahmin and other sins, and urges Yudhishthira to atone and not give up his life."
B12C036S01,B12C036,B12,1,3531,3537,2,1824,Vyasa passes on Manu's teaching on clean and forbidden food and on whom it is proper to give to.
B12C037S01,B12C037,B12,1,3686,3745,5,686,"Vyasa directs Yudhishthira to Bhishma for counsel; Yudhishthira objects, and Krishna urges him to accept his duty."
B12C037S02,B12C037,B12,2,3760,3760,1,576,"Yudhishthira is persuaded and enters the city in a grand procession, welcomed by the citizens."
B12C038S01,B12C038,B12,1,3816,3903,5,960,"Yudhishthira is welcomed into the city, but the disguised Rakshasa Charvaka accuses him and is slain by the Brahmins' power."
B12C039S01,B12C039,B12,1,3918,3918,1,349,Krishna explains that Charvaka was doomed by his own boon and urges Yudhishthira to rule well and honour Brahmins.
B12C040S01,B12C040,B12,1,3954,3954,1,600,"Yudhishthira is anointed as king with sacred water, receives blessings and gifts from people and Brahmins, and is installed on the throne."
B12C041S01,B12C041,B12,1,4012,4012,1,443,"Yudhishthira tells his people to honour Dhritarashtra, and appoints his brothers and ministers to government posts."
B12C042S01,B12C042,B12,1,4057,4057,1,323,"Yudhishthira performs funeral rites and gifts for the fallen, cares for their families, and honours the elders."
B12C043S01,B12C043,B12,1,4091,4091,1,681,"Yudhishthira praises Krishna with a long hymn of thanks, and Krishna is pleased."
B12C044S01,B12C044,B12,1,4154,4154,1,403,Yudhishthira rests his brothers and assigns them the palaces of the Kaurava princes.
B12C045S01,B12C045,B12,1,4196,4203,2,501,"Janamejaya asks what happened next, and Vaisampayana describes Yudhishthira's generosity and his visit to Krishna, who sits in meditation."
B12C046S01,B12C046,B12,1,4248,4325,3,1031,"Yudhishthira asks Krishna about his stillness, and Krishna explains that Bhishma's wisdom must be learned before he dies; the chariot is then readied."
B12C047S01,B12C047,B12,1,4346,4616,4,3429,"Bhishma prepares to die at the northern turn of the sun, hymns Krishna at length, and receives heavenly knowledge; Krishna and the others then depart."
B12C048S01,B12C048,B12,1,4645,4683,3,385,"The party crosses the battlefield of Kurukshetra, Krishna recalls Rama's destruction of the Kshatriyas, and Yudhishthira asks how the order was revived."
B12C049S01,B12C049,B12,1,4693,4769,5,777,"Krishna begins Rama's story with the lineage of Kusika and Gadhi and the swap of sacred food that gave Satyavati a fierce son, and her argument with her husband Richika."
B12C049S02,B12C049,B12,2,4774,4912,5,1503,"Krishna tells how Rama destroyed the Kshatriyas, how Kasyapa took the earth, and how the hidden Kshatriya survivors were installed as kings."
B12C050S01,B12C050,B12,1,4923,5043,5,1607,"Krishna and Yudhishthira visit Bhishma, Krishna praises him and asks him to comfort Yudhishthira, Bhishma hymns Krishna, and Krishna reveals his form and sets the time of Bhishma's death."
B12C051S01,B12C051,B12,1,5074,5129,4,914,"Bhishma asks Krishna to speak for him, Krishna grants him a boon of clear mind and freedom from pain, and the company leaves at sunset."
B12C052S01,B12C052,B12,1,5168,5209,3,660,"Krishna prepares for the visit, sends Satyaki to Yudhishthira, and they drive out without an army to see Bhishma."
B12C053S01,B12C053,B12,1,5240,5306,5,1049,"Narada urges the Pandavas to question Bhishma, Krishna asks about his health, and Krishna urges Bhishma to teach Yudhishthira."
B12C054S01,B12C054,B12,1,5346,5403,4,635,"Bhishma agrees to speak, defends the Kshatriya duty to fight, even against kin in unjust battle, and invites Yudhishthira to ask."
B12C055S01,B12C055,B12,1,5417,5480,4,1808,"Yudhishthira asks Bhishma about kingly duties, and Bhishma teaches exertion, truth, moderation and care of subjects, with warnings about over-familiarity."
B12C056S01,B12C056,B12,1,5584,5584,1,1340,"Bhishma urges a king to act with vigour and justice, gives examples of severe discipline, and describes the qualities of a good king."
B12C057S01,B12C057,B12,1,5702,5760,2,813,"Bhishma stresses protecting subjects and exertion, lists the methods of protection, and says he has taught only part of kingly duty."
B12C058S01,B12C058,B12,1,5783,6117,4,3992,"Bhishma recounts the origin of kingship: a decline into disorder, Brahma's treatise on punishment, the tyrant Vena, and the first true king Prithu."
B12C059S01,B12C059,B12,1,6140,6155,2,1815,"Bhishma gives the general and specific duties of the four orders, ending with the claim that sacrifice belongs to all."
B12C060S01,B12C060,B12,1,6301,6301,1,737,"Bhishma names the four stages of life and outlines the duties of each, from student to forest hermit and mendicant."
B12C061S01,B12C061,B12,1,6372,6378,2,375,"Bhishma says the four modes of life belong to Brahmins, that a Brahmin straying into other callings is disgraced, and that all acts are shaped by Time."
B12C062S01,B12C062,B12,1,6413,6452,2,1172,"Bhishma says what is improper for a Brahmin, and that the Kshatriya's duties underlie all the other duties."
B12C063S01,B12C063,B12,1,6521,6587,4,1084,"Bhishma tells how Mandhatri met Narayana in the form of Indra, who explained that kingly duties are the foremost of all duties."
B12C064S01,B12C064,B12,1,6630,6716,5,1085,"Indra explains that kings must uphold their duties, sets out duties for robber tribes, and warns of decline when kingly rule fails."
B12C064S02,B12C064,B12,2,6738,6738,1,112,Bhishma closes by telling Yudhishthira to follow the path set by the ancients.
B12C065S01,B12C065,B12,1,6755,6860,3,1315,"Yudhishthira asks about the four modes of life, and Bhishma explains that a king who practises the duties of each mode gains its merit, while protecting subjects is the king's chief task."
B12C066S01,B12C066,B12,1,6873,6963,5,1131,"Bhishma explains why a king must be crowned, then tells the story of Manu, who was reluctant until the people offered him a share of their produce and merit, and gives advice on how a king should conduct himself."
B12C066S02,B12C066,B12,2,6987,6987,1,2,"A heading marks the start of the next section, LXVIII."
B12C067S01,B12C067,B12,1,6997,7022,4,1764,"Yudhishthira asks about the king's divine status, and Bhishma tells the story of Vrihaspati instructing King Vasumanas on the king's role, the disorder that follows without him, the forms he takes, and the loyalty owed to him."
B12C068S01,B12C068,B12,1,7159,7337,4,2883,"Bhishma gives detailed advice on self-control, spies, war and peace, justice and defence, and then argues that the king's rule decides which age of the world comes."
B12C069S01,B12C069,B12,1,7414,7460,3,507,"Bhishma lists the virtues a good king should practise, and Yudhishthira, taking the teaching to heart, begins to rule by it."
B12C070S01,B12C070,B12,1,7471,7477,2,1012,"Bhishma briefly sums up the king's eternal duties, including respect for Brahmanas, fair taxation, self-control, and protecting subjects as the highest duty."
B12C071S01,B12C071,B12,1,7567,7600,5,725,"Bhishma recommends appointing a priest, then recounts how Pururavas asks the wind god about the origin of the four orders, the Brahmana's precedence and the claim to the earth, and the wind god answers at length."
B12C072S01,B12C072,B12,1,7646,7710,5,636,"Bhishma urges a king to appoint a learned priest, and Aila and Kasyapa discuss how quarrels between Brahmanas and Kshatriyas bring ruin and how Rudra is tied to the sins of men."
B12C072S02,B12C072,B12,2,7717,7747,5,215,"Aila asks why destruction falls on the innocent as well as the guilty, and Kasyapa answers that the sinless should avoid mixing with the sinful."
B12C072S03,B12C072,B12,3,7753,7753,1,304,"Kasyapa says the next world differs sharply for the righteous and the sinful, and concludes that a king should install a priest and honour Brahmanas."
B12C073S01,B12C073,B12,1,7787,7830,3,530,"Bhishma recounts how King Muchukunda and Vaisravana clash over sovereignty, with the Rakshasa army and the priest Vasishtha in the middle, and Muchukunda's firm answer to the Lord of Alaka."
B12C074S01,B12C074,B12,1,7846,7937,5,978,"Bhishma describes the king's conduct, including protection, generosity and sharing in his subjects' merit and sin, and then Yudhishthira wishes to retire to the forest, which Bhishma rejects in favour of duty."
B12C074S02,B12C074,B12,2,7944,7944,1,114,"Bhishma says the one who relieves fear is most worthy of heaven and urges Yudhishthira to rule cheerfully, protect the good and punish the wicked."
B12C075S01,B12C075,B12,1,7961,7967,2,438,"Bhishma sorts Brahmanas by conduct and tells the king how to treat each group, including the unworthy and the thief."
B12C076S01,B12C076,B12,1,8008,8106,5,1158,"Bhishma explains the king's duty to support Brahmanas, then tells how the Kaikeya king escapes a Rakshasa by reciting his righteous rule, and closes with advice to protect Brahmanas."
B12C077S01,B12C077,B12,1,8121,8163,5,400,"Bhishma permits a distressed Brahmana to farm or keep cattle, lists the goods he must not sell, explains lawful exchange, and Yudhishthira asks how a king can stay protector if the orders revolt."
B12C077S02,B12C077,B12,2,8171,8248,5,947,"Bhishma says the orders should strengthen a weakened king, that fighting for Brahmanas brings heaven, that others may take up arms when Kshatriyas fail, and that whoever protects the helpless deserves to rule."
B12C078S01,B12C078,B12,1,8271,8307,4,653,"Bhishma describes the qualities of a good sacrificial priest, and then answers Yudhishthira's questions about dakshina, sacrificial character and penance."
B12C079S01,B12C079,B12,1,8345,8353,2,1125,"Bhishma explains how to classify friends, when to trust or mistrust them, how to choose ministers, and how a king should deal with his kinsmen."
B12C080S01,B12C080,B12,1,8447,8511,5,934,"Vasudeva describes his troubles with his kinsmen to Narada, who answers that the trouble is of his own making and that gentle speech and generosity are the right remedy."
B12C081S01,B12C081,B12,1,8542,8697,4,2144,"Bhishma tells how the sage Kalakavrikshiya exposes the king's corrupt officers, how the king is warned about his servants, and how the king takes the sage as his priest and rules successfully."
B12C082S01,B12C082,B12,1,8730,8736,2,1980,"Bhishma explains how a king should choose and test his legislators, war ministers, courtiers, counsellors and generals, and how he should consult with them in secret."
B12C083S01,B12C083,B12,1,8903,8933,4,265,"Bhishma recounts Vrihaspati's teaching to Sakra on the value of agreeable speech, and urges Yudhishthira to practise it."
B12C084S01,B12C084,B12,1,8943,8963,4,1076,"Bhishma explains the composition of the king's council, the rules of justice and punishment, and the duties of envoys, aid-de-camps, ministers and commanders, closing with advice on trust."
B12C085S01,B12C085,B12,1,9051,9057,2,967,"Bhishma describes the six kinds of citadel, the features of a good capital, the stores and people a king should keep, and his duties toward ascetics and friends."
B12C086S01,B12C086,B12,1,9145,9151,2,1463,"Bhishma describes the tiered village administration, the principles of fair taxation, and the care the king should show toward the Vaisya traders and farmers."
B12C087S01,B12C087,B12,1,9275,9356,3,980,"Bhishma advises gradual, mild taxation, checking vice and idleness, honouring the wealthy, and ruling with truth and restraint."
B12C088S01,B12C088,B12,1,9369,9432,3,896,"Bhishma gives advice on protecting trees, Brahmanas, spies and the king's own reputation, and then, answering Yudhishthira, explains how the strong rule the weak and why traders and farmers must be spared."
B12C089S01,B12C089,B12,1,9456,9464,2,1118,"Bhishma introduces Utathya's teaching to Mandhatri, which sets out the king's duty to uphold righteousness, the dangers of pride, and the disasters that follow neglect."
B12C090S01,B12C090,B12,1,9562,9704,2,1703,"Utathya's long teaching sets out how the king shapes the age, the duties of kingship, and the dangers of weakness and pride, and Bhishma says Mandhatri followed it."
B12C091S01,B12C091,B12,1,9715,9734,3,593,"Vamadeva advises King Vasumanas to rule by righteousness, to avoid force, wicked ministers and caprice, and to be generous, honest and willing to take counsel."
B12C092S01,B12C092,B12,1,9780,9780,1,1183,"Vamadeva gives a long list of advice on personal conduct, choosing officers, dealing with neighbours and rivals, and guarding against false friends."
B12C093S01,B12C093,B12,1,9888,9921,2,391,"Vamadeva explains how a king's power is confirmed and why he should win by wisdom rather than battle, and Bhishma closes by applying the teaching to Yudhishthira."
B12C094S01,B12C094,B12,1,9931,9955,4,695,"Bhishma explains how a king should approach a conquest, and then gives the rules of fair combat between Kshatriyas and why righteous victory matters."
B12C095S01,B12C095,B12,1,10005,10005,1,780,"Bhishma lays down the rules a victorious king should follow with the defeated, the captured and the conquered people, and gives examples of righteous kings."
B12C096S01,B12C096,B12,1,10075,10083,2,882,"Bhishma explains how a king is purified by righteous conduct, and describes the merit of bravery in battle and the shame of cowardice and an ignoble death."
B12C097S01,B12C097,B12,1,10159,10209,5,447,"Bhishma recounts how Amvarisha, in heaven, sees his former general Sudeva raised above him, and how he questions Indra about it."
B12C097S02,B12C097,B12,2,10216,10309,2,1114,"Indra describes the battle-sacrifice in full detail, with its priests, offerings and fees, and says heroes who die bravely win the highest regions while cowards sink to hell."
B12C098S01,B12C098,B12,1,10320,10320,1,508,"Janaka rallies his troops with pictures of heaven and hell, sets their battle order, and warns against pursuing a routed enemy too far."
B12C099S01,B12C099,B12,1,10370,10518,3,1676,"Bhishma sets out the king's military preparations, the rules for who may not be attacked, the rewards for courage, and the battle formations and deceptions used to win."
B12C100S01,B12C100,B12,1,10528,10534,2,649,Bhishma describes the fighting styles of different peoples and the physical and temperamental signs of courageous soldiers.
B12C101S01,B12C101,B12,1,10593,10599,2,1366,"Bhishma lists the omens of an army's success, explains why battle should be avoided where possible, and advises a mixture of forgiveness and severity toward the enemy."
B12C102S01,B12C102,B12,1,10717,10854,5,1491,"Vrihaspati advises Indra on dealing with foes: concealment, patience, sweet words while planning, timed strikes, and dividing and corrupting the enemy's forces."
B12C102S02,B12C102,B12,2,10859,10883,2,298,"Vrihaspati lists the signs of a wicked person, and Indra acts on the teaching to subdue his enemies."
B12C103S01,B12C103,B12,1,10894,10971,5,1715,"Kshemadarsin, ruined and distressed, asks the sage what to do, and the sage teaches detachment from wealth, the impermanence of things, and the advantage of a simple life."
B12C104S01,B12C104,B12,1,11056,11074,3,827,"The sage offers a plan for recovering the kingdom by serving Janaka and then weakening enemies through division, luxury, depleted treasuries and deceit."
B12C105S01,B12C105,B12,1,11139,11167,3,860,"Kshemadarsin rejects deceit, the sage introduces him to Janaka, and the two kings make peace and exchange honours."
B12C106S01,B12C106,B12,1,11222,11250,2,1014,"Bhishma explains how enmity grows between the king and the nobility, and how the king should consult their leaders and keep the nobles united."
B12C107S01,B12C107,B12,1,11319,11327,2,1048,"Bhishma names the honour owed to parents and teachers as the highest duty, ranks the teacher above the parents, and describes the sins of neglecting them."
B12C108S01,B12C108,B12,1,11415,11425,2,932,"Bhishma explains when truth and falsehood are proper, what righteousness is, and how to deal with the honest and the deceitful."
B12C109S01,B12C109,B12,1,11502,11508,2,836,"Bhishma lists the kinds of people who overcome difficulties and identifies Krishna with Narayana, whose refuge protects those who seek it."
B12C110S01,B12C110,B12,1,11587,11720,5,2803,"Bhishma tells how the reborn jackal becomes the tiger's minister, is framed by envious courtiers, and leaves the court after being cleared and insulted."
B12C110S02,B12C110,B12,2,11831,11831,1,58,"The jackal retires to the forest and ends his life by fasting, rejecting the tiger's pleas, and goes to heaven."
B12C111S01,B12C111,B12,1,11843,11863,3,679,"Bhishma tells of the idle camel that was killed after gaining a long neck by boon, and draws the lesson that a king should act with intelligence, avoid idleness and seek wise counsel."
B12C112S01,B12C112,B12,1,11911,11952,5,439,"The Ocean and the rivers discuss why canes survive floods, and Bhishma draws the lesson that a wise man should yield to a stronger foe."
B12C113S01,B12C113,B12,1,11966,11972,2,756,"Bhishma explains why patience under abuse is wise, how the abuser's merit and sins pass between them, and why slanderers should be avoided."
B12C114S01,B12C114,B12,1,12035,12070,2,763,"Yudhishthira asks how a king should gratify his people and choose his servants, and Bhishma explains the qualities of the servants, ministers and officials a king needs."
B12C115S01,B12C115,B12,1,12110,12153,2,726,"A forest sage, served by its animals, protects a devoted dog from a threatening leopard by transforming it, and then protects it again from a tiger."
B12C116S01,B12C116,B12,1,12181,12228,2,675,"The sage keeps transforming the dog into a larger beast whenever a stronger creature threatens it, until the animal turns ungrateful and plans to kill him, and the sage then recounts the transformations and returns it to dog form."
B12C117S01,B12C117,B12,1,12247,12247,1,904,"Bhishma draws the lesson of the dog story for kings, describing how to choose ministers and servants, the virtues of a good king, and the value of a loyal army."
B12C118S01,B12C118,B12,1,12334,12334,1,634,"Bhishma applies the dog story to the appointment of servants, counsels the king on ministers, treasury and kinsmen, and asks what more Yudhishthira wants to hear."
B12C119S01,B12C119,B12,1,12394,12403,2,2088,"Bhishma gives a long, detailed summary of the king's duties, comparing the wise king to a peacock and setting out how to govern, tax, watch enemies and choose officers."
B12C120S01,B12C120,B12,1,12580,12601,2,1685,"Yudhishthira asks what Chastisement is, and Bhishma explains its nature, names and forms, its roots in the Vedas and royal authority, and the king's duty to apply it to all alike."
B12C121S01,B12C121,B12,1,12739,12880,4,1595,"Mandhatri asks Vasuhoma about the origin of Chastisement, Vasuhoma recounts how it arose and passed through the gods and sages to Manu, and Bhishma says the teaching brings its reward to those who follow it."
B12C122S01,B12C122,B12,1,12892,12945,3,876,"Bhishma explains how the three aims relate and how their flaws are purged, and then recounts Kamandaka's advice to King Angaristha on undoing sin."
B12C123S01,B12C123,B12,1,12979,13023,5,456,"Bhishma introduces the exchange between Duryodhana and Dhritarashtra, in which Duryodhana laments Yudhishthira's wealth and his father urges him toward good conduct."
B12C123S02,B12C123,B12,2,13035,13113,5,1284,"Duryodhana asks how such conduct is acquired, and Dhritarashtra tells the tale of Prahlada, who lost his sovereignty to Indra when his conduct and other virtues departed from him."
B12C123S03,B12C123,B12,3,13159,13198,5,335,"The goddess Prosperity explains that Indra took Prahlada's sovereignty by taking his conduct, and Dhritarashtra then explains how conduct is built and urges Duryodhana to follow it."
B12C124S01,B12C124,B12,1,13208,13227,2,483,"Yudhishthira asks about the nature of Hope, and Bhishma introduces the tale of King Sumitra, who chases a wounded deer deep into the forest."
B12C125S01,B12C125,B12,1,13258,13258,1,545,"Sumitra introduces himself to the ascetics at the hermitage, explains his loss and his disappointed hope, and asks which is vaster, hope or the sky."
B12C126S01,B12C126,B12,1,13307,13357,2,751,"Rishabha recounts his meeting with Tanu, who was approached by King Viradyumna searching for his lost son, and Tanu's first answer about a sage's disappointment, after which the sages question the king."
B12C127S01,B12C127,B12,1,13377,13412,5,301,"Viradyumna explains his search for his lost son, and Tanu, long slighted by the king, answers that hope is the most slender thing."
B12C127S02,B12C127,B12,2,13418,13468,5,548,"Tanu lists the hopes that are slenderer than his own body, the king accepts his teaching, Tanu restores the prince and reveals himself, and Bhishma applies the lesson to Yudhishthira."
B12C128S01,B12C128,B12,1,13482,13512,4,289,"Yudhishthira asks for more, and Bhishma tells of Gotama's meeting with Yama, in which Yama explains how to honour one's parents and win heaven."
B12C129S01,B12C129,B12,1,13524,13539,2,1858,"Yudhishthira poses a dilemma about a besieged, weak king, and Bhishma answers that in great distress a king may gather wealth from others, but that righteous means are better and that the treasury, army and people sustain one another."
B12C130S01,B12C130,B12,1,13686,13729,5,492,"Yudhishthira asks about a king in ruin, and Bhishma answers with advice on peace, retreat and courageous fighting."
B12C131S01,B12C131,B12,1,13746,13755,2,755,"Yudhishthira's question about a Brahmana's livelihood in a time of disorder, and Bhishma's long answer on conduct in distress."
B12C132S01,B12C132,B12,1,13818,13818,1,691,"Bhishma's advice on filling the treasury, keeping a firm hand on the kingdom, and handling robbers."
B12C133S01,B12C133,B12,1,13883,13883,1,548,"Bhishma on a Kshatriya's duties, the primacy of power over abstract righteousness, and the penance for one who has sinned."
B12C134S01,B12C134,B12,1,13937,14018,5,752,"The story of the robber Kayavya, his election as leader, the rules he sets, and the lesson Bhishma draws from it."
B12C135S01,B12C135,B12,1,14028,14028,1,380,"Bhishma quotes Brahman's verses on which wealth a king may take, and closes with a comparison about moral questions."
B12C136S01,B12C136,B12,1,14066,14107,2,694,Bhishma's fable of the three fish and the lesson on acting in time.
B12C137S01,B12C137,B12,1,14134,14330,5,5278,"Yudhishthira's question about a besieged king, and the fable of the mouse Palita and the cat Lomasa, which ends with the mouse rejecting the cat's offer of friendship."
B12C137S02,B12C137,B12,2,14563,14614,3,1231,"The cat, shamed, pleads for renewed friendship, and the mouse answers with advice to keep a steady distrust of everyone."
B12C138S01,B12C138,B12,1,14676,14777,5,1140,"Yudhishthira's doubt about mistrust, and the story of the prince who kills Pujani's chick and her revenge on him, which ends with an argument over whether the score is settled."
B12C138S02,B12C138,B12,2,14784,14818,5,446,"The two argue over whether a wronged party can ever trust the one who wronged them, and whether living together softens hostility."
B12C138S03,B12C138,B12,3,14840,15001,5,1894,"Brahmadatta blames Time for all acts, Pujani answers with a long case for exertion and good rule, and she takes her leave."
B12C139S01,B12C139,B12,1,15012,15213,4,2388,"Yudhishthira asks about kingship in an age of decline, and Bhishma gives Bharadwaja's advice to King Satrunjaya on statecraft in hard times."
B12C140S01,B12C140,B12,1,15224,15402,5,2099,"Yudhishthira's question, the account of the famine that drives Viswamitra to the Chandala's hut, and the sage's first theft attempt and plea."
B12C140S02,B12C140,B12,2,15410,15434,5,183,"The Chandala says only certain animals are clean food, and Viswamitra cites Agastya's precedent to justify eating the dog's meat."
B12C140S03,B12C140,B12,3,15440,15469,5,293,"Viswamitra argues that a sage cannot sin and that his body must be kept alive, and the Chandala answers that hunger must be conquered."
B12C140S04,B12C140,B12,4,15479,15504,5,204,"The Chandala tries to restrain the sage as a friend, and Viswamitra asks to be saved by giving up the meat, which the Chandala refuses."
B12C140S05,B12C140,B12,5,15511,15544,5,282,"Viswamitra argues that saving life outweighs the sin of unclean food, and the Chandala says he is ignoring the Veda and the code of the Aryas."
B12C140S06,B12C140,B12,6,15552,15561,2,390,"The Chandala gives a final warning, and Viswamitra takes the meat, offers it to the gods and ancestors, and eats it."
B12C141S01,B12C141,B12,1,15596,15703,4,1264,"Yudhishthira's dismay at Bhishma's teaching on severity, Bhishma's answer on how duty is found, and his final advice to honour Brahmanas."
B12C142S01,B12C142,B12,1,15718,15749,5,927,"The question about protecting suppliants, and the story of the cruel fowler, caught in a storm, who comes to the tree at night."
B12C143S01,B12C143,B12,1,15813,15813,1,498,The pigeon's lament for his missing wife and his praise of a wife's value.
B12C144S01,B12C144,B12,1,15857,15863,2,370,The captured she-pigeon hears her husband's words and advises him to show hospitality to the fowler.
B12C145S01,B12C145,B12,1,15898,15898,1,616,"The pigeon's hospitality, his sacrifice of himself in the fire, and the fowler's grief."
B12C146S01,B12C146,B12,1,15955,15955,1,303,"The fowler's remorse, his vow to live by righteousness, and his release of the she-pigeon."
B12C147S01,B12C147,B12,1,15987,15987,1,366,"The she-pigeon's lament, her death in the fire, and the reunion of the pigeon couple in heaven."
B12C148S01,B12C148,B12,1,16024,16024,1,537,"The fowler's resolve to imitate the pigeon, his death in a forest fire, his ascent to heaven, and Bhishma's closing praise of protecting suppliants."
B12C149S01,B12C149,B12,1,16076,16082,2,508,"Yudhishthira's question about cleansing ignorant sin, and the story of Janamejaya's wanderings and the rebuke from Indrota."
B12C150S01,B12C150,B12,1,16129,16197,5,699,"Janamejaya's plea and repentance, and Saunaka's demand that the king honour Brahmanas, ending with the king's oath."
B12C151S01,B12C151,B12,1,16206,16308,3,1206,"Saunaka's long teaching on penance, sacred places and graded purification, with the gods' question to Vrihaspati and his answer, and the king's final purification."
B12C152S01,B12C152,B12,1,16321,16454,5,1843,"A dead child is taken to the cremation ground, where a vulture tells the kin to leave and a jackal persuades them to turn back and reconsider."
B12C152S02,B12C152,B12,2,16484,16569,5,1063,"The kin return to the child, the vulture rejects any hope of revival and warns of night dangers, and the jackal keeps urging them to wait."
B12C152S03,B12C152,B12,3,16588,16601,2,633,"The jackal insists the kin wait while the sun shines, and Sankara comes in answer to their prayer and restores the child."
B12C153S01,B12C153,B12,1,16650,16660,2,546,"Yudhishthira's question about a weak man who has provoked a powerful foe, and the opening of the tale of the Salmali tree and the wind god."
B12C154S01,B12C154,B12,1,16707,16731,3,552,"Narada's remark to the Salmali tree about the wind's protection, the tree's boast of strength, and Narada's rebuke."
B12C155S01,B12C155,B12,1,16764,16798,5,553,"Narada reports the tree to the wind-god, the wind's threat, and the tree's private reckoning that leads it to protect itself."
B12C156S01,B12C156,B12,1,16827,16847,3,450,"The Salmali strips itself, the wind's mocking verdict, the tree's shame, and Bhishma's moral on provoking the powerful."
B12C157S01,B12C157,B12,1,16878,16884,2,1109,"Yudhishthira's question about the source of sin, Bhishma's account of covetousness as its root, and his portrait of good people who are free of it."
B12C158S01,B12C158,B12,1,16985,17006,4,363,"Yudhishthira asks about ignorance, Bhishma defines it and links it to covetousness, and he urges the king to avoid greed."
B12C159S01,B12C159,B12,1,17036,17133,3,1113,"Yudhishthira asks about the highest merit, Bhishma's praise of self-restraint and the path of the ascetic, and the king's renewed delight."
B12C160S01,B12C160,B12,1,17145,17145,1,395,Bhishma's teaching that penance is the root of all success and that abstaining from food is its highest form.
B12C161S01,B12C161,B12,1,17187,17195,2,749,"Yudhishthira's question about truth, and Bhishma's account of its thirteen forms and its supreme worth."
B12C162S01,B12C162,B12,1,17261,17270,2,644,"Yudhishthira's question about the vices, and Bhishma's account of their sources and the means of overcoming them."
B12C163S01,B12C163,B12,1,17328,17338,2,448,"Yudhishthira's question about malevolent people, and Bhishma's portrait of them set against the generous man."
B12C164S01,B12C164,B12,1,17375,17610,2,2862,"Bhishma's long code on gifts, sacrifices and the king's duties to Brahmanas, with the penances for many kinds of wrongdoing."
B12C165S01,B12C165,B12,1,17620,17648,4,2382,"Nakula's question about weapons, and Bhishma's long account of the creation of the sword and its passage down the royal line."
B12C166S01,B12C166,B12,1,17835,17905,5,673,"Yudhishthira's question about the three aims of life, and the views of Vidura and Arjuna."
B12C166S02,B12C166,B12,2,17910,18005,5,1097,"The views of Nakula, Sahadeva and Bhima, Yudhishthira's own conclusion on liberation, and the praise that follows."
B12C167S01,B12C167,B12,1,18022,18119,4,1826,"Yudhishthira's question about friendship, Bhishma's lists of those to avoid and those to befriend, and the opening of the tale of Gautama."
B12C168S01,B12C168,B12,1,18188,18245,2,708,"Gautama's journey after the elephant attack, his rest beneath the banyan, and his meeting with the crane who welcomes him."
B12C169S01,B12C169,B12,1,18257,18269,3,719,"Rajadharman's hospitality, his promise to help the poor Brahmana, and his message sending Gautama to the Rakshasa king."
B12C170S01,B12C170,B12,1,18330,18354,4,1034,"Virupaksha's questions and Gautama's answers, the king's feast and gifts of gold, and Gautama's ungrateful plot against the crane."
B12C171S01,B12C171,B12,1,18430,18430,1,697,"Gautama's murder of the crane, the king's search and his order to kill the traitor, and the refusal of the Rakshasas and robbers to eat him."
B12C172S01,B12C172,B12,1,18494,18557,3,719,"The crane's revival, Indra's explanation, Gautama's restoration and curse, and Bhishma's moral on gratitude to friends."
B12C173S01,B12C173,B12,1,18567,18601,5,390,"The heading of the Mokshadharma Parva, Yudhishthira's questions on duty and grief, and the Brahmana's first words to King Senajit."
B12C173S02,B12C173,B12,2,18616,18761,4,1690,"Senajit asks what wisdom ends grief; the Brahmana answers with a long teaching on impermanence and detachment, and tells the story of Pingala."
B12C174S01,B12C174,B12,1,18771,18802,5,248,"Yudhishthira's question, and the son's first question to his father about how to live when life is short, with the father's reply on the four stages of life."
B12C174S02,B12C174,B12,2,18808,18897,3,1038,"The son's warning that death is near and his call to truth and renunciation, with Bhishma's closing advice to Yudhishthira."
B12C175S01,B12C175,B12,1,18907,18913,2,722,"Yudhishthira's question, and the verses of Sampaka praising poverty and renunciation over wealth."
B12C176S01,B12C176,B12,1,18979,18986,2,1710,"Yudhishthira's question about desire for wealth, and the story of Manki, who renounces desire after losing his bulls to a camel."
B12C177S01,B12C177,B12,1,19127,19153,3,396,"Janaka's saying, Yayati's son's question to the sage Vodhya, and Vodhya's six teachers of tranquillity."
B12C178S01,B12C178,B12,1,19175,19295,5,1332,"Yudhishthira's question, and Prahlada's conversation with the wandering sage who lives by the Ajagara vow of contentment."
B12C179S01,B12C179,B12,1,19306,19312,2,1740,"Yudhishthira's question on refuge, Bhishma's praise of wisdom, and the story of Indra's disguised rebuke to Kasyapa."
B12C180S01,B12C180,B12,1,19458,19464,2,621,"Yudhishthira's question, and Bhishma's teaching on the fruits of action and on the way to cleansing past sins."
B12C181S01,B12C181,B12,1,19519,19582,5,630,"Yudhishthira's questions on creation, and Bhrigu's account of the primeval being Manasa and the origin of the elements and Brahman."
B12C181S02,B12C181,B12,2,19588,19631,3,503,"Bhrigu's account of the boundless sky and the layers of water and fire, and his explanation of the lotus that Brahman sprang from."
B12C182S01,B12C182,B12,1,19643,19664,4,440,"Bharadwaja's question about creation, Bhrigu's account of water as the first creation, and the celestial voice describing how the elements arose."
B12C183S01,B12C183,B12,1,19698,19733,4,1193,"Bharadwaja's question about the five elements, Bhrigu's answer on how they make up all things, and the argument over whether trees contain them."
B12C184S01,B12C184,B12,1,19814,19820,2,563,"Bharadwaja's question on bodily heat and wind, and Bhrigu's account of the breaths and the path of the yogins."
B12C185S01,B12C185,B12,1,19870,19870,1,559,"Bharadwaja's sceptical objections about life, death and the usefulness of gifts after death."
B12C186S01,B12C186,B12,1,19919,19985,5,1157,"The debate on whether the living creature survives death, with Bhrigu's fire analogy, Bharadwaja's objections and Bhrigu's teaching on the inner Soul."
B12C187S01,B12C187,B12,1,20033,20063,3,640,"Bhrigu's account of Brahman's first creations and the colours of the four classes, Bharadwaja's objection, and Bhrigu's explanation of how the classes arose from conduct."
B12C188S01,B12C188,B12,1,20105,20111,2,628,"Bharadwaja's question on the marks of each class, and Bhrigu's description of the Brahmana, Kshatriya, Vaisya and Sudra and the path to Brahma."
B12C189S01,B12C189,B12,1,20167,20217,3,780,"Bhrigu's teaching that truth leads to light and happiness, Bharadwaja's doubt, and Bhrigu's reply on the miseries of the untruthful."
B12C190S01,B12C190,B12,1,20247,20277,5,220,"Bharadwaja's questions on the rewards of gift, conduct and penance, the duties of each person, and the four modes of life."
B12C190S02,B12C190,B12,2,20283,20283,1,911,"Bhrigu describes the student's discipline, the householder's life and duties, and the forest life."
B12C191S01,B12C191,B12,1,20366,20485,5,1313,"Bhrigu's descriptions of forest hermits and wandering renouncers, Bharadwaja's question about the northern region, Bhrigu's account of it, and Bhishma's closing."
B12C192S01,B12C192,B12,1,20497,20503,2,1147,"Yudhishthira requests a discourse on the ordinances of conduct, and Bhishma gives a long list of daily rules and the reasons for them."
B12C193S01,B12C193,B12,1,20601,20610,2,2105,"Bhishma teaches the Adhyatma doctrine: the elements, the senses and mind, the understanding, the three qualities, and the soul as a witness, with a call to self-knowledge and detachment."
B12C194S01,B12C194,B12,1,20794,20794,1,679,"Bhishma explains how a yogin restrains the senses and mind, why the mind keeps slipping away, and how steady practice brings a felicity and final liberation."
B12C195S01,B12C195,B12,1,20857,20876,2,820,"Yudhishthira asks about the rewards and path of silent reciters, and Bhishma answers by linking recitation to the Sankhya and yoga paths and describing the renunciate reciter's way to the Soul."
B12C196S01,B12C196,B12,1,20938,20982,4,457,"Bhishma names the faults that send reciters to hell, and Yudhishthira asks why even those who reach Brahma return to embodied life."
B12C197S01,B12C197,B12,1,20993,20999,2,373,"Bhishma contrasts the heavens of the gods, which he calls a kind of hell, with the supreme region of the Soul that is free from time and the qualities."
B12C198S01,B12C198,B12,1,21036,21096,5,635,"The Brahmana's long recitation earns a boon from Savitri, and Dharma offers him heaven, which he refuses."
B12C198S02,B12C198,B12,2,21107,21132,5,188,"The Brahmana repeatedly refuses to leave his body, even for heaven, because he loves his recitation."
B12C198S03,B12C198,B12,3,21139,21163,5,168,"Dharma brings Yama, Time and Mrityu to the Brahmana, and each of them announces that the time has come for him to go."
B12C198S04,B12C198,B12,4,21169,21206,5,350,"King Ikshvaku arrives, honours the Brahmana, and offers him wealth; the Brahmana explains that he has given up accepting gifts, and the king replies that a Kshatriya speaks of battle, not giving."
B12C198S05,B12C198,B12,5,21212,21235,5,170,"The Brahmana and the king trade sharp words about their duties, and the king asks for the fruit of the recitations."
B12C198S06,B12C198,B12,6,21241,21267,5,190,"The Brahmana offers half or all of his recitation fruit, and the king refuses it because he does not know what it is."
B12C198S07,B12C198,B12,7,21274,21340,5,697,"The Brahmana insists on the power of truth and gives the fruit away, Ikshvaku pleads his Kshatriya duty, and Dharma and Heaven settle the dispute."
B12C198S08,B12C198,B12,8,21346,21352,2,133,The king sends the Brahmana toward heaven and offers his own rewards; the Brahmana declines and says he will keep his vow of abstention.
B12C199S01,B12C199,B12,1,21373,21408,5,301,"The king offers to share rewards, and two oddly dressed strangers arrive, each claiming the other owes him a debt."
B12C199S02,B12C199,B12,2,21413,21453,5,379,"Virupa explains the chain of cow gifts that links him to Vikrita, and Vikrita refuses repayment."
B12C199S03,B12C199,B12,3,21459,21486,5,219,"Both men and the Brahmana press the king, and he accepts the gift while complaining that the duties of kings and Brahmanas have trapped him."
B12C199S04,B12C199,B12,4,21492,21525,5,593,"The king accepts the Brahmana's gift, Virupa reveals that the two strangers are Desire and Wrath, and Bhishma explains where reciters go."
B12C199S05,B12C199,B12,5,21558,21589,5,811,"Yudhishthira asks what became of them, and Bhishma describes the gods gathering, the Brahmana and king being absorbed into Brahma."
B12C199S06,B12C199,B12,6,21644,21654,2,158,"Brahman says that those who study the scriptures or practise yoga will join him, and then departs with the gods."
B12C200S01,B12C200,B12,1,21668,21709,5,457,"Yudhishthira asks his question, and Bhishma introduces Vrihaspati's questions to Manu and Manu's first reply about desire and action."
B12C200S02,B12C200,B12,2,21723,21730,2,682,"Vrihaspati states that human aims are gained through acts, and Manu explains how liberation from acts leads to Brahma, how acts are shaped by the qualities, and describes the supreme being."
B12C201S01,B12C201,B12,1,21791,21791,1,1122,"Manu describes how bodies dissolve into the elements, how knowledge and the Self relate to the senses, and how the Soul passes from one body to the next carrying its acts."
B12C202S01,B12C202,B12,1,21889,21889,1,948,"Manu argues that the Soul is the witness of the mind and senses, is known only through wisdom, and is not lost when it leaves the body, using images of the moon, Rahu and the sun."
B12C203S01,B12C203,B12,1,21974,21974,1,697,"Manu compares sleep and death to dreams, explains that a calm mind lets the Soul be seen, and says restraint and knowledge lead the Soul back to the Supreme."
B12C204S01,B12C204,B12,1,22040,22040,1,913,"Manu gives advice on dealing with sorrow, explains how the understanding must be drawn into the mind and contemplation to reach Brahma, and ends with the rules of rebirth and liberation."
B12C205S01,B12C205,B12,1,22128,22128,1,1123,"Manu describes how the soul moves between bodies by its acts, how the chain of knowledge, desire and action is broken, and how Vishnu, beyond Time, is the Supreme Brahma."
B12C206S01,B12C206,B12,1,22231,22351,5,1343,"Yudhishthira requests a full account of Vishnu, and Bhishma recounts Vishnu's acts of creation, his killing of Madhu, the families of sages and gods, the four orders of men, the ages of the world and the sinful peoples, and declares Krishna to be supreme."
B12C207S01,B12C207,B12,1,22365,22371,2,821,"Bhishma lists the Prajapatis and the gods, and assigns the great Rishis to the four quarters of the world."
B12C208S01,B12C208,B12,1,22446,22517,3,983,"Bhishma recounts how the Danavas oppressed the gods and the earth, how Vishnu became a boar to destroy them, and how the gods learn that the boar is the Supreme God."
B12C209S01,B12C209,B12,1,22542,22568,3,1654,"Yudhishthira asks about emancipation, and the preceptor answers his disciple by describing Vasudeva as the cause, the structure of primordial matter, and the Soul's passage through bodies."
B12C210S01,B12C210,B12,1,22692,22692,1,713,"Bhishma completes the preceptor's answer, describing the Soul as untouched by the wheel of existence and saying that knowledge frees it from rebirth."
B12C211S01,B12C211,B12,1,22759,22845,4,1182,"Bhishma advises against attachment to the senses and sets out the states produced by the three qualities, then Yudhishthira asks which faults to abandon and Bhishma explains how to remove them."
B12C212S01,B12C212,B12,1,22882,22882,1,814,"Bhishma describes the chain from passion and darkness through desire and acts to rebirth in the womb, and says release comes when the senses are weakened."
B12C213S01,B12C213,B12,1,22958,22966,2,1107,"Bhishma explains Brahmacharya and the restraint of passion, the body's channels through which desire acts, and the way a disciplined person escapes rebirth."
B12C214S01,B12C214,B12,1,23060,23060,1,1030,"Bhishma advises seekers on giving up attachment, practising virtue and restraint, and gradually controlling the mind and senses until Brahma is reached."
B12C215S01,B12C215,B12,1,23158,23158,1,825,"Bhishma explains why dreams occur, how deep sleep returns the mind to the Soul, and how crossing darkness lets the yogin reach the Supreme Brahma."
B12C216S01,B12C216,B12,1,23236,23337,2,1437,"Bhishma explains the two paths of activity and renunciation, the distinction between Prakriti and Purusha, the yogic discipline and the worship of Brahma, and then concludes that desire weaves the universe and that knowledge frees one from it."
B12C217S01,B12C217,B12,1,23372,23379,2,2549,"Bhishma tells how the sage Panchasikha teaches King Janadeva of Mithila the Sankhya doctrine, refuting those who deny that the Soul survives the body."
B12C218S01,B12C218,B12,1,23595,23616,3,2324,"Janadeva questions the point of knowledge and ritual if nothing survives death, and Panchasikha answers by describing the body and senses and urging renunciation."
B12C219S01,B12C219,B12,1,23809,23816,2,631,"Yudhishthira asks what brings happiness and freedom from fear, and Bhishma praises self-restraint and describes the self-restrained man."
B12C220S01,B12C220,B12,1,23877,23903,5,337,"Bhishma explains that eating sacrificial remnants with forbidden food is a fall, and that fasting is not true penance, while renunciation and humility are."
B12C220S02,B12C220,B12,2,23922,23929,2,275,"Bhishma describes how a Brahmana is regarded as always fasting, celibate, vegetarian and hospitable."
B12C221S01,B12C221,B12,1,23954,24057,5,1114,"Indra questions the fallen Prahlada, who says that acts and beings flow from Nature, that the person is not the true doer, and that he feels no grief or desire."
B12C221S02,B12C221,B12,2,24063,24072,2,107,"Prahlada names the means to wisdom and tranquillity, and Indra praises him and returns home."
B12C222S01,B12C222,B12,1,24083,24120,5,354,"Indra asks Brahma where Vali is, and Brahma tells him that Vali has been reborn as a beast and should be spared, and that Indra should learn morality from him."
B12C222S02,B12C222,B12,2,24126,24166,3,556,"Indra finds Vali as an ass, recalls his past splendour and asks whether he grieves; Vali replies that the wise are not moved by fortune."
B12C223S01,B12C223,B12,1,24185,24284,4,2094,"Indra taunts Vali, and Vali replies that fortune and misfortune are ordained, that Time rules all beings, and that Indra too will pass away."
B12C224S01,B12C224,B12,1,24366,24395,5,263,"Indra sees the goddess Sree come out of Vali, and she refuses to name herself to him beyond her many names."
B12C224S02,B12C224,B12,2,24403,24434,5,246,"Indra asks why Sree is leaving Vali, and she explains that Vali has lost truth, gifts and devotion to the Brahmanas and has begun to boast."
B12C224S03,B12C224,B12,3,24439,24460,5,154,"Sree says no being can bear her forever, and Indra asks how she may stay, and she tells him to divide her into four parts."
B12C224S04,B12C224,B12,4,24468,24492,5,153,"Sree gives a quarter each to the earth, the waters and fire, and Indra assigns the places."
B12C224S05,B12C224,B12,5,24498,24529,5,336,"Sree gives the last quarter to the good among men, and Vali predicts a later battle, but Indra, bound by Brahma's command, lets him go, and explains the sun's yearly course."
B12C224S06,B12C224,B12,6,24542,24542,1,47,"Vali goes south and Indra goes north, and Indra ascends to the sky."
B12C225S01,B12C225,B12,1,24554,24565,2,888,"Indra asks the fallen Namuchi whether he grieves, and Namuchi explains that sorrow is useless and that all events are ordained, so the wise remain calm."
B12C226S01,B12C226,B12,1,24636,24875,5,3779,"Bhishma tells how Indra questions the calm Vali, who explains that Time rules all rise and fall and that grief helps nothing, and how Indra then makes peace and returns to heaven."
B12C226S02,B12C226,B12,2,24965,24965,1,2,A heading marks the start of Section CCXXVIII.
B12C227S01,B12C227,B12,1,24975,25050,5,791,"Bhishma introduces the meeting of Narada and Indra with Sree, and she explains who she is and why she is turning away from the Asuras."
B12C227S02,B12C227,B12,2,25056,25216,2,2243,"Sree recalls the virtues the Danavas once had and the decline that drove her away, and Narada and Indra welcome her, and prosperity returns to the world."
B12C228S01,B12C228,B12,1,25261,25289,5,782,"Devala asks Jaigishavya the source of his wisdom, and Jaigishavya describes the even-minded wise who attain Brahma beyond primordial nature."
B12C229S01,B12C229,B12,1,25345,25365,5,881,"Bhishma recites Kesava's answer to Ugrasena, praising Narada for his learning, self-control, equal regard and freedom from envy and pride, which make him loved and honoured everywhere."
B12C230S01,B12C230,B12,1,25437,25478,5,1187,"Yudhishthira asks about creation and time, and Bhishma recounts Vyasa's teaching to Suka on the units of time, the four yugas and Brahman's day and night."
B12C231S01,B12C231,B12,1,25554,25554,1,1841,"Vyasa describes how Brahma creates the elements, the body and the living world, how the Vedas and penance shape creation, and how Time governs all."
B12C232S01,B12C232,B12,1,25715,25715,1,639,"Vyasa describes the dissolution of the universe at the end of Brahman's day, with the elements, Mind and Time withdrawn into the unmanifest supreme Brahma."
B12C233S01,B12C233,B12,1,25776,25776,1,1091,"Vyasa lists the duties of a Brahmana, from study and householder life to giving and sacrifice, and names the kings and sages who gained heaven through their gifts."
B12C234S01,B12C234,B12,1,25875,25875,1,1214,"Vyasa tells the Brahmana to study the Vedas and live with restraint, and compares Time to a river that only the wise can cross on the raft of knowledge."
B12C235S01,B12C235,B12,1,25983,25983,1,1582,"Vyasa describes knowledge as the raft over life's stream, the requirements and stages of yoga, the powers gained over the elements, and the agreement of the Sankhya and yoga paths."
B12C236S01,B12C236,B12,1,26123,26140,3,1026,"Vyasa tells Suka to hold to knowledge, Suka asks what knowledge is, and Vyasa explains the limits of belief in nature alone and the rank of the wise Brahmana."
B12C237S01,B12C237,B12,1,26222,26222,1,826,"Vyasa discusses whether Brahmana duties are obligatory, reviews rival causes of action, and describes how the Vedas and duties decline through the ages under Time."
B12C238S01,B12C238,B12,1,26298,26318,3,1183,"Suka asks how Brahma is attained, Vyasa answers that knowledge, penance and renunciation lead there, and describes the Soul as present in all beings and reached by inner light."
B12C239S01,B12C239,B12,1,26411,26519,2,1311,"Vyasa lays out the yoga method, including overcoming the five impediments, restraining the senses and mind, avoiding distractions and powers, and reaching Brahma after six months of practice."
B12C240S01,B12C240,B12,1,26532,26541,2,697,"Suka asks whether knowledge or action leads to the better end, and Vyasa describes the path of action, which brings rebirth, and the path of knowledge, which leads to eternal Brahma."
B12C241S01,B12C241,B12,1,26602,26652,5,1057,"Suka asks which path is right, Vyasa recommends the forest path of detachment, and then explains the four stages of life as a ladder to Brahma, describing the student's service to his preceptor."
B12C242S01,B12C242,B12,1,26713,26713,1,1323,"Vyasa lays out the householder's graded ways of storing food, his duties of hospitality and self-restraint, the merit of his relatives, and the rising order of the stages of life."
B12C243S01,B12C243,B12,1,26831,26844,2,1306,"Bhishma announces the forest stage, and Vyasa describes the life of the forest recluse, the sages who attained heaven through it, and the final renunciation."
B12C244S01,B12C244,B12,1,26952,26959,2,1655,"Suka asks how to practise yoga in the last stage of life, and Vyasa describes the renouncer's way of life, the marks of a true Brahmana, and the supreme duty of harmlessness."
B12C245S01,B12C245,B12,1,27097,27097,1,868,"Vyasa describes the hierarchy of reality, the yogic withdrawal into the Soul, and the limits on who may receive this teaching."
B12C246S01,B12C246,B12,1,27175,27207,4,802,"Suka asks about Adhyatma, Vyasa describes the five elements and their unequal distribution, and explains which element gives rise to each sense and each quality."
B12C247S01,B12C247,B12,1,27264,27264,1,1010,"Vyasa explains how the understanding becomes mind and the senses, how the Soul witnesses the qualities without mingling with them, and how it is perceived once darkness is removed."
B12C248S01,B12C248,B12,1,27355,27355,1,648,"Vyasa explains that the Soul presides over the objects the understanding creates, advises cutting the knot of the heart through knowledge, and says that acts done without desire do not bind."
B12C249S01,B12C249,B12,1,27418,27424,2,956,"Suka asks which duty is foremost, and Vyasa gives a long teaching on restraint, knowledge of the Soul, and freedom from rebirth."
B12C250S01,B12C250,B12,1,27509,27509,1,912,"Vyasa describes the marks of a true Brahmana, the danger of desire, and the freedom of the yogin who has transcended Prakriti."
B12C251S01,B12C251,B12,1,27594,27594,1,427,"Vyasa explains how the five elements and the senses in the body are linked, how the mind, understanding and Soul fit in, and what this knowledge frees a person from."
B12C252S01,B12C252,B12,1,27638,27638,1,649,"Vyasa explains how yogins perceive the subtle Soul, why ordinary people cannot, which duties Sandilya taught, and how one reaches high Brahma."
B12C253S01,B12C253,B12,1,27701,27701,1,605,"Vyasa describes the tree of desire, the way yoga can cut it down, and how the mind and understanding in the body can be corrupted by rajas."
B12C254S01,B12C254,B12,1,27759,27803,3,535,"Bhishma repeats the list of properties of the elements, mind and understanding, Yudhishthira asks for an explanation, and Bhishma explains that the entities are created, not eternal, and that tranquillity comes from knowing Brahma."
B12C255S01,B12C255,B12,1,27823,27858,3,664,"Yudhishthira asks about death, Bhishma introduces King Anukampaka and the sage Narada, and Narada begins his tale of overpopulation and the Grandsire's wrath."
B12C256S01,B12C256,B12,1,27890,27931,4,631,"Shiva asks for mercy, the Grandsire explains his reasons, Shiva pleads for living beings, and the Grandsire creates Death and orders her to slay creatures."
B12C257S01,B12C257,B12,1,27960,27984,2,1406,"Death pleads that she cannot slay innocent creatures, and then accepts the task only after the Grandsire's order and her long austerities, with the tears becoming diseases and wind described as the life of all beings."
B12C258S01,B12C258,B12,1,28085,28094,2,1000,"Yudhishthira asks about the nature and sources of righteousness, and Bhishma explains the sources, gives examples of right conduct, and gives a closing warning."
B12C259S01,B12C259,B12,1,28178,28178,1,841,"Yudhishthira questions Bhishma's account of righteousness, arguing that scripture cannot settle duty, that the age and circumstances change it, and that the rule of following the good is circular."
B12C260S01,B12C260,B12,1,28256,28396,5,1488,"Bhishma introduces Jajali and his penances, tells how the birds nested on his head and left, and describes Jajali's pride, the voice, his journey, and his meeting with Tuladhara."
B12C261S01,B12C261,B12,1,28406,28428,4,1948,"Jajali asks how Tuladhara knows so much, and Tuladhara explains his idea of morality as harmlessness, his even-minded life as a merchant, and his criticisms of cruelty and of the Nahusha episode."
B12C262S01,B12C262,B12,1,28583,28754,5,1898,"Jajali objects to Tuladhara's teaching, Tuladhara explains that sacrifice should be done with faith and without animal slaughter, and Jajali asks for more, which Tuladhara gives before Bhishma closes the passage."
B12C263S01,B12C263,B12,1,28764,28827,3,815,"Tuladhara asks Jajali to summon the birds, the birds speak about faith and harmless acts, and Bhishma reports that Tuladhara and Jajali both went to heaven."
B12C264S01,B12C264,B12,1,28844,28889,3,468,"Bhishma recounts King Vichakhy's protest at a sacrifice of slaughter, and Yudhishthira asks how a man who avoids harm can keep his body, with Bhishma's short reply."
B12C265S01,B12C265,B12,1,28899,28908,2,2869,"Yudhishthira asks how to judge hard acts, and Bhishma tells the story of Chirakarin, whose long deliberation saved his mother, ending with Gautama's praise of reflection."
B12C266S01,B12C266,B12,1,29135,29220,5,1356,"Yudhishthira asks how a king can protect subjects without harm, and Bhishma recounts the debate between Dyumatsena and Satyavat about capital punishment, mercy, and the ages."
B12C267S01,B12C267,B12,1,29274,29338,4,1431,"Yudhishthira asks which path is higher, Bhishma tells of Kapila and the cow, and the cow's voice, speaking for Syumarasmi, defends sacrifice and the authority of the Vedas."
B12C268S01,B12C268,B12,1,29414,29577,5,1816,"Kapila praises renunciation and Syumarasmi defends the householder life, with Kapila describing self-control of the four doors and Syumarasmi asking how the Vedas can both urge and forbid acts."
B12C268S02,B12C268,B12,2,29584,29656,3,1338,"Syumarasmi introduces himself and asks what visible fruit the yogis gain, Kapila explains that knowledge and self-control lead to liberation, and Syumarasmi asks to be taught about Emancipation."
B12C269S01,B12C269,B12,1,29711,29861,5,2003,"Kapila praises the purity and self-discipline of men of old and describes renunciation as the highest end, and Syumarasmi and Kapila then debate whether householders or renouncers reach the higher place."
B12C270S01,B12C270,B12,1,29905,29994,5,1216,"Bhishma tells how a poor Brahmana sought wealth from the cloud Kundadhara, how the gods granted him virtue instead, and how he rose to spiritual power and was shown kings in hell."
B12C270S02,B12C270,B12,2,30025,30047,4,333,"Kundadhara rebukes the Brahmana for his greed and points out the vices that enchain men, and the Brahmana repents and is forgiven, with the lesson that virtue outweighs wealth."
B12C271S01,B12C271,B12,1,30071,30085,3,826,"Yudhishthira asks which sacrifice is for virtue alone, and Bhishma passes on Narada's story of Satya, the deer, and Dharma, which ends with the teaching that harmlessness is the highest religion."
B12C272S01,B12C272,B12,1,30156,30162,2,784,"Yudhishthira asks how sin, virtue, renunciation and liberation come about, and Bhishma traces the path of the sinful man and the righteous man, ending with an exhortation to adhere to virtue."
B12C273S01,B12C273,B12,1,30233,30239,2,677,"Yudhishthira asks for the means to liberation, and Bhishma gives the single path, with its remedies for anger, desire, fear, greed and ignorance, and the control of the soul by the soul."
B12C274S01,B12C274,B12,1,30303,30318,3,1452,"Narada asks about creation and destruction, and Asita-Devala answers with the five essences, the organs of knowledge and action, the states of sleep and dream, and the migration of the Jiva to Brahma."
B12C275S01,B12C275,B12,1,30440,30447,2,410,"Yudhishthira laments the killing and asks how to end greed, and Bhishma tells of the king of Videha's teaching to the sage Mandavya, who turns to liberation."
B12C276S01,B12C276,B12,1,30485,30517,5,271,"Yudhishthira asks what good to seek, and Bhishma tells how the learned son Medhavin asks his father what to do, and the father gives the conventional four-stage advice."
B12C276S02,B12C276,B12,2,30523,30615,3,1077,"The son answers that Death and decrepitude are always near, urges truth, sacrifice of the self, and renunciation, and the father follows him."
B12C277S01,B12C277,B12,1,30625,30631,2,902,"Yudhishthira asks which conduct leads to Brahma, and Bhishma describes the life of the renouncer and the path that the sage Harita taught."
B12C278S01,B12C278,B12,1,30712,30818,5,1130,"Yudhishthira laments his sorrow and asks when he will renounce, Bhishma says nothing is permanent and explains ignorance, and Vritra speaks to his preceptor Usanas about rebirth and asks how to reach Brahma."
B12C279S01,B12C279,B12,1,30828,31068,5,2800,"Usanas and Vritra hear Sanatkumara's long teaching on Vishnu's greatness, the cycles of creation and the stages of the soul, and Vritra's peaceful death in yoga."
B12C279S02,B12C279,B12,2,31074,31118,4,499,"Yudhishthira asks whether Krishna is the Lord Sanatkumara described, Bhishma identifies Kesava as a portion of the Supreme, and he reassures the Pandavas about their future."
B12C280S01,B12C280,B12,1,31131,31220,5,1007,"Yudhishthira asks how Vritra was defeated, Bhishma describes the battle, Vasishtha revives Indra, and Mahadeva and Vishnu give their help to Indra."
B12C280S02,B12C280,B12,2,31235,31240,2,162,"Indra vows to slay Vritra, the Asuras are confused by Mahadeva's fever, and Indra's form on his car is so awe-inspiring that no one can look at it."
B12C281S01,B12C281,B12,1,31259,31336,5,805,"Vritra's fever and death at Indra's thunderbolt, the sin of Brahmanicide seizing Indra, and Brahma's search for a way to free him."
B12C281S02,B12C281,B12,2,31342,31384,5,401,"Brahma gives Agni, the trees and herbs, and the Apsaras each a portion of the sin, with a condition for each."
B12C281S03,B12C281,B12,3,31391,31425,5,287,"Brahma gives the Waters a portion of the sin, with a condition on how it passes to men."
B12C281S04,B12C281,B12,4,31432,31432,1,274,"Indra is cleansed by a horse sacrifice, the origin of the unclean cocks is explained, and Bhishma says the tale brings freedom from sin."
B12C282S01,B12C282,B12,1,31462,31529,5,651,"Yudhishthira asks where Fever came from, and Bhishma describes Mahadeva's court on Mount Meru, Daksha's sacrifice, and Uma's question about why Mahadeva does not attend."
B12C282S02,B12C282,B12,2,31532,31592,5,1083,"Mahadeva explains that he has no share of the sacrifices, Uma grieves, Mahadeva's followers destroy the sacrifice, Brahma makes peace, and Fever is spread among creatures, with Bhishma's closing words."
B12C283S01,B12C283,B12,1,31645,31711,5,683,"Janamejaya asks about the destruction of Daksha's sacrifice, and Vaisampayana describes the gathering on Himavat, Dadhichi's warning, and Daksha's refusal to honour Shiva."
B12C283S02,B12C283,B12,2,31719,31755,5,1026,"Uma asks Shiva how he may win a share, Shiva answers with pride and creates a fierce being, and Virabhadra and the spirits wreck the sacrifice."
B12C283S03,B12C283,B12,3,31821,31857,2,570,"Virabhadra says he came to destroy the sacrifice, Daksha praises Shiva, and Shiva grants Daksha's request that the wrecked offerings be made useful to him."
B12C284S01,B12C284,B12,1,31878,32276,5,4890,"Yudhishthira asks for Daksha's names of the god, Bhishma gives the long hymn, a heading marks the next section, and Shiva accepts Daksha's praise and promises him the fruit of many sacrifices."
B12C284S02,B12C284,B12,2,32287,32287,1,689,"Shiva consoles Daksha, teaches him the Pasupata religion, and disappears, and Bhishma explains the power of the hymn to protect and to bring success."
B12C285S01,B12C285,B12,1,32351,32356,2,1566,"Yudhishthira asks about Adhyatma, and Bhishma explains the five essences, the senses, the understanding, the three qualities, and the difference between the understanding and the Soul."
B12C286S01,B12C286,B12,1,32498,32519,4,724,"Yudhishthira asks how to escape sorrow and death, and Bhishma tells of the sage Samanga, whose calm Narada admires, and whose explanation of past acts and freedom from desire shows why grief cannot touch him."
B12C287S01,B12C287,B12,1,32574,32614,3,1906,"Yudhishthira asks what benefits a doubting man, and Bhishma tells of Galava's question to Narada about the good among differing scriptural paths, with Narada's long reply on virtue, places to live, and the rule of kings."
B12C288S01,B12C288,B12,1,32753,32772,4,1506,"Yudhishthira asks how a king should live, Bhishma introduces Arishtanemi's teaching to Sagara, Sagara asks for the good, and Arishtanemi describes the way to freedom from attachment."
B12C289S01,B12C289,B12,1,32898,32999,5,1071,"Yudhishthira asks about Usanas's alliance with the Asuras and his name, and Bhishma tells how Usanas robbed Kubera, was swallowed by Shiva, and got out through the urethra, with Uma saving him."
B12C289S02,B12C289,B12,2,33005,33005,1,75,"Shiva lets Usanas go, and Bhishma ends the story of the Bhargava."
B12C290S01,B12C290,B12,1,33019,33037,3,962,"Yudhishthira asks what good acts to do, Bhishma tells of Janaka's question to Parasara, and Parasara explains righteousness, the duties of the classes, the fruits of acts, and the rule against doing what one would condemn in others."
B12C291S01,B12C291,B12,1,33114,33114,1,864,"Parasara explains how to steer the body and senses with knowledge, the difference between knowing and unknowing wrongdoing, the value of judgment in acts, and the duties of kings and of those who retire to the forest."
B12C292S01,B12C292,B12,1,33195,33195,1,780,"Parasara discusses self-interest, fair wealth, the debts a man owes, and the honour due to parents, the sacred fire, and teachers."
B12C293S01,B12C293,B12,1,33267,33267,1,673,"Parasara sets out the duties of each class, the value of keeping to one's own duty, and the best way to make gifts."
B12C294S01,B12C294,B12,1,33332,33332,1,1070,"Parasara explains the lawful means of livelihood for each class, traces the rise of pride and desire among men, the defeat of the Asuras by Shiva, and the rule that followed, and urges avoiding injury and seeking knowledge of the Soul."
B12C295S01,B12C295,B12,1,33429,33429,1,1320,"Parasara describes how attachment to household life leads to despair, study and penance, warns against penance done for reward, and tells householders to do their duties with honest effort."
B12C296S01,B12C296,B12,1,33551,33610,5,544,"Janaka asks why the classes differ, and Parasara explains the four classes, the mixed castes, the sages born of mixed wombs, and the Gotras, then Janaka asks for the duties."
B12C296S02,B12C296,B12,2,33616,33676,5,674,"Parasara sets out the special and common duties of the classes, and answers Janaka that acts stain a man more than birth, and that the way of acts free from harm leads to Yoga and liberation."
B12C297S01,B12C297,B12,1,33695,33827,2,1572,"Parasara discusses devotion to elders, rules of battle, the dissolution of the body, rebirth, the good death, the four stages of life, and the duties to the dead, and Bhishma closes by naming the king of Videha as the listener."
B12C298S01,B12C298,B12,1,33836,33989,5,1704,"Bhishma introduces Janaka's question, Janaka asks about the best path, Parasara answers at length on detachment, knowledge, harmlessness and past acts, and Janaka is pleased."
B12C298S02,B12C298,B12,2,33992,33992,1,8,Janaka hears the sage's words and is made very happy.
B12C299S01,B12C299,B12,1,34002,34134,5,1505,"Yudhishthira asks about the virtues, Bhishma introduces the golden swan and the Sadhyas, and the swan answers the first question with a long teaching on restraint, forgiveness and truth."
B12C299S02,B12C299,B12,2,34140,34169,5,211,"The Sadhyas ask the swan about what covers the world, who is truly happy among Brahmanas, and what makes a Brahmana divine or impure, and the swan answers each question."
B12C299S03,B12C299,B12,3,34175,34175,1,36,Bhishma ends the discourse by saying that the body is the seat of acts and the Jiva is truth.
B12C300S01,B12C300,B12,1,34185,34300,5,1255,"Yudhishthira asks about the two systems, Bhishma compares the schools and their reasons, explains the strength a Yogin needs, and describes the meditation that brings liberation."
B12C300S02,B12C300,B12,2,34306,34369,2,718,"Bhishma lists the diets and restraints that build a Yogin's power, describes the hard path of Yoga and its highest fruit, and closes the section."
B12C301S01,B12C301,B12,1,34377,34594,5,2621,"Yudhishthira asks Bhishma to explain the Sankhya principles, and Bhishma describes the doctrine's view of the world, the body's faults and the way of liberation. Yudhishthira then raises the question of whether consciousness survives liberation."
B12C301S02,B12C301,B12,2,34615,34678,2,1113,"Bhishma answers that the senses serve the soul, that a freed soul merges into Brahma, and that Sankhya knowledge is the source of other learning. He ends by describing Narayana as the one who creates and withdraws the universe."
B12C302S01,B12C302,B12,1,34719,34821,4,1606,"Vasishtha teaches king Karala about the Destructible and the Indestructible, covering the cosmic cycles, the twenty-four principles and the twenty-fifth beyond them."
B12C303S01,B12C303,B12,1,34874,34874,1,1862,"Vasishtha describes the endless births and sufferings of the forgetful soul, the bodies and practices it takes on, and the cycle of acts driven by Prakriti."
B12C304S01,B12C304,B12,1,35034,35034,1,395,"Vasishtha compares the soul to the moon's sixteen portions, explains how ignorance keeps Jiva in repeated births, and defines emancipation as freedom from Prakriti."
B12C305S01,B12C305,B12,1,35076,35106,2,1302,"Janaka asks how Emancipation can exist given the constant union of Purusha and Prakriti, and Vasishtha answers that texts must be understood, then explains the Supreme Soul and the difference between unity and multiplicity."
B12C306S01,B12C306,B12,1,35197,35267,3,1715,"Janaka asks for a fuller account of unity and multiplicity; Vasishtha explains the Yoga practice of contemplation, then the Sankhya principles and how the Soul is known as the true knower."
B12C307S01,B12C307,B12,1,35354,35472,2,1623,"Vasishtha defines knowledge and ignorance through the Sankhya principles, gives the Jiva's lament at its bondage to Prakriti and its resolve to turn to the Supreme Soul, and notes that Sankhya and Yoga agree."
B12C308S01,B12C308,B12,1,35499,35655,3,2105,"Vasishtha contrasts the Supreme Soul with the Jiva, explains how the Jiva is freed, and says who may receive the teaching. Bhishma then closes the discourse with its line of transmission and an assurance to the king."
B12C309S01,B12C309,B12,1,35691,35784,4,960,"King Vasuman asks a Bhrigu-line Rishi how to gain lasting good, and the Rishi advises righteousness, gifts, firmness and the company of the virtuous. The king takes this advice to heart."
B12C310S01,B12C310,B12,1,35794,35822,4,748,"Yudhishthira asks for teaching on the eternal and indestructible, and Bhishma introduces a dialogue in which Janaka questions Yajnavalkya, who begins by listing the principles and the stages of creation."
B12C311S01,B12C311,B12,1,35875,35875,1,567,"Yajnavalkya describes Brahma's day and night, his emergence from a golden egg, the creation of the elements and senses, and the mind's rule over them."
B12C312S01,B12C312,B12,1,35929,35929,1,502,"Yajnavalkya describes the dissolution of creation at the end of Brahma's day, from Maharudra's fire to the absorption of all into Sambhu, and introduces the three frames of teaching."
B12C313S01,B12C313,B12,1,35979,35979,1,644,"Yajnavalkya pairs each sense and faculty with its inner, outer and divine aspects, explains how Prakriti multiplies the three qualities, and lists the qualities that belong to each."
B12C314S01,B12C314,B12,1,36045,36081,2,597,"Yajnavalkya explains how the three qualities mix to decide rebirth, and how Prakriti creates only under the presence of Purusha. Janaka then asks how the two differ and asks for fuller teaching on Emancipation."
B12C315S01,B12C315,B12,1,36104,36104,1,773,"Yajnavalkya explains how Purusha seems bound to attributes while in truth being distinct from Prakriti, illustrates this with several images, and then announces the teaching of Yoga."
B12C316S01,B12C316,B12,1,36176,36176,1,995,"Yajnavalkya presents Yoga as one with Sankhya, describes breath and sense control, the eight powers and the two kinds of practice, and portrays the calm of one absorbed in Samadhi."
B12C317S01,B12C317,B12,1,36263,36263,1,737,"Yajnavalkya describes where the soul goes depending on the exit point from the body, then lists the signs that foretell death and advises the wise to unite with the Supreme Soul."
B12C318S01,B12C318,B12,1,36327,36565,5,2672,"Yajnavalkya recounts receiving the Yajush texts and compiling the Satapatha Brahmana, then answers the Gandharva Viswavasu's questions on Prakriti, Purusha and the Supreme Soul."
B12C318S02,B12C318,B12,2,36573,36614,2,1086,"Yajnavalkya says liberation comes through knowledge open to all orders, and Bhishma describes how king Daivarati handed his kingdom to his son and took up the life of a renunciant."
B12C319S01,B12C319,B12,1,36675,36684,2,492,"Yudhishthira asks how death can be avoided, and Bhishma tells the old dialogue in which Janaka questions the sage Panchasikha, who says that only renunciation leads beyond birth and death."
B12C320S01,B12C320,B12,1,36727,36965,5,6889,"Bhishma tells how the mendicant Sulabha tests king Janaka's freedom by entering his mind through Yoga, and the two debate at length on renunciation, kingship and the purity of the soul."
B12C320S02,B12C320,B12,2,37305,37305,1,20,"Bhishma notes that Janaka, having heard Sulabha's reasoning, has no answer."
B12C321S01,B12C321,B12,1,37314,37601,3,3481,"Vyasa urges his son Suka at length to master the senses, live righteously and prepare for death, and Suka then leaves to seek a teacher of liberation."
B12C322S01,B12C322,B12,1,37611,37618,2,672,"Bhishma explains that sinful acts bring hardship and righteous acts bring joy, since every deed ripens in its own time and follows the doer into the next life."
B12C323S01,B12C323,B12,1,37676,37692,2,791,"Bhishma explains that Suka's greatness comes from restraint, and recounts how Vyasa's long penance before Mahadeva on Mount Meru won him the promise of a son."
B12C324S01,B12C324,B12,1,37752,37752,1,730,"Vyasa's desire for Ghritachi leads to Suka's birth from the fire-sticks, the gods celebrate, and Suka studies the Vedas under Vrihaspati and turns toward liberation."
B12C325S01,B12C325,B12,1,37821,37821,1,1299,"Vyasa sends Suka to Janaka, Suka walks to Mithila, is kept waiting and tested by palace women, and remains calm, spending the night absorbed in Yoga."
B12C326S01,B12C326,B12,1,37937,38009,5,1725,"Janaka receives Suka with honour, and the two discuss the four stages of life. Janaka explains that knowledge is the means to liberation and tells Suka that he already has it."
B12C327S01,B12C327,B12,1,38100,38178,2,1478,"Suka returns to the Himalayas and reports to his father Vyasa, and the disciples then ask a boon that Vyasa answers with rules for teaching the Vedas."
B12C328S01,B12C328,B12,1,38235,38383,5,1686,"Vyasa's disciples leave to spread the Vedas, Narada reproaches Vyasa for the silence of recitation, and Vyasa answers with a long account of the winds and the two paths after death."
B12C329S01,B12C329,B12,1,38393,38407,2,2185,"Narada visits Suka and passes on Sanatkumara's teaching on detachment, the crossing of the river of life, and the knowledge of the Supreme Soul."
B12C330S01,B12C330,B12,1,38584,38584,1,1049,"Narada advises Suka that wisdom, not grief, is the cure for sorrow, and that contentment and self-control bring happiness, since all worldly things are transitory."
B12C331S01,B12C331,B12,1,38676,38799,2,2113,"Narada describes how fortune, suffering and rebirth lie beyond human control, and Suka resolves to attain an eternal state through Yoga, then takes leave of his father and goes to Kailasa."
B12C332S01,B12C332,B12,1,38862,38890,3,902,"Suka enters Yoga on a mountain, rises into the sky to the wonder of the heavenly beings, and asks the world to answer his father's calls when he has gone."
B12C333S01,B12C333,B12,1,38952,38952,1,1123,"Suka passes into Brahma with cosmic omens, and Vyasa grieves until Mahadeva consoles him with the promise of his son's fame and a shadow of him."
B12C334S01,B12C334,B12,1,39053,39191,5,1471,"Yudhishthira asks about the highest deity and the path to Emancipation, and Bhishma relates Narada's visit to Narayana, who teaches that the inner soul is the highest object of worship."
B12C335S01,B12C335,B12,1,39201,39263,4,1883,"Narada visits the White Island, Yudhishthira asks about its inhabitants, and Bhishma tells the story of King Uparichara and the treatise composed by the seven seers."
B12C336S01,B12C336,B12,1,39379,39423,3,1932,"Vrihaspati presides over Uparichara's sacrifice, Hari takes his share unseen, and the Sadasyas calm Vrihaspati with the account of the White Island and Vasu's fall and rise."
B12C337S01,B12C337,B12,1,39553,39594,5,371,"The gods and Rishis dispute whether sacrifices should use goats or grain, and Vasu is asked to judge between them."
B12C337S02,B12C337,B12,2,39601,39675,2,919,"Vasu sides with the gods and is cursed to fall, and the gods and Narayana then provide for him and lift him back to heaven. Bhishma then turns to Narada's journey to the White Island."
B12C338S01,B12C338,B12,1,39686,39700,2,1530,"Narada reaches the White Island, takes up silent Yoga there, and offers Narayana a long hymn of praise."
B12C339S01,B12C339,B12,1,39820,40111,5,3561,"Narada's hymn brings Narayana before him in universal form, and the god explains his nature, his fourfold manifestation and his descents, then sends Narada back to repeat the teaching."
B12C339S02,B12C339,B12,2,40126,40206,5,940,"Yudhishthira asks why Brahman did not know Narayana's greatness, Bhishma traces how the narrative was handed down and commends it to devotees, and the frame closes with Vaisampayana's words and Suta's account of the sacrifice at Naimisha."
B12C340S01,B12C340,B12,1,40226,40352,5,1505,"Sauti introduces Vaisampayana's answer to Janamejaya, which recalls Vyasa's account of creation through Aniruddha and the eight Prakritis, and the gods' appeal to Brahman."
B12C340S02,B12C340,B12,2,40371,40497,5,1533,"Narayana grants the gods shares in sacrifice and foretells the decline of righteousness through the four ages, and Brahman sees him in a horse-headed form."
B12C340S03,B12C340,B12,3,40514,40562,2,912,"Narayana charges Brahman with creation and vanishes, and Vaisampayana closes by describing the blessings that come to those who hear and recite the narrative."
B12C341S01,B12C341,B12,1,40596,40625,4,2064,"Janamejaya asks for the meanings of Hari's names, and Vaisampayana recounts Krishna's explanation to Arjuna of how his names arise from his nature and deeds."
B12C342S01,B12C342,B12,1,40778,41342,5,7216,"Krishna narrates the origin of Agni and Soma, the stories of Indra and the Brahmanas, many of his own names, and the battle between Rudra and Narayana that ends in peace."
B12C342S02,B12C342,B12,2,41387,41387,1,310,"Krishna concludes that Rudra and Narayana are one, and tells Arjuna to bow to Rudra, whom he calls his own wrath-born form."
B12C343S01,B12C343,B12,1,41419,41554,5,1480,"Saunaka's praise and question, Sauti's framing of Janamejaya's request, and Vaisampayana's account of Narada's journey to Vadari and his welcome by Nara and Narayana."
B12C343S02,B12C343,B12,2,41560,41560,1,608,Narada describes what he saw on White Island and says he has come back under the Lord's orders to live with Nara and Narayana.
B12C344S01,B12C344,B12,1,41616,41689,2,949,"Nara and Narayana teach Narada about the Supreme Soul, the elements, and the path of the liberated, and Narada then settles into devotion and long residence at Vadari."
B12C345S01,B12C345,B12,1,41707,41773,4,1063,"Nara questions Narada about his rites, Narada explains his worship, and the two sages tell the origin of the Pitris and the Pinda offering."
B12C346S01,B12C346,B12,1,41811,41849,2,863,"Narada's departure, Vaisampayana's advice to the king to continue the horse sacrifice, and Sauti's account of the king's rites and a praise of Narayana."
B12C347S01,B12C347,B12,1,41891,41992,5,1253,"Janamejaya's question, Sauti's framing, and Vaisampayana's account of the dissolution and creation, the theft of the Vedas, and Brahma's lament."
B12C347S02,B12C347,B12,2,42011,42113,2,1938,"Brahma's hymn to Narayana, the horse-headed form and recovery of the Vedas, the battle with the demons, and Vaisampayana's closing praise of this form."
B12C348S01,B12C348,B12,1,42178,42408,5,2678,"Janamejaya's questions about devotion, Vaisampayana's account of how the teaching was handed down, and his explanation of the three dispositions and who receives grace."
B12C348S02,B12C348,B12,2,42415,42415,1,296,"Vaisampayana's closing summary: the path of renunciation of action, the unity of the teachings, and the warning that this doctrine is hard to practise."
B12C349S01,B12C349,B12,1,42447,42509,5,2146,"Janamejaya's question about the systems, Vaisampayana's praise of Vyasa, and Vyasa's account of his birth from Narayana as told to his disciples."
B12C349S02,B12C349,B12,2,42644,42704,5,862,"Vaisampayana's survey of the main cults, all centred on Narayana, and Janamejaya's question about one Purusha or many."
B12C349S03,B12C349,B12,3,42741,42779,5,423,"Brahma and Mahadeva meet on Mount Vaijayanta, and Brahma explains which Purusha he meditates on."
B12C350S01,B12C350,B12,1,42795,42795,1,1013,"Brahma's full answer to Mahadeva about the one Purusha, his nature, his manifestation as Narayana, and the origin of everything from him."
B12C351S01,B12C351,B12,1,42884,42899,3,421,"Sauti's introduction, Yudhishthira's question to Bhishma about the foremost duties of each stage of life, and Bhishma's answer that he will recount Narada's talk with Indra."
B12C352S01,B12C352,B12,1,42932,43000,4,989,"Bhishma introduces a householder's doubts about duty, his conversation with a guest about renunciation, and the guest's reply that many paths lead to heaven."
B12C353S01,B12C353,B12,1,43032,43032,1,406,"The guest's instruction, naming the Naga Padmanabha in Naimisha and describing his character."
B12C354S01,B12C354,B12,1,43072,43096,2,420,"The host's gratitude, the night spent in talk about renunciation, and the host's departure the next morning."
B12C355S01,B12C355,B12,1,43116,43147,4,402,"The Brahmin's arrival at the Naga's house, his request to see the Naga, the wife's reply about her husband's absence, and his decision to wait by the Gomati."
B12C356S01,B12C356,B12,1,43164,43193,2,460,"The Naga's relatives plead with the fasting Brahmin, and he refuses, sending them home."
B12C357S01,B12C357,B12,1,43212,43229,2,585,"The Naga's return, his questions to his wife about his household duties, and her reply on the duties of each class and her appeal that he meet the waiting Brahmin."
B12C358S01,B12C358,B12,1,43270,43312,3,723,"The Naga questions whether the guest is human, his wife urges him to attend to the guest, and the Naga agrees to meet him after a reflection on the harm of wrath."
B12C359S01,B12C359,B12,1,43342,43383,4,520,"The Naga meets the Brahmin on the Gomati, the Brahmin introduces himself and his purpose, and the Naga offers his service."
B12C360S01,B12C360,B12,1,43400,43407,2,594,"The Brahmin's request for a marvel, the Naga's account of the Sun's wonders, and his description of the radiant being who joined the Sun."
B12C361S01,B12C361,B12,1,43459,43481,2,245,"Surya's explanation of the radiant being as a Brahmin who attained heaven through the Unccha vow, with the Naga's concluding remarks."
B12C362S01,B12C362,B12,1,43489,43555,5,666,"The Brahmin's farewell to the Naga, his resolve to live by the Unccha vow, his initiation by Chyavana, and the chain of teachers through whom the story reached Bhishma."
B12C362S02,B12C362,B12,2,43559,43581,5,112,"Translator's notes 1 to 4, on the period of impurity after a death, a phrase about inward light, and the weapon that will not come back at death."
B12C362S03,B12C362,B12,3,43586,43609,5,116,"Translator's notes 5 to 9, on variant readings, Yudhishthira's argument about the slain warriors, pairs of opposites, and why wealth matters for rites."
B12C362S04,B12C362,B12,4,43613,43639,5,176,"Translator's notes 10 to 14, on the forest recluses who gather fallen fruit, the origin of one's possessions, and a gloss on one word."
B12C362S05,B12C362,B12,5,43643,43676,5,269,"Translator's notes 15 to 19, on the Ordainer and the duties of Kshatriyas, the merit of sacrifice, and the fate of souls after death."
B12C362S06,B12C362,B12,6,43682,43700,5,82,"Translator's notes 20 to 24, on the gods' rise through action, the word for non-believer, the path of the gods, and the false renouncer."
B12C362S07,B12C362,B12,7,43705,43726,5,121,"Translator's notes 25 to 29, on whether Yudhishthira should rule, the threefold aims of life, and the body as a meaning of mind."
B12C362S08,B12C362,B12,8,43731,43754,5,197,"Translator's notes 30 to 34, on selfish action leading to death, a variant reading, the three kinds of strength, and the graded punishments for each class."
B12C362S09,B12C362,B12,9,43765,43785,5,134,"Translator's notes 35 to 39, on the fisherman's livelihood, killing to live, the sense of a boundary word, fear as a force, and the rod for the child."
B12C362S10,B12C362,B12,10,43792,43820,5,231,"Translator's notes 40 to 44, on killing a tiger to protect the herd, the three humours, Arjuna's wrath at his wife's insult, and the cost of abandoning prosperity."
B12C362S11,B12C362,B12,11,43827,43864,5,280,"Translator's notes 45 to 49, on conquering the mind, the restored locks of Draupadi, the tiger as a fisher, the penances of kings, and the desire that remains."
B12C362S12,B12C362,B12,12,43868,43894,5,159,"Translator's notes 50 to 54, on false renunciation in luxury, the paths of the Pitris and the gods, the unity of all beings, and sacrifice."
B12C362S13,B12C362,B12,13,43899,43925,5,164,"Translator's notes 55 to 59, on dependence on destiny, the wife as a partner in acts, the case of Janaka, and the fire for libations."
B12C362S14,B12C362,B12,14,43930,43956,5,187,"Translator's notes 60 to 64, on Janaka resuming his kingdom, ruling without attachment, the Nyaya view of the soul, and ignorance as the cause of rebirth."
B12C362S15,B12C362,B12,15,43963,43992,5,192,"Translator's notes 65 to 69, on sacrifices that need wealth, wealth as a self, the fear of others, contemplation, and discontent."
B12C362S16,B12C362,B12,16,43996,44016,5,74,"Translator's notes 70 to 74, on the robber, the king's share of produce, the proud, the meaning of yoga and renunciation, and those who escaped grief."
B12C362S17,B12C362,B12,17,44020,44044,5,136,"Translator's notes 75 to 79, on a word meaning increased, true knowledge of Brahma, ill-gotten wealth for sacrifice, penance for a better birth, and causes."
B12C362S18,B12C362,B12,18,44048,44066,5,127,"Translator's notes 80 to 84, on mortal desire for immortality, the course of time, the science of life, and the subtle body."
B12C362S19,B12C362,B12,19,44075,44094,5,97,"Translator's notes 85 to 89, on Paramatma, a sacrifice that gives away all wealth, the word for wealth, a reading, and the seven Soma sacrifices."
B12C362S20,B12C362,B12,20,44100,44128,5,185,"Translator's notes 90 to 94, on the royal umbrella, Bharata's birth, a word for praise, and the legend of the Ganga."
B12C362S21,B12C362,B12,21,44133,44154,5,132,"Translator's notes 95 to 99, on the wealth of Dilipa, a bow, a phrase, names of kings, and Yayati's altars."
B12C362S22,B12C362,B12,22,44161,44181,5,114,"Translator's notes 100 to 104, on liberal men, one umbrella on earth, a measure of distance, a golden excreta image, and the duty of the Kshatriya to protect others."
B12C362S23,B12C362,B12,23,44188,44208,5,123,"Translator's notes 105 to 109, on the Supreme Being as the urger of acts, the denial of a next world, responsibility for deeds, and the design of the battle."
B12C362S24,B12C362,B12,24,44213,44230,5,54,"Translator's notes 110 to 114, on the performer of a hundred sacrifices, teachers who charge fees, sacrifice, and the Soma offering."
B12C362S25,B12C362,B12,25,44235,44264,5,215,"Translator's notes 115 to 119, on the penance for Brahmin slaughter, a harder fast, the five products of the cow, and the reciters of scripture."
B12C362S26,B12C362,B12,26,44270,44291,5,107,"Translator's notes 120 to 124, on a Vedic scholar, a verse also found in Manu, a phrase about laying down life, the Kaurava priest, and named plants."
B12C362S27,B12C362,B12,27,44296,44315,5,98,"Translator's notes 125 to 129, on the six expedients of a king, gratitude, the meaning of Purusha, Aditi, and the Yugas."
B12C362S28,B12C362,B12,28,44321,44341,5,121,"Translator's notes 130 to 134, on the ranks of kings, Vishnu's dwarf incarnation, Dhruva, Dhaumya, and Krishna's three steps."
B12C362S29,B12C362,B12,29,44347,44378,5,252,"Translator's notes 135 to 139, on the fourth state of consciousness, mind and understanding, the swan as name of the Supreme, and the attributeless Brahma, and the Vedic divisions."
B12C362S30,B12C362,B12,30,44385,44409,5,154,"Translator's notes 140 to 144, on the quadruple soul and its names, penance, the fire-sticks, the twelve Adityas, and pure light."
B12C362S31,B12C362,B12,31,44416,44441,5,188,"Translator's notes 145 to 149, on the libations and meters, a thousand-year sacrifice, euphonic changes, the body and mind as the field, and the sixteen attributes."
B12C362S32,B12C362,B12,32,44449,44472,5,117,"Translator's notes 150 to 154, on the residue of sin and merit, the four ways of eating, the bonds of love, a student, and flax."
B12C362S33,B12C362,B12,33,44476,44498,5,115,"Translator's notes 155 to 159, on worldly life and its bonds, the one who does not return, the Vedas as speech, inward light, and fame."
B12C362S34,B12C362,B12,34,44503,44521,5,73,"Translator's notes 160 to 164, on virtue's bridge, liberality with a king's property, things fit for kings, a Brahmin who stays home, and the seven limbs of the state."
B12C362S35,B12C362,B12,35,44526,44554,5,185,"Translator's notes 165 to 169, on the six measures of policy, a word for unbeatable, the need for royal protection, the cowherd and barber, and heroes of speech."
B12C362S36,B12C362,B12,36,44559,44587,5,202,"Translator's notes 170 to 174, on the flow of rain from sacrifice, the three results of chastisement, a criticism of an earlier translation, renunciation, and the Manwantara."
B12C362S37,B12C362,B12,37,44592,44617,5,166,"Translator's notes 175 to 179, on kings as human gods, a reading, a verse on the second line, the king's amiable face, and the difference between two priests."
B12C362S38,B12C362,B12,38,44623,44644,5,137,"Translator's notes 180 to 184, on returning unwounded from battle, the need for war, a turban and seats, the Sudra's duty to elders, and excessive zeal."
B12C362S39,B12C362,B12,39,44651,44677,5,215,"Translator's notes 185 to 189, on the minor sacrifice, the Purnapatra as a fee, the Sudra's share in merit, and the gods of each class."
B12C362S40,B12C362,B12,40,44685,44711,5,168,"Translator's notes 190 to 194, on sacrifice by body, speech, and mind, the Sudra's mental sacrifice, the Vitana fire, and the diversity of the Vedas."
B12C362S41,B12C362,B12,41,44715,44737,5,156,"Translator's notes 195 to 199, on the effects of past acts, free agency, priests and service, and the king's share of merit."
B12C362S42,B12C362,B12,42,44744,44763,5,75,"Translator's notes 200 to 204, on the comparison of kingly duty with other stages, exceptions, creating confusion, and a variant reading."
B12C362S43,B12C362,B12,43,44768,44788,5,103,"Translator's notes 205 to 209, on Yama as the duty of Kshatriyas, a gloss on omniscience, the object that is Brahma, merits of all stages, and protecting others."
B12C362S44,B12C362,B12,44,44794,44817,5,122,"Translator's notes 210 to 214, on punishing without wrath, goodness, anarchy, the patience that a king makes possible, and blessedness."
B12C362S45,B12C362,B12,45,44822,44841,5,73,"Translator's notes 215 to 219, on the wind as charioteer of fire, not coveting the king's goods, the words for an enemy, and a reading."
B12C362S46,B12C362,B12,46,44845,44863,5,75,"Translator's notes 220 to 224, on holy trees, small doors for air, the eighteen tirthas, discharging debt, and a grammar point."
B12C362S47,B12C362,B12,47,44867,44887,5,104,"Translator's notes 225 to 229, on the age of Krita, true sources of revenue, wealth without merit, a word for flourishing, and the charcoal-maker and the flowerman."
B12C362S48,B12C362,B12,48,44893,44913,5,92,"Translator's notes 230 to 234, on the repository of duties, children as subjects, a long voyager, priests, and raw food."
B12C362S49,B12C362,B12,49,44917,44945,5,221,"Translator's notes 235 to 239, on sinners who still reach heaven, the Kshatriya's duty, the Dakshina, its substitutes, and the value of a small gift given with devotion."
B12C362S50,B12C362,B12,50,44952,44979,5,189,"Translator's notes 240 to 244, on the sacrifice that extends sacrifice, the kusa grass, a rivalry, the snake, and payment."
B12C362S51,B12C362,B12,51,44984,45007,5,114,"Translator's notes 245 to 249, on conduct, the minimum number of counsellors, three kinds of citadels, and shade trees."
B12C362S52,B12C362,B12,52,45012,45034,5,152,"Translator's notes 250 to 254, on consulting ministers, leaving producers a margin, the subjects' readiness to help, and taxes."
B12C362S53,B12C362,B12,53,45042,45063,5,138,"Translator's notes 255 to 259, on acts, the wealthy man's standing, Brahmins before they are fed, the loss of a guide, and a king's duty to a departing Brahmin."
B12C362S54,B12C362,B12,54,45070,45092,5,107,"Translator's notes 260 to 264, on a verb reading, a verse about taking up opinion calmly, and the light taxation of hard-working people."
B12C362S55,B12C362,B12,55,45097,45119,5,165,"Translator's notes 265 to 269, on a verb reading, the age of the discourse, and the etymology of the words for king and a low ruler."
B12C362S56,B12C362,B12,56,45127,45147,5,98,"Translator's notes 270 to 274, on protecting the weak, the cow-keeper's patience, the ruin of officers, and a word for kings."
B12C362S57,B12C362,B12,57,45152,45181,5,220,"Translator's notes 275 to 279, on the king as God to the righteous, a misread verse, the ministers, the king's dangers, and the rules of fighting."
B12C362S58,B12C362,B12,58,45188,45213,5,175,"Translator's notes 280 to 284, on the preferred reading of a verse on armour, the distress of being unhorsed, an elliptical verse, and deceit in battle."
B12C362S59,B12C362,B12,59,45219,45246,5,173,"Translator's notes 285 to 289, on a verse that is hard to follow, two kings who took or refused spoils, the protection of subjects as a sacrifice, and striking with the blade."
B12C362S60,B12C362,B12,60,45250,45271,5,194,"Translator's notes 290 to 294, on the ghee and altar sticks, the place of wives in the enemy camp, surrender with a straw, and Nilakantha's four causes of battle."
B12C362S61,B12C362,B12,61,45285,45305,5,74,"Translator's notes 295 to 299, on the seven Rishi stars, Venus, a hero like Bhurisravas, a delaying sacrifice, and a word for shameless."
B12C362S62,B12C362,B12,62,45309,45327,5,91,"Translator's notes 300 to 304, on pain and death, a word for group, the wedge formation, a word for snake, and the role of an astrologer and priest."
B12C362S63,B12C362,B12,63,45334,45364,5,183,"Translator's notes 305 to 309, on the fear of a herd, a verse on army flight, the word for battle, conciliation, and gathering knowledge of the enemy."
B12C362S64,B12C362,B12,64,45368,45392,5,138,"Translator's notes 310 to 314, on the French loss of Alsace and Lorraine, ruin of a foe, the Atharvan rites, a word for skill, and the sixfold forces."
B12C362S65,B12C362,B12,65,45397,45422,5,176,"Translator's notes 315 to 319, on the cost of campaigns, idle talk about others' faults, two reading errors, and a deposed king's hope."
B12C362S66,B12C362,B12,66,45427,45448,5,123,"Translator's notes 320 to 324, on wealth held for others, a word for good, a reading error, the bael fruit, and exhausting a foe's treasury."
B12C362S67,B12C362,B12,67,45454,45473,5,79,"Translator's notes 325 to 329, on the ruler of Videha, a word for victory, the aristocracy around a throne, heavy taxes, and humble learned men."
B12C362S68,B12C362,B12,68,45477,45498,5,110,"Translator's notes 330 to 334, on a verse about the king, a reading error, a rule about duty, a word that is far-fetched, and the reversal of truth and untruth."
B12C362S69,B12C362,B12,69,45503,45530,5,195,"Translator's notes 335 to 339, on references to the Karna Parva, a Rishi who concealed innocents, an owl that went to heaven, Vasishtha's definition of duty, and a reading."
B12C362S70,B12C362,B12,70,45536,45558,5,114,"Translator's notes 340 to 344, on a construction, conduct over birth, the duties of government, a far-fetched reading, and the equality of states."
B12C362S71,B12C362,B12,71,45563,45583,5,103,"Translator's notes 345 to 349, on waiting for a weak foe, a reading, a bird, the curse about Yama's house, and a misreading."
B12C362S72,B12C362,B12,72,45588,45609,5,105,"Translator's notes 350 to 354, on the dog as unclean, the loyalty of high- and low-born servants, a phrase, a request for brevity, and two sides of a king's conduct."
B12C362S73,B12C362,B12,73,45614,45638,5,138,"Translator's notes 355 to 359, on qualities a king should assume, a palm tree as taxation metaphor, tampering with enemy garrisons, a covetous king, and whose property it is."
B12C362S74,B12C362,B12,74,45642,45667,5,146,"Translator's notes 360 to 364, on king-craft, the regions won by merit, the word for law, a frightful form, and five things named together."
B12C362S75,B12C362,B12,75,45671,45714,5,395,"Translator's notes 365 to 369, on three kinds of law, the king's guilt under law, a variant reading about hair, acknowledging a tutor, and the mild form of the Grandsire."
B12C362S76,B12C362,B12,76,45720,45742,5,160,"Translator's notes 370 to 374, on the weapon word and Vishnu, inconsistencies and likely interpolations, self-discipline, unclear verses, and the three merits of marital union."
B12C362S77,B12C362,B12,77,45750,45774,5,143,"Translator's notes 375 to 379, on the three qualities, the purpose of virtue, wealth, and pleasure, a compound word, a food, and sharp memory."
B12C362S78,B12C362,B12,78,45780,45798,5,89,"Translator's notes 380 to 384, on a wish to rob Prahlada of his conduct, a Himalayan lake, two immortal sages, and the slender nature of hope."
B12C362S79,B12C362,B12,79,45804,45825,5,106,"Translator's notes 385 to 389, on the word maya, Yudhishthira's distress, a topic not for a general audience, and a king's ingenuity."
B12C362S80,B12C362,B12,80,45830,45847,5,114,"Translator's notes 390 to 394, on a pure heart, the end of distress, ordinary times, making amends, and saving one's own life in hard times."
B12C362S81,B12C362,B12,81,45855,45882,5,248,"Translator's notes 395 to 399, on fate written on the forehead, removing a cause, the army and courts, contributions in distress, and the punishment of priests."
B12C362S82,B12C362,B12,82,45893,45913,5,89,"Translator's notes 400 to 404, on the four bases of duty, yielding with ease, the fear of a king without compassion, sparing families, and a phrase about wealth."
B12C362S83,B12C362,B12,83,45917,45940,5,144,"Translator's notes 405 to 409, on a poor man's little, reproachful gifts, cherishing the good, the origin of sacrifice from desire, and quick friendship."
B12C362S84,B12C362,B12,84,45946,45967,5,146,"Translator's notes 410 to 414, on virtue and long life, a man cast out, a corrected reading, fear and courage, and five causes of hostility."
B12C362S85,B12C362,B12,85,45975,45995,5,92,"Translator's notes 415 to 419, on a calm review of a quarrel, Time as doer, indifference to sorrow, honey-seekers, and the decay of all things."
B12C362S86,B12C362,B12,86,46000,46024,5,245,"Translator's notes 420 to 424, on six animals and figures a king should imitate, a patient crane, passing danger, and the three aims that obstruct each other."
B12C362S87,B12C362,B12,87,46037,46061,5,128,"Translator's notes 425 to 429, on keeping and gaining, prosperity under a good king, roadside shelters, the Rakshasas, and abandoning a sacred fire."
B12C362S88,B12C362,B12,88,46065,46087,5,148,"Translator's notes 430 to 434, on flowers already offered, the ban on dog's meat, Agastya, the wife as a companion, and hospitality."
B12C362S89,B12C362,B12,89,46092,46112,5,107,"Translator's notes 435 to 439, on the comforts of home, the great departure, the root of distress, gifts, and the word for that world."
B12C362S90,B12C362,B12,90,46118,46142,5,142,"Translator's notes 440 to 444, on the Mleccha tribes, instruction, the taboo on speaking with a Brahmin-slayer, a tentative version, and a phrase."
B12C362S91,B12C362,B12,91,46146,46172,5,185,"Translator's notes 445 to 449, on patience and self-restraint, the sanctity of sacred waters, daily prayers, a reading, and kindness to animals."
B12C362S92,B12C362,B12,92,46178,46205,5,228,"Translator's notes 450 to 454, on a reading, the Ramayana tale of a dead Brahmin boy and the Sudra who was slain, a phrase on giving up the body, and the word sramana."
B12C362S93,B12C362,B12,93,46213,46239,5,238,"Translator's notes 455 to 459, on Bhishma's doubt about his words, the twelve questions, the meaning of highest good, and the limits of contentment."
B12C362S94,B12C362,B12,94,46250,46270,5,104,"Translator's notes 460 to 464, on the blessed end of such a man, distinctions of caste and food, the region of Brahma within the heart, and a possible Buddhist echo."
B12C362S95,B12C362,B12,95,46274,46303,5,191,"Translator's notes 465 to 469, on a triplet, compassion as a passion to check, preceptors who teach free of fee, the sacrificial gift, and a reading."
B12C362S96,B12C362,B12,96,46307,46327,5,106,"Translator's notes 470 to 474, on the grand sacrifice with Soma, a grammatical particle, a three-day fast, the rule of living for the day, and a king's duty to Brahmins."
B12C362S97,B12C362,B12,97,46332,46357,5,152,"Translator's notes 475 to 479, on a fallen Brahmin, the category of foeticide, the reading on drinking, a verb reading, and a compound."
B12C362S98,B12C362,B12,98,46361,46380,5,72,"Translator's notes 480 to 484, on Nakula's question and Bhishma's wounds, variant readings, the sense of family, and an unintelligible line."
B12C362S99,B12C362,B12,99,46384,46412,5,196,"Translator's notes 485 to 489, on a triplet error, a Buddhist-sounding passage likely added later, a doctrine compared to Leibniz, householders, and a reading."
B12C362S100,B12C362,B12,100,46417,46438,5,99,"Translator's notes 490 to 494, on a correct reading, a torn piece, Brahmins who accept no gift from Sudras, the Kimpurusha, and a phrase about goods."
B12C362S101,B12C362,B12,101,46442,46467,5,200,"Translator's notes 495 to 499, on separate seats at feasts, the fire that keeps beasts away, the celestial cow, a reading, and friends as a source of wealth."
B12C362S102,B12C362,B12,102,46474,46507,5,300,"Translator's notes 500 to 504, on the senses of Dharma and tapas, the death of the body, the Rishis and embalming, a saying on the cow, and the four stages of consciousness."
B12C362S103,B12C362,B12,103,46515,46540,5,159,"Translator's notes 505 to 509, on the extremes and middle stages of consciousness, pride, Samadhi, Yogic double vision, and a repeated verse."
B12C362S104,B12C362,B12,104,46544,46564,5,108,"Translator's notes 510 to 514, on the body as a house, love of human lovers, a reading, and the meaning of a prefix."
B12C362S105,B12C362,B12,105,46570,46595,5,182,"Translator's notes 515 to 519, on the senses as gods, lawless men, the readings of untruth as food, the four kinds of inner sacrifice, and a sacrifice of battle."
B12C362S106,B12C362,B12,106,46602,46636,5,266,"Translator's notes 520 to 524, on seeking Brahma, Yudhishthira's question about wealth and joy, old verses, the crow and palmyra fallacy, and destiny."
B12C362S107,B12C362,B12,107,46641,46666,5,213,"Translator's notes 525 to 529, on later additions, a sage's desire fulfilled, the sense of desire and will, and a reading about Desire leaving."
B12C362S108,B12C362,B12,108,46674,46700,5,164,"Translator's notes 530 to 534, on attributes founded on Rajas and Tamas, universal love, a reading on wealth, the bee in the forest, and the story of Pingala."
B12C362S109,B12C362,B12,109,46704,46736,5,254,"Translator's notes 535 to 539, on the maiden who broke her anklets, a word for no cause, a man unmoved by son's birth and death, the Ajagara snake, and thirst."
B12C362S110,B12C362,B12,110,46741,46767,5,145,"Translator's notes 540 to 544, on verse breaks, auspicious constellations, a word for microscopic, what gifts and sacrifice include, and a closing phrase."
B12C362S111,B12C362,B12,111,46771,46801,5,231,"Translator's notes 545 to 549, on an inseparable associate, the orthodox balance of merit, a reading of a word for water, the trackless path of the virtuous, and the mind."
B12C362S112,B12C362,B12,112,46806,46827,5,107,"Translator's notes 550 to 554, on Veda as knowledge and power, a compound for the Supreme Soul, the word for shining ones, the Rishis' view of air, and the five elements."
B12C362S113,B12C362,B12,113,46833,46853,5,119,"Translator's notes 555 to 559, on treating diseased plants, a translation dispute, a reading, the duct, and an anatomical insight compared to Harvey."
B12C362S114,B12C362,B12,114,46860,46899,5,347,"Translator's notes 560 to 564, on yogic control of the main duct and the brain, the figure of seeing one's soul, the four classes and attributes, creation by Yoga and by sages, and aversion."
B12C362S115,B12C362,B12,115,46904,46937,5,254,"Translator's notes 565 to 569, on a reading, the renunciation of acts, the subtle body, limited heavenly felicity, and the eclipse legend."
B12C362S116,B12C362,B12,116,46942,46961,5,240,"Translator's notes 570 to 574, on the purpose of Vedic fruits, a prose section, the uses of Dharma, a corrected reading, and the rule that pupils wait to be called."
B12C362S117,B12C362,B12,117,46978,46999,5,105,"Translator's notes 575 to 579, on gleaning, renunciation, procreation as honour to the Creator, the goal of Moksha, and the well-instructed."
B12C362S118,B12C362,B12,118,47004,47033,5,181,"Translator's notes 580 to 584, on niyama and related terms, the absence of poor laws, the metaphorical region, a reading, and certainty of knowledge."
B12C362S119,B12C362,B12,119,47037,47067,5,212,"Translator's notes 585 to 589, on Yoga and metaphor, the next world, the Pushkara sacred place, a translation error, and the five limbs washed before eating."
B12C362S120,B12C362,B12,120,47072,47091,4,143,"Translator's notes 590 to 593, on washing after eating, a misread verse, a difficult verse, and the meat left from a Sraddha offering."
B12C363S01,B12C363,B12,1,47108,47134,5,193,"Notes 594 to 598, on the sacred thread, the formulas of a gift, the polite form of address, how sins return to the sinner, and the mind as the source of merit and sin."
B12C363S02,B12C363,B12,2,47141,47168,5,281,"Notes 599 to 603, on the mind as the cause of virtue, the sense of adhyatma, the repeated question, the word for cognitions, and the parts of the self."
B12C363S03,B12C363,B12,3,47181,47217,5,271,"Notes 604 to 608, on the three qualities, a question of idealism, the followers of Reid, the ocean simile, and the cause of passion."
B12C363S04,B12C363,B12,4,47223,47252,5,224,"Notes 609 to 613, on repeated words, a word of ill-luck, a verse not followed, the soul as witness, and the qualities as transcended."
B12C363S05,B12C363,B12,5,47259,47294,5,249,"Notes 614 to 618, on an elliptical line, sinful acts and fear, why yoga of the mind surpasses rites, and the state of purity."
B12C363S06,B12C363,B12,6,47300,47327,5,210,"Notes 619 to 623, on the stages of yoga, exertion and destiny, Sankhya and Vedanta, and silent recitation of Om."
B12C363S07,B12C363,B12,7,47334,47360,5,181,"Notes 624 to 628, on the two paths of action and abstention, the cleansing of the heart, samadhi, the goal of yoga, and what hell means here."
B12C363S08,B12C363,B12,8,47367,47391,5,157,"Notes 629 to 633, on rebirth as a kind of hell, the godlike powers of yogins, a variant line, non-attachment, and pure knowledge."
B12C363S09,B12C363,B12,9,47397,47416,5,89,"Notes 634 to 638, on the six Angas, intuition, a verb, the two courses of duty, and the story of Vikrita's gift of merit."
B12C363S10,B12C363,B12,10,47421,47453,5,267,"Notes 639 to 643, on gleaning grains, the exchange of merit between Vikrita and Virupa, a king's dilemma, and terminable felicity."
B12C363S11,B12C363,B12,11,47457,47480,5,150,"Notes 644 to 648, on emancipation, the four means of knowledge, the sixteen parts of the body, a misreading, and the king's invitation to share rewards."
B12C363S12,B12C363,B12,12,47487,47515,5,191,"Notes 649 to 653, on yogins and reciters, false worship, the six Vedangas, the seeking of liberation, and hell."
B12C363S13,B12C363,B12,13,47520,47549,5,356,"Notes 654 to 658, on sacrifice as preparation, the mind and acts, the abandonment of fruits, a grammar point, and the three attributes of acts."
B12C363S14,B12C363,B12,14,47566,47595,5,185,"Notes 659 to 663, on a difficult verse, acts and liberation, freedom from recitation, the senses, and atom, space, and Maya."
B12C363S15,B12C363,B12,15,47600,47620,5,96,"Notes 664 to 668, on a term for lacking a knower, seeing one's own soul, the moon in water, a simile of fruits, and lamps on trees."
B12C363S16,B12C363,B12,16,47625,47661,5,275,"Notes 669 to 673, on the analogies of fire, wind, sun, and rivers, readings of two words, the meaning of linga, and a parallel in the Gita."
B12C363S17,B12C363,B12,17,47666,47697,5,241,"Notes 674 to 678, on a possible knowledge of spectacles, the phrase by death on sleep, the soul in dreams, and the wind and fire simile."
B12C363S18,B12C363,B12,18,47703,47749,5,573,"Notes 679 to 683, on a reading of the senses, the tree simile, the names of Brahma, the eclipse image, and the state of dreamless sleep."
B12C363S19,B12C363,B12,19,47770,47790,5,112,"Notes 684 to 688, on a grammatical form, the objects to be abandoned, the sense of regaining one's nature, and a reading."
B12C363S20,B12C363,B12,20,47796,47822,5,177,"Notes 689 to 693, on suppressing desire, objects with only a subjective existence, the word te, and the use of knowledge and object."
B12C363S21,B12C363,B12,21,47828,47861,5,227,"Notes 694 to 698, on attributes and substances, the inner witness, the fruit of knowledge, the source of sorrow, and the plain sense."
B12C363S22,B12C363,B12,22,47866,47900,5,275,"Notes 699 to 703, on yogins led astray by powers, the word for attributes, the subjective world, a cruce on withdrawal, and endless improvement."
B12C363S23,B12C363,B12,23,47906,47929,5,129,"Notes 704 to 708, on the bull of the Sattwatas, Prajapati, Yama, a word for hell-gazers, and a tribe named by a translator."
B12C363S24,B12C363,B12,24,47934,47965,5,205,"Notes 709 to 713, on the junction of the ages, a reading about Krishna, the dispute over Krishna's supremacy, Sanatana, and the true nature of the soul."
B12C363S25,B12C363,B12,25,47970,47999,5,290,"Notes 714 to 718, on a word for self, the equal material cause, the start of each age, the body, and the river and water simile."
B12C363S26,B12C363,B12,26,48010,48068,5,686,"Notes 719 to 723, on the mind within the soul, the cause of propensities, the iron and loadstone analogy, the pure soul, and the dream of kingship."
B12C363S27,B12C363,B12,27,48084,48119,5,353,"Notes 724 to 728, on the endless cycle of existence, ignorance as cause, the wind and dust simile, the two Vedic teachings, and the bond of the body."
B12C363S28,B12C363,B12,28,48130,48148,5,104,"Notes 729 to 733, on a word for an unripe state, two words of following and crushing, the absence of knowledge, the true aims, and consciousness as the root of sorrow."
B12C363S29,B12C363,B12,29,48156,48188,5,212,"Notes 734 to 738, on the uniform perceptions of waking life, a simile, Maya in the Srutis, the words for pride and self-regard, and a word for acceptance."
B12C363S30,B12C363,B12,30,48192,48232,5,426,"Notes 739 to 743, on Prakriti and women, Atharvan power, vermin as children, the three attributes, and the seed of the body."
B12C363S31,B12C363,B12,31,48247,48278,5,281,"Notes 744 to 748, on memory in the womb, a grammar point, the conquest of Rajas, the two kinds of senses, and a word for the highest end."
B12C363S32,B12C363,B12,32,48289,48333,5,407,"Notes 749 to 753, on the Krichchra fast, three Riks, the yogic control of breath, the mind of a Mahatma, and freedom in life."
B12C363S33,B12C363,B12,33,48338,48367,5,213,"Notes 754 to 758, on a root meaning to cut, the case of Bharata and the deer, a misrendered verse, cleansed intelligence, and non-existent objects."
B12C363S34,B12C363,B12,34,48373,48400,5,173,"Notes 759 to 763, on the power of words, self-disclosure, robbers and burdened men, a word for restraint, and a reading."
B12C363S35,B12C363,B12,35,48405,48448,5,424,"Notes 764 to 768, on the names of grains, the soul and ignorance, a variant reading, the source of dreams, and the attributes that shape images."
B12C363S36,B12C363,B12,36,48458,48491,5,262,"Notes 769 to 773, on yoga destroying desires, a better reading, the external and inner worlds, the body as the door of dreams, and omniscience."
B12C363S37,B12C363,B12,37,48495,48524,5,196,"Notes 774 to 778, on a bad rendering, comprehending Brahma by analogy, the Rishi Narayana, the paths of action and abstention, and a word for wishing to see."
B12C363S38,B12C363,B12,38,48529,48556,5,156,"Notes 779 to 783, on the unmanifest and Brahma, the non-creating Purusha, the two Purushas, four topics of comparison, and praise of yoga."
B12C363S39,B12C363,B12,39,48561,48594,5,307,"Notes 784 to 788, on death at Kasi, the state free of Rajas, the three bodies, knowledge of Brahma, and the patience of yogins."
B12C363S40,B12C363,B12,40,48605,48632,5,171,"Notes 789 to 793, on the Gita's stages from senses to Purusha, a lightning simile, a verse triplet, the three realities, and a sect reading."
B12C363S41,B12C363,B12,41,48638,48661,5,112,"Notes 794 to 798, on the mind's five currents, the five sheaths, a word for discourse, a Burdwan error, and the word kutumvini."
B12C363S42,B12C363,B12,42,48665,48690,5,142,"Notes 799 to 803, on the speaker, the Sankhya view that life is sorrow, the marks of delusion, the death of the soul, and the sceptics' opinion."
B12C363S43,B12C363,B12,43,48695,48741,5,442,"Notes 804 to 808, on terse verses of sceptics, a note on the difficulty of the verses, the Buddhist denial of an indestructible soul, the Chaitra and Maitra example, and a literal rendering."
B12C363S44,B12C363,B12,44,48749,48793,5,339,"Notes 809 to 813, on whether Buddhist Nirvana can give final liberation, the Buddhist permanent soul, the merging of senses into substance, and the orthodox soul."
B12C363S45,B12C363,B12,45,48797,48819,5,110,"Notes 814 to 818, on the effects of intelligence and breath, intelligence as the seed of liberation, the path of yoga, and casting off the organs."
B12C363S46,B12C363,B12,46,48823,48858,5,311,"Notes 819 to 823, on the destruction of functions and mind, the dreamer, dreamless sleep compared with liberation, and rebirth from past acts."
B12C363S47,B12C363,B12,47,48868,48902,5,262,"Notes 824 to 828, on whether body or soul is destructible, the dissolution of the bodies, merit and sin, a silk-worm, and a translation error."
B12C363S48,B12C363,B12,48,48907,48931,5,163,"Notes 829 to 833, on a word for cause, charity in scarcity, a vow reading, the censure of pain to others and oneself, and appearance and disappearance."
B12C363S49,B12C363,B12,49,48938,48963,5,269,"Notes 834 to 838, on the soul's inactivity, a dance of Gandharvas, Vali's throw of a samya, and the slayer who is himself slain."
B12C363S50,B12C363,B12,50,48977,48997,5,78,"Notes 839 to 843, on a comparison with Napoleon's saying, the phrase Time cooks everything, the indestructible Brahma, and an expanded verse."
B12C363S51,B12C363,B12,51,49002,49020,5,146,"Notes 844 to 848, on a difficult burden, abundance from labour, names of prosperity, unwashed hands, and the Puranic cosmology of Meru."
B12C363S52,B12C363,B12,52,49031,49058,5,187,"Notes 849 to 853, on what is destructible, the word for welfare, the powers of yoga, the wise man who is not the actor, and rare right conclusions."
B12C363S53,B12C363,B12,53,49063,49091,5,259,"Notes 854 to 858, on Indra and Ahalya, the pronoun of dignity, an interrogative sentence, the return of sacrifices, and a Himalayan pass."
B12C363S54,B12C363,B12,54,49100,49124,5,167,"Notes 859 to 863, on a parallel in Lytton's Zanoni, a translation error, the idea of uncleanness in food, pasture grass, and kinds of food."
B12C363S55,B12C363,B12,55,49130,49155,5,151,"Notes 864 to 868, on feeding the unlettered, a reading, what Prakriti affects, the verb for concealing, and a mistranslation."
B12C363S56,B12C363,B12,56,49159,49187,5,208,"Notes 869 to 873, on a misread word, the householder like a lotus leaf, the limits of creation, the word before creation, and the years of the ages."
B12C363S57,B12C363,B12,57,49193,49229,5,303,"Notes 874 to 878, on a verse matching Manu, the total of a Devayuga, the mind as the manifest world, a word for desire, and the subtle intelligence."
B12C363S58,B12C363,B12,58,49235,49277,5,450,"Notes 879 to 883, on the seven great entities, parallels with Manu, the embodied Purusha, the forming of the body, and the parts of the body."
B12C363S59,B12C363,B12,59,49290,49323,5,391,"Notes 884 to 888, on the variety of beings, the Sattwasthas, the Vedas as speech and a parallel with Genesis, and technical terms of practice."
B12C363S60,B12C363,B12,60,49339,49380,5,480,"Notes 889 to 893, on the inconceivable Brahma, Vedic rites in the Kali age, the construction of a phrase, dissolution, and a yoga mystery."
B12C363S61,B12C363,B12,61,49398,49428,5,254,"Notes 894 to 898, on the birth ceremony, tuition fees, the three debts, the sin of taking from in-laws, and a Brahmin's gifts."
B12C363S62,B12C363,B12,62,49436,49453,5,191,"Notes 899 to 903, on cooked food, the value of gifts, verses in Bengal texts, religious acts, and the image of benevolent trees in the river of Time."
B12C363S63,B12C363,B12,63,49469,49533,5,595,"Notes 904 to 908, on the conditions for yoga, the parts of the chariot simile, Hamilton's faculties, and the seven kinds of dharana."
B12C363S64,B12C363,B12,64,49538,49566,5,206,"Notes 909 to 913, on the order of yoga, the word for seeing, the understanding as the refuge of the elements, and the Unmanifest."
B12C363S65,B12C363,B12,65,49573,49603,5,210,"Notes 914 to 918, on regardlessness of dress, an equal eye, the powers that yogins must transcend, the word for steady, and the Gita."
B12C363S66,B12C363,B12,66,49607,49638,5,272,"Notes 919 to 923, on an Arsha form, the cord and snake illustration, the Sunyavadin and Lokayatika doctrines, and the Bombay reading."
B12C363S67,B12C363,B12,67,49649,49684,5,299,"Notes 924 to 928, on the word paribhava, wisdom as the means of success, the words for the soul and matter, the word for effort, and the birds."
B12C363S68,B12C363,B12,68,49691,49719,5,245,"Notes 929 to 933, on who is foremost, the Vedas kept in memory, knowledge of birth and death, the power of yoga, and the word para."
B12C363S69,B12C363,B12,69,49728,49760,5,279,"Notes 934 to 938, on seeing all as one's own, two words for the soul, whether karma is obligatory, a construction, and the word daiva."
B12C363S70,B12C363,B12,70,49768,49805,5,287,"Notes 939 to 943, on doubt about the Srutis, devotion to one Veda in later ages, the power of penance, the answer about knowledge, and a Manu parallel."
B12C363S71,B12C363,B12,71,49810,49833,5,178,"Notes 944 to 948, on the idiom for vanishing, the failure of the land, the duties of the stages of life, the Vedas as support, and origin and support."
B12C363S72,B12C363,B12,72,49843,49868,5,154,"Notes 949 to 953, on a word of kind, the four modes of life, ignorance of the non-self, the Sankhya view of the soul, and the word for the living being."
B12C363S73,B12C363,B12,73,49873,49921,5,441,"Notes 954 to 958, on the words for destruction and creation, the concepts of the senses in the heart, a difficult verse on the three attributes, and Brahma in all things."
B12C363S74,B12C363,B12,74,49927,49954,5,171,"Notes 959 to 963, on Vedic sound and self-realisation, the invisible track of the sage, the sense of Time's cooking place, and the infinity of Brahma."
B12C363S75,B12C363,B12,75,49958,49979,5,105,"Notes 964 to 968, on an unwavering self, the identity of the two souls, a word for intelligence, and the seed of Brahma."
B12C363S76,B12C363,B12,76,49985,50016,5,244,"Notes 969 to 973, on Brahma's glance, the sense of a phrase, six months as a period of time, the yogic ideal and its powers, and the sacred tree."
B12C363S77,B12C363,B12,77,50023,50055,5,246,"Notes 974 to 978, on imitating the wind by being unattached, the path of yoga open to all classes, the fixed senses, and a word for the end of beings."
B12C363S78,B12C363,B12,78,50062,50081,5,84,"Notes 979 to 983, on acts and knowledge in the Vedas, the highest duty as self-vision through yoga, the sense of not being annihilated, and the new moon."
B12C363S79,B12C363,B12,79,50086,50125,5,330,"Notes 984 to 988, on the soul like a drop on a lotus leaf, the three attributes as the nature of Jiva, two kinds of creation, and the age's influence on righteousness."
B12C363S80,B12C363,B12,80,50130,50158,5,238,"Notes 989 to 993, on Suka's question about two apparently opposed declarations, the course of human conduct, a mendicant's hour, and the problem of scriptural authority."
B12C363S81,B12C363,B12,81,50167,50196,5,224,"Notes 994 to 998, on a blunder about a bed, a disciple's conduct toward his teacher, humble glances, the fee for learning, and gleaning."
B12C363S82,B12C363,B12,82,50202,50228,5,208,"Notes 999 to 1003, on the ranking of gleaning, the duty to share cooked food, the relatives named in the text, and the three forms of domesticity."
B12C363S83,B12C363,B12,83,50236,50258,5,106,"Notes 1004 to 1008, on a cow's merit, the five sacrifices, a word about open dwellings, and grain not husked by machines."
B12C363S84,B12C363,B12,84,50263,50284,5,108,"Notes 1009 to 1013, on a small portion of grain, the names of sages, success in blessings and curses, and luminous, fearless beings."
B12C363S85,B12C363,B12,85,50290,50322,5,264,"Notes 1014 to 1018, on self-sacrifice and self-reliance, the sacrifice in the self, the offering to the five breaths, and the shaving before renunciation."
B12C363S86,B12C363,B12,86,50329,50368,5,315,"Notes 1019 to 1023, on harmlessness as the duty of the fourth stage, the rules of yama and niyama, the straight path to Brahma, and the renouncer's dress."
B12C363S87,B12C363,B12,87,50374,50410,5,343,"Notes 1024 to 1028, on the elephant in a well, withdrawal of the senses, moderate eating, the yogin's absorption of Indra's rank, and harmlessness as the one duty."
B12C363S88,B12C363,B12,88,50419,50449,5,294,"Notes 1029 to 1033, on the sake of Hari, the injury in all acts, the religion of sacrifice and its release from fear, and the golden egg of the Supreme."
B12C363S89,B12C363,B12,89,50463,50503,5,354,"Notes 1034 to 1038, on the wheel of Time, the unconsciousness that is the origin of the world, memory and right and wrong, the gross and subtle understanding, and purification."
B12C363S90,B12C363,B12,90,50512,50537,5,255,"Notes 1039 to 1043, on the two senses of soul, Brahmanas as householders, the twenty-seven topics of philosophy, and the origin of mind and nature."
B12C363S91,B12C363,B12,91,50551,50586,5,256,"Notes 1044 to 1048, on the senses and mind as shaped understanding, the self as the whole person, the identity of understanding with the senses, and the three attributes."
B12C363S92,B12C363,B12,92,50590,50626,5,474,"Notes 1049 to 1053, on the uses of the word atman, the transcending of the three attributes by yoga, a metre reading, an idealist theory of perception, and the wife's limbs simile."
B12C363S93,B12C363,B12,93,50646,50668,5,146,"Notes 1054 to 1058, on a tentative version, the soul made visible when understanding is clear, the Sannyasi, the gunas and objects, and whether the gunas return."
B12C363S94,B12C363,B12,94,50676,50702,5,167,"Notes 1059 to 1063, on the small difference between two opinions, competence by birth and the path of liberation, a reading, and the objects of enjoyment."
B12C363S95,B12C363,B12,95,50709,50736,5,182,"Notes 1064 to 1068, on pastures as objects of senses, the unmodified inner Soul, the unborn, the speaker's truth, and the sense of seeing."
B12C363S96,B12C363,B12,96,50741,50764,5,176,"Notes 1069 to 1073, on a superior Brahmin, the one who is contented with self-knowledge, the sense of avidhanat, the word for lovely, and the Vedas as means to tranquillity."
B12C363S97,B12C363,B12,97,50774,50808,5,296,"Notes 1074 to 1078, on wrong renderings, the six qualities freed from Rajas and Tamas, the verb meaning grows, and a reading about subtle elements."
B12C363S98,B12C363,B12,98,50818,50845,5,162,"Notes 1079 to 1083, on one who has transcended the gunas, Prakriti as the active cause, the elaborate discussion made brief, and the five elements with their qualities."
B12C363S99,B12C363,B12,99,50850,50888,5,306,"Notes 1084 to 1088, on the three entities Avidya, desire, and acts, the living soul made by acts, a difficult verse, the subtle body, and a line on realising the unseen."
B12C363S100,B12C363,B12,100,50894,50928,5,292,"Notes 1089 to 1093, on the yogin seeing souls in subtle forms, the powers of yogins, the subtle bodies that roam, the subtle body in dreams, and the imperishable karana bodies."
B12C363S101,B12C363,B12,101,50937,50963,5,161,"Notes 1094 to 1098, on dhyana for all, the sense of avidya, the iron chains, the reason for the dual genitive, and the pronouns of a verse on growth."
B12C363S102,B12C363,B12,102,50968,51002,5,264,"Notes 1099 to 1103, on the uprooting tree of Avidya, the body as a city with the understanding as its mistress, the acts that bind, and the stained soul."
B12C363S103,B12C363,B12,103,51008,51037,5,292,"Notes 1104 to 1108, on a son who lacked full knowledge, a list of qualities, matter as the sum of properties, a count of the understanding's properties, and a difficult verse."
B12C363S104,B12C363,B12,104,51051,51071,5,127,"Notes 1109 to 1113, on warriors slain only by equals, thinking and summoning in gods and Rishis, a grammar point, a large number, and the merit of life among deer."
B12C363S105,B12C363,B12,105,51077,51108,5,248,"Notes 1114 to 1118, on Death and Brahma, freedom from wrath, the definition of dharma, a note on lies in special cases, and the thief before the king."
B12C363S106,B12C363,B12,106,51114,51138,5,157,"Notes 1119 to 1123, on intoxication of might, self-knowledge of faults, a misrendered line, the golden rule, and the grammar of a line on another's property."
B12C363S107,B12C363,B12,107,51145,51164,5,182,"Notes 1124 and 1125 so far, on not coveting surplus for its own sake, and a misrendered line."
B12C363S108,B12C363,B12,108,51178,51215,5,293,"Notes 1129 to 1133, on the endless variety of distress and the duties it can set aside, the hard-to-know conduct of the good, a horse sacrifice stopped by Indra, and the Gandharva-city image."
B12C363S109,B12C363,B12,109,51221,51251,5,224,"Notes 1134 to 1138, on Drona and similar figures, the examples of Viswamitra, Jamadagnya and Vasishtha, the arbitrary standard of righteousness, and a sage roving in his subtle body."
B12C363S110,B12C363,B12,110,51257,51279,5,90,"Notes 1139 to 1143, on Jajali's wandering vow, the sense of criya, the Beniya's shop, a capitalist's livelihood and the word for wandering in search of food."
B12C363S111,B12C363,B12,111,51283,51311,5,234,"Notes 1144 to 1148, on the omitted third line in some texts, morality and its mysteries, the plants Padmaka and Tunga, weighing all creatures equally, and the sky as a picture of one Godhead."
B12C363S112,B12C363,B12,112,51319,51347,5,191,"Notes 1149 to 1153, on senses closed by the gods, the fearless state of Brahma, family practice, the stained but eternal course of righteousness, and the word iha."
B12C363S113,B12C363,B12,113,51352,51381,5,230,"Notes 1154 to 1158, on translators' errors about the roaring fire, the wise seeking endless felicity, the gods losing track of a sage, and the terms Bhuta and Bhavya."
B12C363S114,B12C363,B12,114,51388,51414,5,211,"Notes 1159 to 1163, on conflicting rules about killing cows, the sense of badha, the error of Prishadhara, the cow and bull as mother and Prajapati, and Nahusha's cleansing."
B12C363S115,B12C363,B12,115,51429,51454,5,193,"Notes 1164 to 1167, on the Rishis' harsh words to Nahusha, sacrifice for Kshatriyas against Yoga for Brahmanas, the trouble wealth brings, and crops that once grew without tillage."
B12C363S116,B12C363,B12,116,51465,51501,5,347,"Notes 1168 to 1172, on being bereft of wisdom, the Brahmana who sees Brahma in all things, sacrifices done from duty, Swayajna as Om, and a meal that satisfies the universe."
B12C363S117,B12C363,B12,117,51511,51536,5,217,"Notes 1173 to 1177, on the man who sees himself as Brahma, the glory and path of the righteous, mental sacrifices, the good acting for others, and fruit-free sacrifice."
B12C363S118,B12C363,B12,118,51545,51567,5,175,"Notes 1178 to 1182, on mental sacrifices made by Yoga power, the cow's sin not touching the renouncer, praise of renunciation, and the marks of complete renunciation."
B12C363S119,B12C363,B12,119,51576,51615,5,370,"Notes 1183 to 1187, on the mental sacrificers and their Yoga, the terms yasmin and atmatirtha, sacrifice without slaughter using cow products, and the soul as the true holy place."
B12C363S120,B12C363,B12,120,51624,51648,5,132,"Notes 1188 to 1192, on obeying the voice of Dharma, double negatives, faith beyond speech and mind, faults of recitation and of mind, and the miser and the usurer."
B12C363S121,B12C363,B12,121,51654,51686,5,236,"Notes 1193 to 1197, on food sanctified by faith, the divam of Yoga, a sacrifice where cows are slain, the genitive used for the accusative, and the outer altar."
B12C363S122,B12C363,B12,122,51692,51724,5,249,"Notes 1198 to 1202, on living near towns and the Sannyasa life, tainted meat, rejecting slaughter sacrifices, the body's struggle with its destroyers, and merit gained without wasting the body."
B12C363S123,B12C363,B12,123,51730,51765,5,339,"Notes 1203 to 1207, on rites from Jata-karma to samavartana, the terms bhogya and bhojya with Simantonnayana, fire sticks giving way to matches, and the mother's role in offspring."
B12C363S124,B12C363,B12,124,51774,51802,5,220,"Notes 1208 to 1212, on Gautama ceasing to be a husband, guilt shared by man and woman, the father and mother as all deities and all creatures, and Satyavat's plea against executions."
B12C363S125,B12C363,B12,125,51809,51833,5,138,"Notes 1213 to 1217, on verses about punishing sannyasins and offenders, the errors in the vernacular versions, and punishments being lighter in earlier times."
B12C363S126,B12C363,B12,126,51839,51870,5,231,"Notes 1218 to 1222, on extermination as the favoured punishment, killing wrongdoers like sacrificial beasts, grave-robbers and possessed idiots, and a righteous king improving the world."
B12C363S127,B12C363,B12,127,51876,51901,5,187,"Notes 1223 to 1227, on shrinking human life and strength, the sense of satya and the grandsire's words, an extra syllable, the equal authority of acts and knowledge, and arsha."
B12C363S128,B12C363,B12,128,51909,51939,5,198,"Notes 1228 to 1232, on the paths of the four modes of life, justifying slaughter by the need for food, the essentials of sacrifice, the seven domestic and wild animals, and vichinwita."
B12C363S129,B12C363,B12,129,51944,51967,5,128,"Notes 1233 to 1237, on which cow products sacrifices need, the sense of samhritya, misjoined lines of verses 30 to 32, and Brahmanas meaning the ritual part of the Vedas."
B12C363S130,B12C363,B12,130,51972,51999,5,213,"Notes 1238 to 1242, on each being the other's refuge, expletives, the worth of renunciation over householding, grass and grain as roots of domestic life, and mantras in a Brahmana's acts."
B12C363S131,B12C363,B12,131,52007,52066,5,595,"Notes 1243 to 1247, on mantras for cremation and the three debts, the question of liberation without a body, Devan and Brahma-sanjnitah, the soul's fourfold nature and doors, the scanty garment, and dwandwarama."
B12C363S132,B12C363,B12,132,52073,52123,5,456,"Notes 1248 to 1252, on all things being Brahma, the terse verses on charity and purity of heart, nishkama dharma as a dispeller of ignorance, the systems of disputation, and aikatmyam."
B12C363S133,B12C363,B12,133,52131,52155,5,243,"Notes 1253 to 1257, on the robbers and depredators of Brahma, anu and samyame, renunciation as the only path, the Vedas as sound-Brahma, and rites that shape the body."
B12C363S134,B12C363,B12,134,52169,52193,5,132,"Notes 1258 to 1262, on Yoga as the only way to knowledge, men who deserve gifts, Brahma with and without attributes, guile in giving, and alternative scriptural rules."
B12C363S135,B12C363,B12,135,52199,52249,5,433,"Notes 1263 to 1267, on men identical with Brahma, a single conduct later divided into four, the construction of verse 23, the four states of consciousness, and terms for liberation."
B12C363S136,B12C363,B12,136,52256,52279,5,135,"Notes 1268 to 1272, on sadharana and kevala, lack of dispassion, the greater happiness of renunciation, liberation through knowledge, and the bellows image."
B12C363S137,B12C363,B12,137,52284,52318,5,337,"Notes 1273 to 1277, on nasti and nishtha, the Vedas as all, Samadhi and Brahma as the highest felicity, and the grammar of verse 45 and the lines around it."
B12C363S138,B12C363,B12,138,52331,52359,5,187,"Notes 1278 to 1282, on escape from wrong through expiation, the sin of ingratitude, a Brahmana's disappointment with Kundadhara, the power of ascetic speech, and a mistranslated verse."
B12C363S139,B12C363,B12,139,52364,52397,5,281,"Notes 1283 to 1287, on the sacrifice meant for merit, the unchha way of life, plants named in the Ayurveda, a sacrificer who used vegetable offerings, and the readings around Sukra."
B12C363S140,B12C363,B12,140,52407,52437,5,199,"Notes 1288 to 1292, on an ignorant sacrifice and a deer, Parnada and Dharma, the joined palms, and the word yajnia."
B12C363S141,B12C363,B12,141,52441,52462,5,107,"Notes 1293 to 1297, on samadhana as meditative absorption, the reading yo dhamah, the grammar of five things obtained, Yoga's power to create at will, and a faulty version."
B12C363S142,B12C363,B12,142,52467,52494,5,193,"Notes 1298 to 1302, on giving up desire-driven duty for duty without desire, the jar comparison of acts and renunciation, idleness, and regulating the breath."
B12C363S143,B12C363,B12,143,52500,52530,5,237,"Notes 1303 to 1307, on nidra and pratibha as curiosity and idle interest, the unreal world, conquering hunger, doubt and fear, and merging the senses into the soul."
B12C363S144,B12C363,B12,144,52536,52571,5,333,"Notes 1308 to 1312, on restraint as yoga without desire for yoga-powers, the materials of creation, Kala, the five essences as unreal, and how ignorance draws the soul into forms."
B12C363S145,B12C363,B12,145,52582,52612,5,320,"Notes 1313 to 1317, on the causes of perception, the eye and its object, the close likeness of the three, manas, buddhi and kshetrajna, and dreamless sleep."
B12C363S146,B12C363,B12,146,52630,52661,5,243,"Notes 1318 to 1322, on a triplet about attaining Brahma, the learned who see with the eye of scripture, scorn for even Brahma's region, and the danger of wanting wealth."
B12C363S147,B12C363,B12,147,52668,52698,5,247,"Notes 1323 to 1327, on daily flower-plucking while the mind wanders, the sleeping tiger image, the senses as cattle in the forest, and the sacrifices of peace, Brahma, speech, mind and acts."
B12C363S148,B12C363,B12,148,52706,52727,5,109,"Notes 1328 to 1332, on the sacrifice of self, the reading danda nidhanam, the cave as the body, primal nature, and objects present for enjoyment."
B12C363S149,B12C363,B12,149,52732,52772,5,353,"Notes 1333 to 1337, on a wanderer without a fixed home, the right order of the begging round, the sense of matra, and the reproach of receiving honour."
B12C363S150,B12C363,B12,150,52779,52807,5,165,"Notes 1338 to 1342, on concealing a Brahmana's practices, withdrawing into the self, abstaining from acts, a triplet on the elements, not planning one's food, and a word meaning death."
B12C363S151,B12C363,B12,151,52811,52857,5,381,"Notes 1343 to 1347, on affluence as an obstacle to liberation, the call to ignore happiness and misery, the wind and stainless soul simile, acts unable to win Brahma, and intermediate beings."
B12C363S152,B12C363,B12,152,52861,52888,5,250,"Notes 1348 to 1352, on righteousness and its reward, the link between verses 21 and 22, the names Hari and Narayana, the epithets of Vishnu, and the fruit of austerities."
B12C363S153,B12C363,B12,153,52898,52926,5,172,"Notes 1353 to 1357, on outer acts and inner training as cleansing the heart, washing stains from body and heart, effort born of practice, and two verbs."
B12C363S154,B12C363,B12,154,52930,52960,5,212,"Notes 1358 to 1362, on etymologies of divine names as objects of knowledge, the mutable and immutable in beings, the moon as the mind, and dharma as duty."
B12C363S155,B12C363,B12,155,52966,52993,5,164,"Notes 1363 to 1367, on sacrificial vessels named for deities, the unity behind apparent variety, verses 31 and 32, the six colours in the Vishnu Purana, and the difficulty of emancipation."
B12C363S156,B12C363,B12,156,52997,53028,5,261,"Notes 1368 to 1372, on the grammar of the first line, fourteen faculties and their merit and demerit, the dark hue of immobile life, the span of a creation, and the tawny state."
B12C363S157,B12C363,B12,157,53037,53080,5,618,"Notes 1373 to 1377, on the blue state of humanity, a finite verb in one line, the faculties of a deva, the hundredfold acts and the eight puris, and the sixty states of the white."
B12C363S158,B12C363,B12,158,53105,53174,5,705,"Notes 1378 to 1382, on a Jivanmukta who cannot shed yoga's felicities, the yogin who falls from yoga, the seven regions a yogin passes, and the names of the highest region."
B12C363S159,B12C363,B12,159,53181,53220,5,327,"Notes 1383 to 1387, on Brahma-knowers seeing the universe as close as a plum, the stages of attaining the pure end, the impersonal God, God in all forms, and Vritra's devotion to Vishnu."
B12C363S160,B12C363,B12,160,53227,53247,5,99,"Notes 1388 to 1392, on vinihatah and nirjitah as synonyms, the sense of astha, the Rathantara Saman, the Rishis praising Indra's victory, and Raudrah."
B12C363S161,B12C363,B12,161,53252,53283,5,231,"Notes 1393 to 1397, on the Vritra story differing from the Vana Parva, the Rishis' part in the slaying, the word for inhuman, vadhya as slaughter, and the rule on Brahmanicide."
B12C363S162,B12C363,B12,162,53288,53309,5,126,"Notes 1398 to 1402, on anadhrishyam, Uma as Parvati, Brahman's creation of the Prajapatis, a cluster of vocatives, and the mineral silajit."
B12C363S163,B12C363,B12,163,53316,53340,5,192,"Notes 1403 to 1407, on the cuckoo as the poets' bird, Siva's words to Uma, the wording of one line, the names Virupaksha and Tryaksha, and a ritual cheek-striking music."
B12C363S164,B12C363,B12,164,53349,53372,5,131,"Notes 1408 to 1412, on epithets of Siva as rain-giver and nascent sound, the three huns, the Brahmana as sacrificial vessel, and Krishna's sports in Vrinda."
B12C363S165,B12C363,B12,165,53377,53407,5,206,"Notes 1413 to 1417, on the Ganges falling on Siva's head, the six acts of a Brahmana and the three Siva performs, the Sankhya schools, moving through the elements, and Isana."
B12C363S166,B12C363,B12,166,53412,53432,5,120,"Notes 1418 to 1422, on filler syllables in the Saman chant, the one adored in the hymns, the ten colours known to the Rishis, inward gaze, and the swiftest among the swift."
B12C363S167,B12C363,B12,167,53438,53463,5,160,"Notes 1423 to 1427, on the great god as a fish in the water and the net, the deluge clouds, Mili as cause of causes, the bald ascetic with a staff, the four sacrificial fires, and the unskilled artisan."
B12C363S168,B12C363,B12,168,53468,53493,5,204,"Notes 1428 to 1432, on Dhatri and Vidhatri as names of gods, Maheswara as Narayana, the senses called cows, the epithets of Death, and Siva as the drinker of poison."
B12C363S169,B12C363,B12,169,53502,53526,5,171,"Notes 1433 to 1437, on the reading tushitadyapah, Mahadeva as knower, known and knowledge, the Yogins, the eclipses caused by Rahu, and the deities as embryos born in Mahadeva."
B12C363S170,B12C363,B12,170,53533,53553,5,102,"Notes 1438 to 1442, on the Rudras as parts of the great Rudra, renunciation as the higher practice, the repetition of Kalpas, a likely misreading, and the sense of guna."
B12C363S171,B12C363,B12,171,53559,53586,5,198,"Notes 1443 to 1447, on karma-buddhi as each sense's grasp of its function, the mind as the sixth, desires carried from past lives, the instrumental buddhya, and murti as a misreading."
B12C363S172,B12C363,B12,172,53593,53641,5,435,"Notes 1448 to 1452, on sattwa having no material cause, the view that the body's qualities persist, the second line of a verse, and the man of knowledge who is not stained by his acts."
B12C363S173,B12C363,B12,173,53647,53678,5,264,"Notes 1453 to 1457, on what does not exist and the sorrows linked to it, avoiding acts and their fruits, living as others do, ignorance as the root of sorrow, and pride or grief over passing states."
B12C363S174,B12C363,B12,174,53685,53713,5,294,"Notes 1458 to 1462, on two readings of the opening word, the unconcerned witness, the choice between acts and knowledge, and the four asramas as rival creeds."
B12C363S175,B12C363,B12,175,53727,53756,5,224,"Notes 1463 to 1467, on Narada's account of four asramas with conflicting claims, the pledge of harmlessness, the friends and enemies of creatures, the hard search for truth, and the words atiyoga and ayoga."
B12C363S176,B12C363,B12,176,53764,53786,5,148,"Notes 1468 to 1472, on the mixing of the four orders, the influence of company, eaters who eat only to fill the stomach, scriptural knowledge, and the singular atmapujabhikama."
B12C363S177,B12C363,B12,177,53794,53823,5,168,"Notes 1473 to 1477, on desires from past acts clinging to the mind, the word pratyanantarah, a land of virtuous people, and a king who is prosperous without attachment."
B12C363S178,B12C363,B12,178,53827,53853,5,184,"Notes 1478 to 1482, on the second line of a verse and its wider sense, the Bombay and Bengal readings of pranihitatmanah, the reading sakyah, and lokeshu for lobheshu."
B12C363S179,B12C363,B12,179,53859,53890,5,228,"Notes 1483 to 1487, on moksha as the aim, the case against caring for relatives, a handful of corn among carts of it, scarcity, and withdrawing from wives and children."
B12C363S180,B12C363,B12,180,53895,53921,5,200,"Notes 1488 to 1492, on domestic life and Sannyasa as two ways, Venus as the sage Usanas, Vishnu's discus and Usanas' anger, and yogins who enter other bodies."
B12C363S181,B12C363,B12,181,53928,53950,5,109,"Notes 1493 to 1497, on the etymology of Pinaka, the last half of a line as applying to Usanas, the greatness inside Mahadeva's stomach, the reference of sa, and the religions of all orders."
B12C363S182,B12C363,B12,182,53954,53977,5,240,"Notes 1498 to 1502, on sacrifice, gifts and libations as righteousness, the grammar of the third line, the fates of sinners and the virtuous, destiny, and the four kinds of acts."
B12C363S183,B12C363,B12,183,53991,54041,5,466,"Notes 1503 to 1507, on the sceptic's verses and Parasara's view, fire and nature as the cause of states, the rules of Brahmana food, and seva taught by a preceptor."
B12C363S184,B12C363,B12,184,54046,54070,5,149,"Notes 1508 to 1512, on the six colours in Sanatkumara's discourse, the kusalin Chandala, reversed perception, renunciation as the meaning of a term, and expiation that cannot undo conscious sin."
B12C363S185,B12C363,B12,185,54076,54108,5,257,"Notes 1513 to 1517, on virtuous acts done knowingly, the Burdwan error on guna-yuktam, the difference between knowing and unknowing acts, Viswamitra's exception, and the selfishness of kin."
B12C363S186,B12C363,B12,186,54115,54136,5,91,"Notes 1518 to 1522, on the merit of accepting a gift from a superior person, dhyana and dharana, Usanas as a planet, the sense of nadantah, and nirdishta as seva."
B12C363S187,B12C363,B12,187,54140,54165,5,224,"Notes 1523 to 1527, on taking the hue of one's company, the son of Dhatri as the cloud-god, the Burdwan error on Dhigdanda, the Asura passions, and a metaphorical verse."
B12C363S188,B12C363,B12,188,54175,54203,5,203,"Notes 1528 to 1532, on Mahamoha as the chief Asura passion, the phrasing of acts that stay and are established, the eternal self, the gods' share of fortune and misfortune, and optional acts."
B12C363S189,B12C363,B12,189,54209,54235,5,148,"Notes 1533 to 1537, on penance from despair versus that of the wise, the penances of past lives, renunciation for the uninstructed, the second line of verse 26, and a fuller expansion."
B12C363S190,B12C363,B12,190,54239,54267,5,294,"Notes 1538 to 1542, on penance without desire, the difference between desire-driven and desireless penance, the grammar of the first line, the pains of sense-pleasure, and destiny against exertion."
B12C363S191,B12C363,B12,191,54283,54315,5,239,"Notes 1543 to 1547, on sacrifices done from vanity versus penances without desire, a Sudra's rebirth as Brahmana or Kshatriya, the stages of yoga, and a line the translators misrender."
B12C363S192,B12C363,B12,192,54320,54348,5,219,"Notes 1548 to 1552, on elders doing menial tasks for the young, the reading of vinasam, sudden death in a sacred place, and the fate of one who dies at a tirtha."
B12C363S193,B12C363,B12,193,54355,54379,5,140,"Notes 1553 to 1557, on the objects of the senses existing only in desire, acts as perishable, the meaning of apamrityu, the foe called ignorance, and a vocative."
B12C363S194,B12C363,B12,194,54383,54404,5,179,"Notes 1558 to 1562, on sreyas as moral merit, the wise and the slaves of attachment, sin ended only by enduring its fruit, the magnet image, and sesame scented by oil."
B12C363S195,B12C363,B12,195,54415,54446,5,227,"Notes 1563 to 1567, on the track of knowledge, the diverse and the few acts, the lotus-stalk simile, the mind creating and then dissolving the world, and the freed soul who is not reborn."
B12C363S196,B12C363,B12,196,54451,54480,5,201,"Notes 1568 to 1572, on fishermen sinking and raising their boats, the balance of the three qualities, prakriti as ignorance, a body taken for the soul, and a cross-reference."
B12C363S197,B12C363,B12,197,54484,54519,5,261,"Notes 1573 to 1577, on the true end over family ties, charity as the real food, the gold-lines simile, an irresistible bond made with iron or a saw, the knots of attachment, and the attacker's repentance."
B12C363S198,B12C363,B12,198,54524,54552,5,181,"Notes 1578 to 1582, on the reading vishayena yami, the Moon and the wind as unequal to a steady man, the merit of one whose ignorance is gone, the impurity of obloquy, and Viswamitra as example."
B12C363S199,B12C363,B12,199,54557,54596,5,275,"Notes 1583 to 1587, on dharana and samadhi, a verse on the akhanda time, the lists of qualities and their incidents in sattwa, rajas and tamas, the difficult forest, and the sthira-vratati reading."
B12C363S200,B12C363,B12,200,54600,54635,5,256,"Notes 1588 to 1592, on the water-jar as a buoy, the crossing of a hard birth, Sankhya men whose bodies count for nothing, the sky of the heart, and the pleasures of heaven."
B12C363S201,B12C363,B12,201,54639,54671,5,235,"Notes 1593 to 1597, on those identified with Brahma, Yudhishthira's question on consciousness after liberation, the mind as sixth sense, the froth simile, and the word sarvatra."
B12C363S202,B12C363,B12,202,54677,54703,5,201,"Notes 1598 to 1602, on dream as the waking state's counterpart, the soul's perceptions in dream, the return of the senses after samadhi, the two kinds of liberation, and the praise of it as Deity."
B12C363S203,B12C363,B12,203,54710,54734,5,120,"Notes 1603 to 1607, on Brahma as knowledge without duality, Sankhya knowledge as the highest, the gods as a fallback for failed Sankhyas, the meaning of everything, and Narayana as the embodiment of Sankhya."
B12C363S204,B12C363,B12,204,54739,54760,5,221,"Notes 1608 to 1612, on the adhyatmagati compound, two misreadings, the night of Brahman and great dissolution, Tamas in the creation of Mahan, and how worship and its condemnation arose."
B12C363S205,B12C363,B12,205,54775,54803,5,166,"Notes 1613 to 1617, on Hiranyagarbha and Mahan from the Indestructible, Prakriti as ruler and Vishnu as all-pervader, the three qualities and the births they bring, and the soul's cocoon of attributes."
B12C363S206,B12C363,B12,206,54807,54830,5,134,"Notes 1618 to 1622, on expounding a treatise in assembly, conquering ignorance, pranayama with and without mantras, the twenty-two channels of prana, and the reading na-kathyate."
B12C363S207,B12C363,B12,207,54834,54856,5,91,"Notes 1623 to 1627, on the soul above Iswara, parisankhya and direct vision, the disappearance of perceived truth, the param and aparam powers, and knowing the Unmanifest as omniscience."
B12C363S208,B12C363,B12,208,54861,54886,5,195,"Notes 1628 to 1632, on Prakriti and Purusha working together, Jiva as Purusha, gods, men and animals as high, middling and low, Budha and Abudha, and Jiva's mistaken objects."
B12C363S209,B12C363,B12,209,54895,54925,5,219,"Notes 1633 to 1637, on the seen and unseen, Brahma pervading unchanged, tattwa and not-tattwa, the I am Brahma conviction set aside at the twenty-sixth, and the gnat in the fig."
B12C363S210,B12C363,B12,210,54930,54957,5,169,"Notes 1638 to 1642, on honey gatherers falling from cliffs as a simile for sense-objects, the Burdwan error, the conditions of gifts and truth, and the sixteen modifications of Prakriti."
B12C363S211,B12C363,B12,211,54962,54983,5,109,"Notes 1643 to 1646, on Mahat as Buddhi, the winds as straight courses, Rishi as Mahan, and the breaths and organs taken individually."
B12C363S212,B12C363,B12,212,54986,55009,5,135,"Notes 1647 to 1649, on the sires of the primeval sires, the Mahabhutas, the Devas as senses and inner faculties, the bonds of sound and the rest, and the day and night of the elements."
B12C363S213,B12C363,B12,213,55014,55043,5,194,"Notes 1650 to 1654, on Purusha undefiled in the body Prakriti provides, the expansion of a verse, Prakriti made sentient by union with Purusha, and the atheistic Sankhyas."
B12C363S214,B12C363,B12,214,55047,55084,5,289,"Notes 1655 to 1659, on Rudra as the vital breaths, the eight limbs of yoga, breath measured by mantra counts, and the ekantasilin and atmarama."
B12C363S215,B12C363,B12,215,55089,55125,5,263,"Notes 1660 to 1664, on the pole-star, the making of the Vedas, the quarrel between Yajnavalkya and his uncle over fees, the Tittiri birds, and a fourth science."
B12C363S216,B12C363,B12,216,55130,55153,5,266,"Notes 1665 to 1669, on Prakriti's equal balance of the three qualities, Mitra and Varuna, kah as felicity, churning ass's milk as folly, and the twenty-fifth and twenty-sixth."
B12C363S217,B12C363,B12,217,55170,55211,5,396,"Notes 1670 to 1674, on the twenty-sixth as always seen by the Jiva, the rope and snake image, the denial of Jiva's deathlessness, the seer and the seen, and Yajnavalkya's liberal sentiment."
B12C363S218,B12C363,B12,218,55220,55241,5,88,"Notes 1675 to 1679, on the need to destroy acts before liberation, obstacles not from outer nature, the questioning king and the proud woman, the words utsmayan and visesayan, and sammantum."
B12C363S219,B12C363,B12,219,55246,55276,5,254,"Notes 1680 to 1684, on the Vaisheshika school, Vidhi as karmakanda, the translator's error, the sceptre and the triple-stick as equal modes of life, and Janaka's view of royalty and mendicancy."
B12C363S220,B12C363,B12,220,55286,55310,5,300,"Notes 1685 to 1689, on exchanging a royal life for a mendicant's staff, the Yogin who falls, sannikarsha as sanketa, the faults and merits to follow, and saukshmyam with Parasara's verse."
B12C363S221,B12C363,B12,221,55328,55365,5,289,"Notes 1690 to 1694, on reading Parasara's verse on widows, its rejection under other texts and niyoga, the meaning of prayojanam, the five parts of a complete statement, and Bhojadeva's characteristics."
B12C363S222,B12C363,B12,222,55371,55401,5,240,"Notes 1695 to 1699, on parartham, Sulabha's account of one Chit in every body, sattwa as an existing principle, the sixteen principles and desire, and the seed of desire."
B12C363S223,B12C363,B12,223,55408,55444,5,309,"Notes 1700 to 1704, on the constant change of the body's particles, the lamp flame simile, Janaka's futile questions, the seven ways of combining duty, wealth and pleasure, and the king's audiences."
B12C363S224,B12C363,B12,224,55451,55476,5,151,"Notes 1705 to 1709, on the seven limbs of a kingdom, many kings and no pride, Janaka's detachment from his kingdom, the means to Brahma through posture, listening and reflection, and a fully expanded verse."
B12C363S225,B12C363,B12,225,55480,55503,5,171,"Notes 1710 to 1714, on the na in the second line, Sulabha's unanswerable words, the passions as foes, the world as a field of action, and the kulapatam and venumivodahritam readings."
B12C363S226,B12C363,B12,226,55512,55533,5,125,"Notes 1715 to 1719, on upholding the Brahmana duties, those fallen from righteousness, the assurance that kings can gain felicity, blood-sucking worms, and the ten commandments."
B12C363S227,B12C363,B12,227,55541,55562,5,98,"Notes 1720 to 1724, on blindness as a lasting state, the Burdwan translator's version, one's only treasure as Samadhi or Brahma, the passions as wolves, and golden trees as a sign of death."
B12C363S228,B12C363,B12,228,55566,55592,5,217,"Notes 1725 to 1729, on the yavaka food and sudden death, the soul as witness after the body's end, the Burdwan error, righteousness as the true path, and the destroyer's pura."
B12C363S229,B12C363,B12,229,55600,55631,5,249,"Notes 1730 to 1734, on the road of self-knowledge, the reading muchyate, the verse on knowledge from Tattwamasi, relations like floating wood, and the lesson that cleanses the heart."
B12C363S230,B12C363,B12,230,55639,55670,5,242,"Notes 1735 to 1739, on Time throwing creatures by their acts, a passage on violations, Suka's formal study of the Vedas, Vyasa's caution to a son in Mithila, and the order of giving up acts."
B12C363S231,B12C363,B12,231,55677,55696,5,108,"Notes 1740 to 1744, on the karanas as inner faculties, omniscience in the first mode of life, beholding the Supreme by one's soul, papakam and pavakam, and restraining mind and senses together."
B12C363S232,B12C363,B12,232,55703,55721,5,96,"Notes 1745 to 1749, on a verse the translator skips, the soul's gaze turned inward, a man walking through the sky, the Malabar bird, and penances that scorch the three worlds."
B12C363S233,B12C363,B12,233,55728,55751,5,143,"Notes 1750 to 1754, on the Vedas forgotten without study, Rahu and dust storms as eclipses, the lowest hunters, the wind's triplet, and the reading jaytamvarah."
B12C363S234,B12C363,B12,234,55757,55800,5,295,"Notes 1755 to 1758, on the three courses of the Ganga, a line running into the next, penance guarded from wrath, honour and forgiveness, and the saying that truth may give way when it harms; a section heading closes the scene."
B12C363S235,B12C363,B12,235,55806,55837,5,220,"Notes 1759 to 1763, on conquering the unconquerable as reaching Brahma, the Paravara reading, the man free of attachment, sacrifices that kill many creatures, and sorrow that grows with indulgence."
B12C363S236,B12C363,B12,236,55841,55874,5,264,"Notes 1764 to 1768, on the uselessness of reflecting on the nature of things, a doubtful verse, the fleeting pleasure of the senses, and the grief that comes from bonds."
B12C363S237,B12C363,B12,237,55879,55898,5,80,"Notes 1769 to 1773, on vidhitsa as thirst, Vyasa's ignorance of Bengal tides, the need for action, and the words asi and naprapyanadhigachchati."
B12C363S238,B12C363,B12,238,55902,55938,5,364,"Notes 1774 to 1778, on an unclear fault in intercourse, the body as the seed of heaven and hell, a body kept ready after death, the dying in the womb, and the ten stages of life."
B12C363S239,B12C363,B12,239,55949,55977,5,221,"Notes 1779 to 1783, on those employed to conquer nature, the endless rise of desire, the reading asathah, the ending of attachment to the body, and the sun's effulgence as Brahma."
B12C363S240,B12C363,B12,240,55985,56014,5,201,"Notes 1784 to 1788, on Shomah and the two paths of the archiradi and dhumadi, Suka's wish to reach universal Brahma, the sun and moon as the two paths, and the height of the atmosphere."
B12C363S241,B12C363,B12,241,56019,56048,5,291,"Notes 1789 to 1793, on Bhishma's account of Suka's departure and Vyasa's grief, the faith needed for the subject, a triplet on Swayambhuva, the golden cars and their wheels, and the protection of the four members."
B12C363S242,B12C363,B12,242,56059,56085,5,174,"Notes 1794 to 1798, on the mushka and the four arms, the Sattwata ritual, a man who held his wealth for Narayana, the excellence of the Rishis' treatise, and the two religions."
B12C363S243,B12C363,B12,243,56092,56123,5,340,"Notes 1799 to 1803, on a lost work by the seven Rishis, the meaning of paryaya as word-lists, the roles of the Hotri and sadasyas, clarified-butter cakes, and speculation on Christian parallels."
B12C363S244,B12C363,B12,244,56138,56163,5,229,"Notes 1804 to 1808, on readings of tadapratihato abhavat, yapa as silent meditation on Brahma, the Roman Republic reading, Weber's view on images, and the first-born and orthoepy."
B12C363S245,B12C363,B12,245,56174,56202,5,179,"Notes 1809 to 1813, on the Pancharatra ordinances, saints who neither honoured nor dishonoured, a verse both translators misread, Uparichara's identification with Brahma, and the force of curses."
B12C363S246,B12C363,B12,246,56208,56234,5,185,"Notes 1814 to 1818, on the Vasudhara streaks of ghee, the Vedic mantras of Vasu, the misreading about Narada's worship, the unmodified nature like space, and the one self behind all modifications."
B12C363S247,B12C363,B12,247,56239,56259,5,88,"Notes 1819 to 1823, on Vrihaspati as the source of speech, the refuge at dissolution, the avabhrita bath, sacrifices completed, and the six limbs of the Vedas."
B12C363S248,B12C363,B12,248,56263,56286,5,138,"Notes 1824 to 1828, on Pragjyotish as a Saman, the Vaikhanasa variant, the great sacrifice as yoga, the three degrees of modification, and a conjunction of heavenly bodies."
B12C363S249,B12C363,B12,249,56291,56319,5,249,"Notes 1829 to 1833, on the pair of shoes in Narayana's hand, the Vaishnava quadruple creation, a slip reading king of kings, and Brahman's dominion through ahankara."
B12C363S250,B12C363,B12,250,56329,56360,5,280,"Notes 1834 to 1838, on Narayana's manifestations and their purpose, the Savitri-mandala, the kalpas as alike, Mahadeva and Mahasena, and the story of Vana and Aniruddha."
B12C363S251,B12C363,B12,251,56369,56415,5,446,"Notes 1839 to 1843, on the flying city Saubha and Kala-yavana's death in a cave, the Hindu aim of identity with Brahma, the Siddhas who heard Narada, and the narration by Surya."
B12C363S252,B12C363,B12,252,56423,56452,5,276,"Notes 1844 to 1848, on the cessation of existence through self-realisation, the senses paired with the elements, avritti as a reward that returns, the path of pravritti, and the many Indras."
B12C363S253,B12C363,B12,253,56462,56480,5,163,"Notes 1849 to 1853, on the four quarters, Krishna's salutation to the Supreme Soul, sattwa with its qualities, liberation as complete identity, and the etymology of Hrishikesa."
B12C363S254,B12C363,B12,254,56492,56521,5,205,"Notes 1854 to 1858, on sat and asat as effect and cause, honouring Hari and Mantra, the reading gavamritam, rent-free lands for Brahmanas, and Rudra's third eye."
B12C363S255,B12C363,B12,255,56526,56556,5,292,"Notes 1859 to 1863, on the Manwantara and the Vaivaswat Manu, the powers of yoga, the three currents of the Ganga and Bharadwaja's water, Vishnu's three strides, and the Sreevatsa mark."
B12C363S256,B12C363,B12,256,56568,56596,5,228,"Notes 1864 to 1868, on Hrishikesa again, the unborn as the eternal soul, the Sattwata race, the five elements mixed in unequal parts, and Achyuta as the unswerving."
B12C363S257,B12C363,B12,257,56603,56630,5,177,"Notes 1869 to 1873, on clarified butter as the sustainer of the universe, the bodily humours, Narayana in the solar disc, the rarity of devotees, and the branches of the Yajur-Veda."
B12C363S258,B12C363,B12,258,56635,56663,5,221,"Notes 1874 to 1878, on the Krityas, the path of Dhyana and Galava's race, Narayana's four forms, the grass Munja, and Nara's broken weapon."
B12C363S259,B12C363,B12,259,56671,56688,5,76,"Notes 1879 to 1883, on the forms of Nara and Narayana, the speaker to Arjuna, Kala as time and death, Arjuna as the ostensible instrument, and who answers Janamejaya."
B12C363S260,B12C363,B12,260,56694,56718,5,164,"Notes 1884 to 1888, on the word for shoulder joints, the Bengal reading ashta-bhujau, the calm of Nara and Narayana before Narada, the displayed and undisplayed Hari, and Milton's mount of God."
B12C363S261,B12C363,B12,261,56724,56755,5,243,"Notes 1889 to 1893, on the earth's forbearance, sat and asat as aught and naught, the gods' forgotten Vedas and the teacher as father, the Hari-Gita, and the unclear guru of this verse."
B12C363S262,B12C363,B12,262,56762,56796,5,279,"Notes 1894 to 1898, on Vasudeva as witness of countless creations, the speech attributed to Saunaka, the horse-headed form, the science of krama, and those who have burnt their fuel."
B12C363S263,B12C363,B12,263,56802,56832,5,205,"Notes 1899 to 1903, on Vasudeva as the fourth, the ends reached by knowers and devotees, the ekantin as a worshipper without desire, the age without evil, and the Jeshthya Saman."
B12C363S264,B12C363,B12,264,56837,56863,5,199,"Notes 1904 to 1908, on Ikshaku as progenitor of the solar kings, yoga-kshema and the desire for liberation, the awakened, the rewards of pravritti and nivritti, and the subtle sattwa that frees."
B12C363S265,B12C363,B12,265,56872,56898,5,194,"Notes 1909 to 1913, on the Ekantins' practices as scriptural, the Whites as householders or the White Island folk, Apantara-tamas, the arrangement of the Vedic hymns, and the sense of twamrite."
B12C363S266,B12C363,B12,266,56907,56935,5,242,"Notes 1914 to 1918, on thoughts that do not match acts, the word nandana as son and delighter, the single Purusha of highest truth, the feet of the reverend, and the qualities of Purusha."
B12C363S267,B12C363,B12,267,56944,56972,5,187,"Notes 1919 to 1923, on acts as seeds, three views of the soul, the subtle body and its possessions, Dhaturadyam Vidhanam as Mahat, and the pragvansa part of the altar."
B12C363S268,B12C363,B12,268,56977,57010,5,345,"Notes 1924 to 1928, on an added passage that explains the connection, Yudhishthira's question on the best mode of life, family custom as binding, the Vedas as unwritten Srutis, and the craving of kankhami and ichcchemi."
B12C363S269,B12C363,B12,269,57022,57053,5,273,"Notes 1929 to 1933, on sattwika beings, Yama's standards, nityasalila, the uninvited guest who arrives hungry, dwiruna as less than ten by two, and frugality as restraint of the senses."
B12C363S270,B12C363,B12,270,57061,57094,5,274,"Notes 1934 to 1938, on the Nagas who hear with their eyes, the sense of annyayinah, the Chataka bird and its rain-water, a verse wrongly rendered, and K.P. Singha's close sense."
B12C363S271,B12C363,B12,271,57100,57127,5,296,"Notes 1939 to 1943, on the phrase we are your slaves, atmanam and atmasthah, the unccha vow of gleaning, diksha as the formal start of sacred acts, and Bhishma's abduction of the Kasi princesses."
B12C363S272,B12C363,B12,272,57145,57145,1,5,Project Gutenberg licence text that closes the source file; it is not part of the chapter's own narrative or notes.
B13C001S01,B13C001,B13,1,46,106,5,736,"A heading, then Yudhishthira's lament over Bhishma's wounds and the war's dead, Bhishma's reply introducing an old tale, and Gautami's plea that the serpent be freed."
B13C001S02,B13C001,B13,2,119,156,5,317,"The fowler insists the serpent must die to ease grief and earn merit, while Gautami argues the death was fated and that forgiveness is better."
B13C001S03,B13C001,B13,3,163,193,5,276,"Gautami keeps refusing, the fowler cites Indra and Mahadeva to justify killing, and the bound serpent speaks, blaming Mrityu for ordering the bite."
B13C001S04,B13C001,B13,4,203,239,5,351,"The serpent argues it is not an independent cause, like one part of a potter's tools, and the fowler rejects that, ending with the priest analogy."
B13C001S05,B13C001,B13,5,246,282,5,318,"Mrityu appears and explains that he and the serpent both act under Kala, who drives all beings, so the serpent asks to be released."
B13C001S06,B13C001,B13,6,288,318,5,243,"The fowler rejects both excuses and vows to kill them, Mrityu says both depend on Kala, and Kala arrives to settle the dispute."
B13C001S07,B13C001,B13,7,324,366,5,403,"Kala says the child's own karma was the cause, Gautami accepts this and asks the fowler to release the serpent, and Bhishma and the frame narration close the episode."
B13C002S01,B13C002,B13,1,376,560,3,2395,"Bhishma tells of the royal line leading to Sudarsana and Oghavati, whose guest-honoring virtue defeats Mrityu's test, ending with Dharma's praise and Bhishma's lesson for householders."
B13C003S01,B13C003,B13,1,584,584,1,486,"Yudhishthira asks how the Kshatriya Viswamitra became a Brahmana, citing his many deeds and comparing his case with Matanga's failure."
B13C004S01,B13C004,B13,1,632,663,3,1497,"Bhishma gives the family history of Gadhi and Richika, the horse dowry, and the swapped sacred food that changes the sons' destinies, ending with Viswamitra's rise to Brahmanahood."
B13C005S01,B13C005,B13,1,769,818,3,855,"Bhishma tells the story of the parrot Suka and Indra as an illustration of compassion and devout conduct, ending with the moral about companionship."
B13C006S01,B13C006,B13,1,854,930,4,1437,"Yudhishthira's question about Exertion and Destiny is answered by Brahma's reply to Vasishtha, with examples of kings who fell or rose by their own deeds and the Pandavas' recovery of their kingdom through valour."
B13C007S01,B13C007,B13,1,989,1068,3,992,"Bhishma lists how good deeds bear fruit in later states of life, from hospitality and austerity to honoring one's elders, and Vaisampayana reports the listeners' delight and closes the section."
B13C008S01,B13C008,B13,1,1084,1093,2,980,"Yudhishthira asks whom Bhishma honors, and Bhishma explains his devotion to Brahmanas and why Kshatriyas must protect and serve them."
B13C009S01,B13C009,B13,1,1175,1226,5,867,"Bhishma says that a broken promise of a gift to a Brahmana makes good deeds fruitless, illustrates this with the jackal and ape tale, and urges that Brahmanas' expectations be met."
B13C010S01,B13C010,B13,1,1266,1407,5,1595,"Yudhishthira asks about the fault of teaching the low-born, and Bhishma tells of a Sudra at a Himalayan asylum who is taught rites by a visiting Rishi, then reborn as a king who keeps his former teacher as priest."
B13C010S02,B13C010,B13,2,1410,1428,5,111,"The king offers the priest a boon, and the priest asks only that the king swear to speak the truth, which the king agrees to."
B13C010S03,B13C010,B13,3,1435,1478,3,946,"The priest asks why the king keeps laughing at him, the king reveals their former lives and the cost of the teaching, and Bhishma draws the lesson that Brahmanas should not instruct the low-born."
B13C011S01,B13C011,B13,1,1527,1552,4,920,"Bhishma recounts Rukmini's question to Sree in Krishna's presence and Sree's long reply listing the people, women, places and things where prosperity dwells or does not."
B13C012S01,B13C012,B13,1,1619,1768,5,1839,"Bhishma tells how the king Bhangaswana, turned into a woman by Indra's trick, bears sons and loses them, and then chooses to remain a woman when Indra offers her a boon, which Bhishma uses to answer Yudhishthira."
B13C013S01,B13C013,B13,1,1790,1796,2,207,"Bhishma lists the ten wrong actions to avoid, in body, speech and mind, and notes that deeds bring certain consequences."
B13C014S01,B13C014,B13,1,1817,1894,5,850,"Yudhishthira asks for Mahadeva's names and deeds, Bhishma says only Krishna can tell them, and Krishna agrees to speak."
B13C014S02,B13C014,B13,2,1906,1921,5,3377,"Vasudeva begins his discourse on Mahadeva and recalls his journey to Himavat for Jambavati's sake, where he found the asylum of the sage Upamanyu."
B13C014S03,B13C014,B13,3,2200,2388,5,5603,"Upamanyu tells how his mother taught him about Mahadeva, how he practiced austerities until Indra came to test him, and how he declined Indra's boons and affirmed Mahadeva as the supreme cause, before he describes seeing Mahadeva's weapons and attendants."
B13C014S04,B13C014,B13,4,2664,2916,5,3219,"Upamanyu hymns Mahadeva, who grants him boons, and then Upamanyu tells Vasudeva that Vasudeva too will see Mahadeva."
B13C014S05,B13C014,B13,5,2934,3013,2,1791,"Vasudeva describes his own austerities and his vision of Mahadeva with Uma, then hymns him, and Mahadeva offers him eight boons."
B13C015S01,B13C015,B13,1,3093,3130,4,371,"Vasudeva describes the boons he asked of Mahadeva and Uma, then reports them to Upamanyu, who bows and praises Sarva as unequalled."
B13C016S01,B13C016,B13,1,3140,3369,5,2765,"Upamanyu recounts Tandi's long devotion, his hymn to Mahadeva, Mahadeva's boons, and how Tandi passed the names of Mahadeva on to Upamanyu."
B13C017S01,B13C017,B13,1,3389,4360,5,12880,"Upamanyu recites the thousand-and-eight names of Mahadeva as a condensed hymn, praises its power to cleanse sin, and traces its line of transmission down to himself and Krishna."
B13C017S02,B13C017,B13,2,4433,4433,1,57,Krishna states the reward for reciting the hymn with a pure heart for a whole year.
B13C018S01,B13C018,B13,1,4445,4582,5,1659,"A series of sages, Jaigishavya, Garga, Parasara and Mandavya among them, each tell how Mahadeva rewarded their worship, after the Island-born Krishna and Vasudeva have urged the hymn's recitation."
B13C018S02,B13C018,B13,2,4599,4657,4,1126,"Galava tells of Mahadeva's help in reuniting him with his father, and Krishna then repeats Upamanyu's teaching and concludes with the merit of reciting the hymn."
B13C019S01,B13C019,B13,1,4711,4797,5,951,"Yudhishthira asks about the meaning of joint marital duties, and Bhishma begins the story of Ashtavakra, who is sent by Vadanya on a northern journey before he can marry Suprabha."
B13C019S02,B13C019,B13,2,4803,4985,4,2346,"Ashtavakra travels to Kuvera's realm, passes a year in dance and music unaware, reaches a golden mansion, and is pressed by an aged woman to lie with her."
B13C020S01,B13C020,B13,1,5016,5063,5,455,"The old woman tends to Ashtavakra's bath and food, comes to his bed at midnight, and is refused by Ashtavakra on grounds of duty."
B13C020S02,B13C020,B13,2,5068,5100,5,393,"The old woman claims to be her own mistress and asks Ashtavakra to marry her, and Ashtavakra questions her and resolves to keep his restraint."
B13C021S01,B13C021,B13,1,5119,5176,5,587,"Yudhishthira asks how Ashtavakra escaped the lady's power, and Bhishma recounts her explanation of the trial, Ashtavakra's return, and his marriage to Suprabha."
B13C022S01,B13C022,B13,1,5188,5215,5,229,"Yudhishthira asks who is a proper recipient of gifts, and Bhishma says devotion and keeping one's order's duties make a person worthy, with or without marks."
B13C022S02,B13C022,B13,2,5223,5262,5,312,"Bhishma says that merit from gods' rites comes through the gods' grace, and the four proper kinds of recipients are described, with the views of Earth and Kasyapa."
B13C022S03,B13C022,B13,3,5268,5295,5,216,"Agni and Markandeya give their views on learned and truthful Brahmanas, and Bhishma then answers Yudhishthira on Sraddha offerings to celibate Brahmanas."
B13C022S04,B13C022,B13,4,5303,5340,5,284,"Bhishma lists the marks of Righteousness, warns against giving to hypocrites, and holds that abstaining from honey and meat, along with renunciation, is the highest virtue."
B13C022S05,B13C022,B13,5,5346,5369,3,550,"Bhishma names the right times for wealth, Righteousness and pleasure, lists offences equal to Brahmanicide and foeticide, and describes the Brahmanas worthy of gifts."
B13C023S01,B13C023,B13,1,5406,5584,5,2100,"Bhishma sets out the rules for Sraddhas: timing, impure offerings that go to Rakshasas, unfit and fit Brahmanas, ritual words for each class, and the sins of falsehood and of eating in the wrong place."
B13C023S02,B13C023,B13,2,5590,5693,2,1973,"Bhishma lists the deeds that send people to hell and those that lead to heaven, and ends his teaching on rites and gifts."
B13C024S01,B13C024,B13,1,5760,5767,2,403,"Yudhishthira asks about indirect Brahmanicide, and Bhishma recounts Vyasa's list of acts that count as such guilt."
B13C025S01,B13C025,B13,1,5804,5828,3,2523,"Yudhishthira asks about the merit of sacred waters, Bhishma explains that Gautama put the question to Angiras, and Angiras lists the tirthas with their rewards."
B13C026S01,B13C026,B13,1,6020,6091,5,686,"Bhishma, lying on his bed of arrows, receives a visit from many great Rishis, and Yudhishthira asks which places are most sacred, which Bhishma answers by telling the story of a Brahmana and a visiting Rishi."
B13C026S02,B13C026,B13,2,6097,6353,3,3163,"The Rishi praises the Bhagirathi Ganga at length, and Bhishma urges Yudhishthira to seek her protection, with Vaisampayana noting that hearing the praise cleanses sin."
B13C027S01,B13C027,B13,1,6365,6435,5,891,"Yudhishthira asks how a lower-born person can become a Brahmana, and Bhishma tells of Matanga, whose talking she-ass reveals his mixed birth, and of Matanga's resolve to do penance."
B13C027S02,B13C027,B13,2,6454,6460,2,170,"Matanga asks Indra for the status of Brahmana through penance, and Indra warns him that the status cannot be won by one of impure birth."
B13C028S01,B13C028,B13,1,6479,6479,1,594,"Matanga stands for a hundred years on one foot, and Indra explains the long path of rebirths through lower orders before Brahmanahood, urging him to choose another boon."
B13C029S01,B13C029,B13,1,6532,6582,5,825,"Matanga's long penance, Sakra's refusal to grant Brahmana status, and Matanga's bitter reply."
B13C029S02,B13C029,B13,2,6616,6631,3,193,"Matanga asks for other boons, Sakra grants him fame, Matanga dies, and Bhishma draws the moral."
B13C030S01,B13C030,B13,1,6646,6780,5,1992,"Yudhishthira's question, the wars between the Haihayas and the kings of Kasi, Pratarddana's victory, Vitahavya's elevation by Bhrigu, and the genealogy."
B13C031S01,B13C031,B13,1,6830,6949,4,1382,"Yudhishthira's question, Krishna's question to Narada, Narada's list of revered Brahmanas, and Bhishma's advice to Yudhishthira."
B13C032S01,B13C032,B13,1,6960,7023,5,676,"Yudhishthira's question, the pigeon's plea to King Vrishadarbha, the hawk's objection, and the king's first offer of other meat."
B13C032S02,B13C032,B13,2,7030,7040,2,636,"The hawk's demand for the king's own flesh, the king's sacrifice, his reward in heaven, and the moral for Yudhishthira."
B13C033S01,B13C033,B13,1,7090,7096,2,1035,Yudhishthira's question and Bhishma's long answer on the king's duty to honour and protect the Brahmanas.
B13C034S01,B13C034,B13,1,7185,7276,4,1020,"Bhishma's case for honouring Brahmanas, the Earth's teaching to Vasudeva on serving them, and Bhishma's closing advice to Yudhishthira."
B13C035S01,B13C035,B13,1,7289,7368,3,791,"Bhishma's praise of the Brahmanas, Brahma's verses on their duties, and the closing notes of the section."
B13C036S01,B13C036,B13,1,7378,7444,5,671,"Sakra's disguised visit to Samvara, Samvara's account of his devotion to Brahmanas and Soma's teaching, and Sakra's rise after taking up the same course."
B13C037S01,B13C037,B13,1,7455,7488,4,712,"Yudhishthira's question on the choice of recipients, Bhishma's answer on worthiness, and the householder's duties to others."
B13C038S01,B13C038,B13,1,7532,7561,5,316,"Yudhishthira's request, Narada's meeting with Panchachuda, and her agreement to answer."
B13C038S02,B13C038,B13,2,7574,7574,1,683,Panchachuda's account of the faults she ascribes to women.
B13C039S01,B13C039,B13,1,7639,7639,1,480,"Yudhishthira's series of questions on why men are drawn to women, whether women can be restrained, and whether anyone has managed it."
B13C040S01,B13C040,B13,1,7685,7763,5,829,"The account of how women were created, and Devasarman's instruction to Vipula to protect his wife Ruchi from Indra."
B13C040S02,B13C040,B13,2,7768,7768,1,1128,Devasarman's description of Indra's disguises and Vipula's decision to enter Ruchi's body to guard her.
B13C041S01,B13C041,B13,1,7865,7944,3,1156,"Indra's visit to the hermitage, Vipula's rebuke of Indra, and Devasarman's reward to his disciple."
B13C042S01,B13C042,B13,1,7975,7975,1,969,"Vipula's pride after his penance, the errand for flowers, the oaths overheard on the road, and his realisation of his own fault."
B13C043S01,B13C043,B13,1,8060,8079,4,910,"Devasarman's welcome of Vipula, his explanation of the witnesses to Vipula's fault, and the closing lesson Bhishma draws about women."
B13C044S01,B13C044,B13,1,8150,8223,5,1067,"Yudhishthira's question on choosing a bridegroom, Bhishma's account of marriage forms and rules, and Yudhishthira's question about dower and promises."
B13C044S02,B13C044,B13,2,8252,8304,3,1489,"Yudhishthira's question about a rejected dowry suitor, and Bhishma's answer on dower, sale, and the rites that make a marriage."
B13C045S01,B13C045,B13,1,8385,8429,4,1105,"Yudhishthira's question on a jilted dowry-giver, Bhishma's rules on maintenance and inheritance by daughters and their sons, and his condemnation of sale in marriage."
B13C046S01,B13C046,B13,1,8490,8490,1,523,"Bhishma's verses on dowry and sale, his teaching on respect for wives, and the verse on women's duty and protection."
B13C047S01,B13C047,B13,1,8540,8694,5,1820,"Yudhishthira's question on inheritance among a Brahmana's sons, Bhishma's shares for the Brahmana's sons, Yudhishthira's objection, and Bhishma's reasons for ranking the wives."
B13C047S02,B13C047,B13,2,8697,8703,2,611,"Yudhishthira asks about other classes, and Bhishma gives the Kshatriya and Vaisya rules and the rule of the eldest son."
B13C048S01,B13C048,B13,1,8755,8927,3,2114,"Yudhishthira's question on mixed-class duties, Bhishma's list of mixed-class offspring and their occupations, and Yudhishthira's question on how to recognise mixed birth."
B13C049S01,B13C049,B13,1,8940,9010,5,923,"Bhishma on how birth shows in conduct, and his list of the kinds of sons and of the sons of mixed unions."
B13C049S02,B13C049,B13,2,9030,9075,5,491,"Yudhishthira's debate on seed versus soil in determining sonship, and Bhishma's ruling on abandoned and made sons."
B13C049S03,B13C049,B13,3,9082,9098,3,408,"Bhishma on the foundling who is raised by a rearer, and the purification rites for such children."
B13C050S01,B13C050,B13,1,9127,9197,4,835,"Yudhishthira's questions, Chyavana's vow in the river, the fishermen's catch, and Chyavana's refusal to leave the fish."
B13C051S01,B13C051,B13,1,9212,9240,5,208,"Nahusha's arrival and his first offer of a thousand coins, which Chyavana refuses."
B13C051S02,B13C051,B13,2,9246,9267,5,123,"Nahusha's offers of a hundred thousand coins and then a crore, both refused."
B13C051S03,B13C051,B13,3,9273,9308,5,394,"Nahusha's offer of half his kingdom, its refusal, and the cow-born sage's proposal that a cow is the price."
B13C051S04,B13C051,B13,4,9321,9367,5,506,"Nahusha accepts the cow as the price, Chyavana praises cows, and the fishermen offer to return the cow, which Chyavana accepts while freeing them."
B13C051S05,B13C051,B13,5,9377,9377,1,275,"The fishermen and the fish ascend to heaven, the sages grant Nahusha boons, and Nahusha returns to his city, and Bhishma ends by listing the topics he has covered."
B13C052S01,B13C052,B13,1,9407,9472,5,1203,"Yudhishthira's questions on Rama and the Kusika line, Chyavana's plan, Kusika's welcome, and the king's service to the sage until the sage vanishes."
B13C053S01,B13C053,B13,1,9524,9649,3,2197,"Yudhishthira's question, Kusika's repeated service to Chyavana, the burnt food, the goading in the battle-car, Chyavana's gifts and healing, and the transformed riverbank."
B13C054S01,B13C054,B13,1,9713,9804,2,1186,"Kusika's visit to the golden palace and its disappearance, Chyavana's praise of the king, and Kusika's reply."
B13C055S01,B13C055,B13,1,9822,9917,4,1217,"Chyavana's offer, Kusika's list of questions, Chyavana's explanation of his trials, and Kusika's request for details of the Brahmana descent."
B13C056S01,B13C056,B13,1,9932,9971,2,622,"Chyavana's prophecy of the Bhargava-Kshatriya conflict and the marriage and exchange of sons that link the two families, and Bhishma's closing confirmation."
B13C057S01,B13C057,B13,1,9993,10124,4,1560,"Yudhishthira's grief over the war, Bhishma's long account of the rewards of penance and gifts, and the brothers' acceptance of the grandsire's words."
B13C058S01,B13C058,B13,1,10139,10145,2,1023,"Yudhishthira's question, and Bhishma's account of the merit of tanks and of tree planting."
B13C059S01,B13C059,B13,1,10230,10238,2,1506,"Yudhishthira's question on the best gift, and Bhishma's long answer on giving, the merit of Brahmanas, and the duty of kings to them."
B13C060S01,B13C060,B13,1,10362,10370,2,788,"Yudhishthira's question on gifts to a begging versus a non-begging Brahmana, and Bhishma's answer on contentment and the worth of gifts to the unasking."
B13C061S01,B13C061,B13,1,10438,10450,2,1386,"Yudhishthira's questions on gifts and sacrifices, Bhishma's advice on royal giving, and his warnings about the king's duty to protect his people."
B13C062S01,B13C062,B13,1,10561,10794,5,2921,"Yudhishthira's question, Bhishma's praise of the gift of earth, the exchange between Indra and Vrihaspati, and the closing advice on reciting the verses."
B13C063S01,B13C063,B13,1,10813,10965,5,1700,"Yudhishthira's question, Bhishma's recollection of Narada's teaching on food-gifts, and Narada's account of the heavenly rewards, with a closing heading."
B13C064S01,B13C064,B13,1,10975,11076,4,1109,"Yudhishthira's question, Narada's list of gifts for each lunar constellation as told to Devaki, and Bhishma's note on how the teaching was passed on."
B13C065S01,B13C065,B13,1,11087,11087,1,532,"Bhishma's survey of the gifts praised by Atri, Harischandra, Manu and Sandilya, including wells, ghee, firewood, umbrellas and cars."
B13C066S01,B13C066,B13,1,11137,11196,5,656,"Yudhishthira's question on sandals and his request for more on sesame, land, cows and food, followed by Bhishma's praise of sesame and the story of the gods' request for earth."
B13C066S02,B13C066,B13,2,11206,11211,2,1432,"Brahma's grant of earth, the gods' sacrifice, and Bhishma's teaching on gifts of land, shelter, cows and food."
B13C067S01,B13C067,B13,1,11326,11334,2,607,"Yudhishthira's question on drink, and Bhishma's account of why water is the highest gift."
B13C068S01,B13C068,B13,1,11383,11436,5,758,"Yudhishthira's question, and Yama's instructions to a Brahmana through the story of a mistaken summons."
B13C068S02,B13C068,B13,2,11459,11459,1,382,"The Brahmana's return to the world and his practice of the gifts, and Bhishma's closing teaching on lamps, gems, robes and offspring."
B13C069S01,B13C069,B13,1,11497,11550,4,891,"Yudhishthira's question on which gifts all classes may make, Bhishma's account of kine, earth and knowledge as gifts of equal merit, and his rules on fit recipients."
B13C070S01,B13C070,B13,1,11585,11585,1,1097,"The story of king Nriga, the lizard in the well, Nriga's account of his sin, Yama's judgement, and Krishna's rescue and moral."
B13C071S01,B13C071,B13,1,11678,11813,3,2786,"Yudhishthira's request, the story of Uddalaki and Nachiketa, Nachiketa's visit to Yama and Yama's rules for gifts of cows, and Yama's teaching on substitute cows."
B13C072S01,B13C072,B13,1,11909,11929,3,454,"Yudhishthira's question about the regions of cow-givers, and Indra's questions to Brahma about those regions and the merit of many versus few cows."
B13C073S01,B13C073,B13,1,11958,11958,1,2393,"Brahma's description of the cow-givers' regions, the virtues and sins that decide who reaches them, the merit of cow-gifts by class and source, and the rules for recipients and the gift itself."
B13C074S01,B13C074,B13,1,12155,12188,3,502,"Indra's question about cow thieves and sellers, Brahma's answer on the punishments and on gold as Dakshina, and Bhishma's account of how the teaching was handed down."
B13C075S01,B13C075,B13,1,12208,12231,2,1449,"Yudhishthira's list of questions on the rewards of virtue, and Bhishma's answers on self-restraint, study, heroes, truth, celibacy and service to elders."
B13C076S01,B13C076,B13,1,12337,12465,3,1665,"Yudhishthira's request for the ritual, Bhishma's account of the rite taught to Mandhatri, and Yudhishthira's obedience to it."
B13C077S01,B13C077,B13,1,12485,12526,5,406,"Yudhishthira's second request, Bhishma's rules on the choice of cows, and Yudhishthira's question about the Kapila cow."
B13C077S02,B13C077,B13,2,12534,12617,2,1052,"Bhishma's history of Surabhi and the Kapila cows, the story of Mahadeva and Daksha, and Yudhishthira's gifts to the Brahmanas."
B13C078S01,B13C078,B13,1,12631,12653,4,927,"Saudasa's question to Vasishtha, Vasishtha's praise of cows, and his rules for honouring them."
B13C079S01,B13C079,B13,1,12723,12723,1,997,"Vasishtha's account of the cows' penance and boon, and his list of heavenly rewards for giving cows of each colour and to each deity."
B13C080S01,B13C080,B13,1,12805,12850,2,608,"Vasishtha's mantra in praise of cows and his account of their rewards, followed by Bhishma's note that Saudasa gave many cows and won heavenly regions."
B13C081S01,B13C081,B13,1,12863,13002,4,1620,"Yudhishthira's question, Bhishma's account of cows' sanctity and the cow-givers' rewards, Suka's question to Vyasa and Vyasa's answer on cows, and Bhishma's closing note on Suka."
B13C082S01,B13C082,B13,1,13012,13049,5,347,"Yudhishthira's question, Sree's arrival among the cows, and the cows' first refusal."
B13C082S02,B13C082,B13,2,13058,13100,5,401,"Sree's plea for a place among the cows, the cows' final offer of urine and dung, and Sree's acceptance."
B13C082S03,B13C082,B13,3,13106,13112,2,95,"Sree's thanks, her disappearance, and Bhishma's introduction of his next topic."
B13C083S01,B13C083,B13,1,13124,13228,2,1448,"Bhishma's opening on the sanctity of cows and ghee, Brahma's answer to Indra about the realm of cows, and Surabhi's reward; and Bhishma's closing on the rewards of devotion to cows."
B13C084S01,B13C084,B13,1,13254,13412,4,2636,"Yudhishthira asks about gold. Bhishma answers with his own dream of the ancestors, the legend of Parashurama and the sages' teaching, and the myth of Rudra's seed and the threat of Taraka."
B13C085S01,B13C085,B13,1,13482,13573,5,1215,"The gods appeal to Brahma against Taraka, and Brahma sends them to find Agni, who hides from them while his curses fall on the frogs, elephants and parrots."
B13C085S02,B13C085,B13,2,13596,13738,5,2678,"The gods find Agni in a Sami tree and ask him to father a son. The golden child is born from the seed in Ganga and grows into Kartikeya, and Vasishtha then recounts the sacrifice of Rudra and the birth of the sages."
B13C085S03,B13C085,B13,3,13827,13968,3,1778,"Rudra, Agni and Brahma each claim the offspring of that sacrifice, and Brahma settles the matter. The chapter then ends with the merit of gold gifts at different times of day and Kartikeya's victory over Taraka."
B13C086S01,B13C086,B13,1,13982,13994,2,1090,"Yudhishthira asks how Taraka was destroyed. Bhishma describes the birth and upbringing of Kartikeya by the Krittikas, the gifts the gods bring him, and his killing of Taraka."
B13C087S01,B13C087,B13,1,14080,14093,3,638,"Yudhishthira asks for the Sraddha rules. Bhishma stresses honoring the Pitris first, then lists the benefits of each lunar day and the preferred times for the rite."
B13C088S01,B13C088,B13,1,14146,14153,2,511,"Bhishma lists the offerings that keep the Pitris satisfied for set periods, names those that never run out, and quotes verses on the Magha constellation and the merit of Gaya."
B13C089S01,B13C089,B13,1,14199,14199,1,482,"Bhishma lists the constellations under which optional Sraddhas are performed and what each brings, and says that Sasavindu followed them to rule the earth."
B13C090S01,B13C090,B13,1,14249,14453,4,2376,"Bhishma explains how to examine Brahmanas for Sraddhas, lists those who pollute the line and those who sanctify it, and warns against inviting friends or unworthy people in their place."
B13C091S01,B13C091,B13,1,14463,14473,2,1346,"Yudhishthira asks about the origin of Sraddha. Bhishma tells how Nimi began the rite, how Atri confirmed it, and which deities, foods and people are to be included or excluded."
B13C092S01,B13C092,B13,1,14587,14615,3,759,"The Pitris and gods, overloaded with offerings, are sent from Soma to Brahma and then to Agni, who agrees to share the food. Bhishma then sets out the order of cakes, water offerings and the Pitris, and closes the teaching."
B13C093S01,B13C093,B13,1,14662,14703,5,380,Yudhishthira asks whether vowed Brahmanas may eat Sraddha offerings and whether fasting counts as penance. Bhishma says renunciation is the best penance and lists the observances of a Brahmana.
B13C093S02,B13C093,B13,2,14710,14787,5,1069,"Bhishma defines the fasts, celibacy, truthfulness and leftover-food rules, and then the giver and receiver of gifts. He begins the tale of the starving sages and King Saivya's offer of cattle."
B13C093S03,B13C093,B13,3,14814,14841,5,193,"Vasishtha, Kasyapa, Bharadwaja, Gautama and Viswamitra each speak on the danger of accepting gifts and the endless nature of desire."
B13C093S04,B13C093,B13,4,14847,14872,5,183,"Jamadagni and Arundhati speak on penance and righteousness, Ganda and Pasusakha on fear and the value of righteousness, and the sages wish the king joy of his gifts."
B13C093S05,B13C093,B13,5,14879,14911,5,329,"The sages leave the figs behind, and the angry king creates the Rakshasi Yatudhani and sends her to kill them. In the forest, Arundhati admires a well-fed mendicant with a dog."
B13C093S06,B13C093,B13,6,14924,14952,5,219,"The sages compare the mendicant's well-fed state with their own hunger, lapsed duties and worries, each giving a reason."
B13C093S07,B13C093,B13,7,14958,15004,5,406,"The sages reach a lotus lake guarded by Yatudhani, who refuses to say who she is and says she guards the lake."
B13C093S08,B13C093,B13,8,15007,15033,5,168,"Yatudhani lets the sages take lotus-stalks if they give their names, and Atri explains his name before she sends him into the lake."
B13C093S09,B13C093,B13,9,15039,15068,5,210,"Vasishtha, Kasyapa and Bharadwaja each explain their names, and Yatudhani calls each explanation incomprehensible."
B13C093S10,B13C093,B13,10,15074,15102,5,186,"Gotama and Viswamitra explain their names, and Yatudhani rejects both explanations."
B13C093S11,B13C093,B13,11,15108,15130,5,127,"Jamadagni and Arundhati explain their names, and Yatudhani again finds them incomprehensible."
B13C093S12,B13C093,B13,12,15136,15160,5,177,"Ganda and Pasusakha explain their names, and Sunahsakha gives his name without explanation."
B13C093S13,B13C093,B13,13,15166,15200,5,286,Sunahsakha strikes Yatudhani with his triple stick and reduces her to ashes. The sages return to find their lotus-stalks gone and suspect one another of theft.
B13C093S14,B13C093,B13,14,15207,15238,5,294,"Atri, Vasishtha, Kasyapa, Bharadwaja and Jamadagni each swear innocence and call down a list of penalties on the thief."
B13C093S15,B13C093,B13,15,15249,15290,5,382,"Gotama, Viswamitra, Arundhati, Ganda and Pasusakha each swear to their innocence and call down penalties on the thief."
B13C093S16,B13C093,B13,16,15296,15331,4,449,"Sunahsakha confesses that he took the stalks to test them, reveals that he is Indra, and the sages ascend to heaven with him. Bhishma closes with a lesson against greed and the merit of reciting this tale."
B13C094S01,B13C094,B13,1,15351,15418,5,707,"The sages, touring the holy waters, find Agastya's lotus-stalks gone. Agastya laments the decline of righteousness, and the first sages, Bhrigu, Vasishtha, Kasyapa and Gautama, swear their oaths of innocence."
B13C094S02,B13C094,B13,2,15426,15452,5,186,"Angiras, Dhundhumara, Dilipa, Puru and Sukra each swear oaths of innocence and call down penalties on the thief."
B13C094S03,B13C094,B13,3,15458,15487,5,223,"Jamadagni, Sivi, Yayati, Nahusha and Amvarisha each swear oaths and call down penalties on the thief."
B13C094S04,B13C094,B13,4,15493,15520,5,191,"Narada, Nabhaga, Kavi, Viswamitra and Parvata each swear oaths and call down penalties on the thief."
B13C094S05,B13C094,B13,5,15526,15550,5,161,"Bharadwaja, Ashtaka, Galava, Arundhati and the Valakhilyas each swear oaths and call down penalties on the thief."
B13C094S06,B13C094,B13,6,15556,15591,5,296,"Sunahsakha and Surabhi swear the last oaths. Indra, pleased, blesses the thief instead of cursing him, and Agastya accuses Indra of taking the stalks."
B13C094S07,B13C094,B13,7,15597,15609,2,271,"Indra says he took the stalks to hear the sages' talk of duty and asks forgiveness. Agastya takes back his stalks, and the sages go on to other holy waters, and Bhishma closes with the merit of the tale."
B13C095S01,B13C095,B13,1,15629,15683,5,771,"Yudhishthira asks the origin of giving umbrellas and sandals, and Bhishma tells how Jamadagni, angry at the sun's heat, vowed to shoot it, and Surya came to plead with him."
B13C096S01,B13C096,B13,1,15712,15740,5,305,"Jamadagni keeps his anger, and Surya, as a Brahmana, begs for protection. Jamadagni agrees to shield him and asks for a remedy for the heat."
B13C096S02,B13C096,B13,2,15753,15767,3,251,Surya gives Jamadagni an umbrella and sandals and establishes the gift as a custom. Bhishma urges Yudhishthira to give them to Brahmanas and lists the rewards.
B13C097S01,B13C097,B13,1,15788,15855,5,687,"Bhishma tells how Vasudeva asked the goddess Earth about the householder's duties, and she lists the rites of worship, offerings, hospitality and feeding others, which lead to fame and heaven."
B13C098S01,B13C098,B13,1,15866,15915,5,2196,"Manu tells Suvarna of Sukra's teaching to Vali on flowers, incense, lamps and Vali offerings, and the teaching passes down to Narada and to Bhishma."
B13C099S01,B13C099,B13,1,16070,16134,4,924,"Bhishma tells how the proud Nahusha stopped his rites and made the Rishis carry him, and how Bhrigu and Agastya discuss how to stop him, since Brahma's boon protects him."
B13C100S01,B13C100,B13,1,16164,16247,3,1270,"Bhishma tells how Nahusha was yoked and kicked, how Bhrigu cursed him, and how Brahma restored Indra, and closes with the merit of lamps at evening."
B13C101S01,B13C101,B13,1,16283,16301,5,142,"Yudhishthira asks where Brahmana-property thieves go, and Bhishma introduces a Chandala and a Kshatriya, who sees the Chandala washing milk spots from his body."
B13C101S02,B13C101,B13,2,16311,16380,3,889,"The Chandala explains how stolen kine's milk fell on Soma and sent the thieves and drinkers to hell, admits his own pride and sins, and asks how to be freed. The Kshatriya tells him to die in battle to protect a Brahmana's wealth, which he does, and Bhishma concludes that Brahmana property must be protected."
B13C102S01,B13C102,B13,1,16393,16440,5,463,"Bhishma tells how Gautama's raised elephant is seized by King Dhritarashtra, who offers wealth in its place, and Gautama refuses."
B13C102S02,B13C102,B13,2,16448,16477,5,234,"Gautama vows to follow the king to Yama's realm. The king says only the faithless go there, and Gautama promises to follow him to Mandakini, the region of Kuvera."
B13C102S03,B13C102,B13,3,16485,16522,5,275,"The king names the regions of the hospitable and the learned Brahmanas, and Gautama answers each with a place he will pursue him to, such as Meru's woods and Narada's woods."
B13C102S04,B13C102,B13,4,16525,16550,5,244,"The king describes the regions of those who love music, are free from desire and avoid meat, and Gautama answers with the Uttara-Kuru land and Sakra's realm."
B13C102S05,B13C102,B13,5,16562,16602,5,379,"Gautama and the king exchange regions for givers, Vedic students and the faithful, ranging from Soma's abode to the Sun and Varuna."
B13C102S06,B13C102,B13,6,16610,16631,5,141,"The king names the regions of those who keep the Chaturmasya vow and sacrifice, and Gautama says he will follow to Indra's own abode."
B13C102S07,B13C102,B13,7,16637,16668,5,401,"The king names the regions of Sakra, the Prajapatis, kings of the Rajasuya, and kine-givers and pilgrims, and Gautama answers with each."
B13C102S08,B13C102,B13,8,16689,16729,5,389,"Gautama names the region of Brahma, and the king says he will not be found there. Gautama recognizes the king as Indra, who admits his identity and bows, and Gautama asks for the elephant."
B13C102S09,B13C102,B13,9,16738,16761,4,227,"Indra gives the elephant back to Gautama and praises him for recognizing him. He invites Gautama and the elephant to heaven, and Bhishma closes with the merit of reciting the tale."
B13C103S01,B13C103,B13,1,16775,16917,4,1764,"Yudhishthira asks which penance is the highest. Bhishma answers with fasting, recounts Bhagiratha's discourse with Brahma on the great gifts that did not win heaven and the fast that did, and urges Yudhishthira to fast and honor Brahmanas."
B13C104S01,B13C104,B13,1,16934,16946,2,5617,"Yudhishthira asks what makes people live long and prosper. Bhishma answers that conduct is the key, and lists the daily rules of good conduct, ending with the praise of conduct."
B13C105S01,B13C105,B13,1,17391,17397,2,742,"Bhishma explains the duties of the eldest brother toward younger brothers, including fair sharing of property, and ranks the teacher, father and mother in order of reverence."
B13C106S01,B13C106,B13,1,17462,17497,4,2245,"Yudhishthira asks about the merits of fasting, and Bhishma repeats Angiras's rules on how long, how often and with what rewards, ending with the praise of fasting."
B13C107S01,B13C107,B13,1,17657,18010,3,4452,"Yudhishthira asks how poor people can earn sacrificial merit. Bhishma, citing Angiras, lists fasts of growing length, each matched to a sacrifice and a heavenly reward, and concludes that fasting gives the poor the same fruit."
B13C108S01,B13C108,B13,1,18030,18107,3,788,"Yudhishthira asks for the greatest Tirtha. Bhishma names the inner Tirtha of Manasa, explains that inner purity surpasses water-bathing, and says outer and inner purity together are best."
B13C109S01,B13C109,B13,1,18117,18123,2,656,"Bhishma recites a twelfth-day fast for each month, paired with a name of Krishna and a sacrifice's merit, and says the vow ends with gifts to Brahmanas and is unsurpassed."
B13C110S01,B13C110,B13,1,18179,18192,3,300,"Vaisampayana introduces Yudhishthira's question to Bhishma, and Bhishma describes the Chandravrata vow, its timing by constellation and its fruit."
B13C111S01,B13C111,B13,1,18218,18257,5,531,"Vrihaspati is summoned and asked what friend follows the dead, and he answers that only righteousness follows, so one should seek lawful wealth and piety."
B13C111S02,B13C111,B13,2,18279,18318,5,330,"Yudhishthira asks how piety can follow a body that becomes unseen. Vrihaspati explains that the elements and mind witness deeds, and how the vital seed forms and causes conception."
B13C111S03,B13C111,B13,3,18324,18340,3,3336,"Vrihaspati explains how the soul enters the seed, and then lists the animal rebirths that follow particular sins, ending with the call to hold to righteousness."
B13C112S01,B13C112,B13,1,18587,18596,2,859,"Vrihaspati says repentance and confession cleanse sin, and that gifts of lawfully earned food to learned Brahmanas, given by each class according to its means, are the highest merit."
B13C113S01,B13C113,B13,1,18667,18703,3,365,"Yudhishthira asks which of the six practices brings the most merit. Vrihaspati says compassion and treating others as oneself is the highest, and Vaisampayana reports that Vrihaspati ascended to heaven."
B13C114S01,B13C114,B13,1,18713,18728,3,522,"Yudhishthira asks how to cleanse harm done to others. Bhishma explains the four parts of compassion, the three sources of injury, and why eating meat is a sin."
B13C115S01,B13C115,B13,1,18770,18791,2,2581,"Yudhishthira asks how meat offerings square with non-injury, and Bhishma answers that abstaining from meat and harm is the highest religion, and sets out the limited cases in which meat may be used."
B13C116S01,B13C116,B13,1,18991,19008,2,1307,"Yudhishthira is dismayed at the craving for meat and asks about its merits and demerits. Bhishma admits its taste and strength, but teaches that abstaining from cruelty is the highest virtue."
B13C117S01,B13C117,B13,1,19107,19153,5,488,"Yudhishthira asks about those who die in battle. Bhishma tells how Vyasa met a worm fleeing a cart, and the worm explains its fear of death."
B13C117S02,B13C117,B13,2,19161,19161,1,457,"The worm explains why it clings to life, recalls its cruel life as a Sudra usurer, and asks Vyasa what is good for it."
B13C118S01,B13C118,B13,1,19204,19260,3,856,"Vyasa says the worm can rise again through merit. The worm is crushed by the cart and reborn a Kshatriya, thanks Vyasa, and Vyasa explains the steps by which a low birth can rise."
B13C119S01,B13C119,B13,1,19287,19330,5,369,"The Kshatriya, recalling his past births, undertakes penance, and Vyasa tells him to protect his subjects. He becomes a Brahmana, and Vyasa consoles him about death."
B13C119S02,B13C119,B13,2,19336,19336,1,123,"The former worm sets up a thousand sacrificial stakes and reaches Brahma's realm, and Bhishma tells Yudhishthira not to mourn the Kshatriyas who fell at Kurukshetra."
B13C120S01,B13C120,B13,1,19354,19382,3,865,"Yudhishthira asks which is superior. Bhishma tells of Vyasa's meeting with Maitreya, and Vyasa explains that gift is the highest sacred act and the three tracks of conduct."
B13C121S01,B13C121,B13,1,19440,19456,4,628,"Maitreya praises Vyasa, and argues that gifts bear fruit only when made to learned, pure Brahmanas, and that worthy receivers share the giver's merit."
B13C122S01,B13C122,B13,1,19506,19506,1,637,"Vyasa answers that penance surpasses gifts, advises Maitreya on householder duties, and leaves with a blessing that Maitreya returns."
B13C123S01,B13C123,B13,1,19566,19617,3,620,"Bhishma tells how Sandili, asked by Sumana how she reached heaven, describes her devotion to her husband and household, and says reading this tale brings heaven."
B13C124S01,B13C124,B13,1,19630,19656,3,1325,"Yudhishthira asks whether conciliation or gifts is more effective. Bhishma tells how a Brahmana, seized by a Rakshasa, appeased him with flattery and won his release."
B13C125S01,B13C125,B13,1,19750,19846,5,1157,"Yudhishthira asks how a poor man should act and which gift is best. Bhishma begins the teaching, and a heavenly messenger asks the Pitris about the three rice-balls of the Sraddha and the ban on sex on Sraddha days."
B13C125S02,B13C125,B13,2,19862,19979,5,1514,"The Pitris explain the fate of each rice-ball, and the sage Vidyutprabha asks Indra how to atone for killing lesser creatures. Indra and Vrihaspati give rites of purification and list the sins against the sun, wind, fire and cows, and the gods ask the Pitris how to repay the debt to ancestors."
B13C125S03,B13C125,B13,3,19999,19999,1,254,"The Pitris explain the merit of freeing blue bulls, giving sesame and water on the new moon, and lighting lamps in the rains, and Bhishma closes the teaching."
B13C126S01,B13C126,B13,1,20026,20081,5,603,"Indra asks Vishnu what pleases him. Vishnu says honoring Brahmanas and worshipping the Aswattha and the cow please him most, and Baladeva adds a dawn rite of touching cow products and mustard seeds."
B13C126S02,B13C126,B13,2,20092,20154,5,749,"The deities, Dharma, Agni and Viswamitra give rules on copper vessels, unfit Sraddha recipients, the sin of kicking a cow, fire or Brahmana, a Bhadrapada rite and a prayer to the cow."
B13C126S03,B13C126,B13,3,20169,20182,2,275,"The seven Rishis, led by Vasishtha, ask Brahma how the poor can earn sacrificial merit, and Brahma gives the moonlight rite of Pausha."
B13C127S01,B13C127,B13,1,20204,20265,5,676,"A string of teachings from Vibhavasu, Sree, Angiras, Gargya and Dhaumya on offerings, the household items that displease the gods, and the duties that bring merit."
B13C127S02,B13C127,B13,2,20275,20275,1,89,"Jamadagni teaches that an impure heart undoes even great sacrifices, while a pure heart is worth as much as them."
B13C128S01,B13C128,B13,1,20290,20290,1,373,"Vayu's rainy-season duties, the sins of improper ritual helpers, and the three-day expiation that restores the sinner's standing."
B13C129S01,B13C129,B13,1,20328,20328,1,512,"Lomasa's warnings against adultery, barren women and theft from Brahmanas, followed by praise of gifts such as sesame vessels and lamps and the merit they bring."
B13C130S01,B13C130,B13,1,20376,20424,4,1423,"Arundhati's teaching on the cow-horn rite, the praise of the gods, and the words of Brahman, Yama and Surya on charitable gifts and the five sinners to shun."
B13C131S01,B13C131,B13,1,20504,20516,2,480,The Pramathas explain which conduct makes men vulnerable to them and which household practices keep them away.
B13C132S01,B13C132,B13,1,20552,20575,3,540,"Brahman sends Renuka to the elephants, who teach an ant-hill offering that brings merit and supports their work of holding up the earth."
B13C133S01,B13C133,B13,1,20612,20612,1,270,"Maheswara teaches that feeding and worshipping cows brings great merit, and explains why he favours them."
B13C134S01,B13C134,B13,1,20641,20688,3,650,"Skanda's earth-and-honey rites, Vishnu's praise of hearing and reciting these teachings, and Bhishma's warning about whom to teach."
B13C135S01,B13C135,B13,1,20706,20718,4,707,"Yudhishthira's question on eating rules, and Bhishma's answer on whose food each class may accept and whose it must refuse."
B13C136S01,B13C136,B13,1,20777,20786,2,735,"Yudhishthira's question about expiations, and Bhishma's list of purification rites for different foods, gifts and settings."
B13C137S01,B13C137,B13,1,20847,20853,2,763,"Yudhishthira asks which is better, charity or devotion, and Bhishma lists the royal and sage donors who gained heaven, then defers further answers to morning."
B13C138S01,B13C138,B13,1,20922,20933,2,421,"Yudhishthira's questions about kinds of gift, and Bhishma's classification of gifts by motive."
B13C139S01,B13C139,B13,1,20965,21052,5,1514,"Yudhishthira's request, Bhishma's opening, and Krishna's vow-time episode in which fire from his mouth burns and then restores a mountain, followed by his explanation to the sages."
B13C139S02,B13C139,B13,2,21103,21103,1,96,"The ascetics ask Narada to tell the story of the Himavat wonder, and he begins."
B13C140S01,B13C140,B13,1,21119,21259,5,1613,"Narada describes Shiva's retreat on the Himavat, Uma covering his eyes, the third eye that burns the mountain, and Uma's questions about his form and actions."
B13C140S02,B13C140,B13,2,21272,21272,1,50,Shiva is pleased and agrees to explain the reasons for his forms.
B13C141S01,B13C141,B13,1,21284,21338,5,637,"Shiva explains his four faces, his blue throat, the bull that is his mount, and why the crematorium is a sacred place to him."
B13C141S02,B13C141,B13,2,21352,21395,5,505,"Uma asks what marks religion, and Shiva names the chief duties of the householder and the five key duties."
B13C141S03,B13C141,B13,3,21412,21607,5,2327,"Uma asks for the duties of each class and of all classes, and Shiva lays out the duties of Brahmanas, householders, kings, Vaisyas and Sudras, then the paths of Pravritti and Nivritti."
B13C141S04,B13C141,B13,4,21623,21700,2,819,"Uma asks about the religion of the Rishis, and Shiva describes ascetic groups such as the Phenapas and Valkhilyas and the practices of the Munis."
B13C142S01,B13C142,B13,1,21710,21826,5,1320,"Uma asks about forest recluses, and Shiva describes their rites, austerities and virtues, including harmlessness and sincerity."
B13C142S02,B13C142,B13,2,21839,21839,1,880,"Shiva lists the rewards that come from different austerities, from heavenly realms to kingship."
B13C143S01,B13C143,B13,1,21916,21931,2,2297,"Uma asks how castes are lost and gained, and Shiva explains that conduct, not birth alone, decides a man's standing, with lists of faults and of good conduct."
B13C144S01,B13C144,B13,1,22109,22195,5,909,"Uma asks about the deeds, words and thoughts that bind or free men, and Shiva lists the conduct and speech that lead to heaven."
B13C144S02,B13C144,B13,2,22201,22255,3,970,"Shiva describes the good mental habits that lead to heaven, and then explains how cruelty and compassion shape a person's lifespan and fortune."
B13C145S01,B13C145,B13,1,22295,22450,5,1767,"Shiva describes the generous giver and the stingy or cruel, with their rewards and punishments, and then answers Uma's questions on wisdom and bodily defects."
B13C145S02,B13C145,B13,2,22456,22479,3,340,"Shiva explains that those who seek instruction gain wisdom, and that conduct guided by the Vedas differs from conduct led by folly."
B13C146S01,B13C146,B13,1,22498,22601,5,2058,"Mahadeva asks Uma about women's duties, she consults the rivers, and then she sets out the ideal wife's conduct."
B13C146S02,B13C146,B13,2,22680,22680,1,64,"Mahadeva praises Uma and dismisses the assembly, which departs."
B13C147S01,B13C147,B13,1,22693,22699,2,1978,"The Rishis ask about Vasudeva, and Shiva praises Hari, traces his future lineage, and urges worship of him."
B13C148S01,B13C148,B13,1,22862,23027,4,2036,"The Rishis describe what they saw and praise Krishna, Bhishma extols Krishna and urges Yudhishthira not to grieve, and Yudhishthira prepares to ask again."
B13C149S01,B13C149,B13,1,23048,23927,4,11574,"Yudhishthira asks which god and which hymn bring liberation, and Bhishma answers by reciting the thousand names of Vasudeva and describing the benefits of reciting them."
B13C150S01,B13C150,B13,1,23995,24010,2,2709,"Yudhishthira asks for the most effective mantra, and Bhishma gives the Savitri mantra with the list of gods and Rishis to be named and the benefits of reciting them."
B13C151S01,B13C151,B13,1,24227,24234,2,850,"Yudhishthira asks whom to honour, and Bhishma says Brahmanas deserve reverence whatever their learning or conduct."
B13C152S01,B13C152,B13,1,24307,24384,4,873,"Bhishma tells of King Arjuna's boons from Dattatreya, his scorn for Brahmanas, and the wind god's warning, and ends with Arjuna's question."
B13C153S01,B13C153,B13,1,24395,24395,1,653,"The wind god lists the feats of Brahmanas as proof of their superiority, and then argues that Brahman was not born from an egg."
B13C154S01,B13C154,B13,1,24456,24456,1,1014,"The wind god tells the stories of Kasyapa and the earth, and of Utathya's wife, to show Brahmanas surpass Kshatriyas, and then asks Arjuna for a reply."
B13C155S01,B13C155,B13,1,24544,24586,2,855,"The wind god tells of Agastya and Vasishtha, each defeating Danavas or Asuras to save the gods, and asks Arjuna whether any Kshatriya surpasses them."
B13C156S01,B13C156,B13,1,24625,24686,5,623,"The wind god tells of Atri, who dispelled the darkness caused by Rahu, and of Chyavana, who first asks Indra to let the Aswins drink Soma."
B13C156S02,B13C156,B13,2,24694,24705,3,439,"Indra refuses, Chyavana threatens him, creates the monster Mada, and Indra submits; Mada is then given his dwelling places."
B13C157S01,B13C157,B13,1,24743,24825,5,904,"The wind god tells how the gods lost heaven and earth, how the Brahmanas destroyed the Kapas, and Arjuna's response."
B13C157S02,B13C157,B13,2,24835,24835,1,55,The wind god urges Arjuna to protect the Brahmanas and warns him of future danger from the race of Bhrigu.
B13C158S01,B13C158,B13,1,24847,24855,2,2270,"Yudhishthira asks his question, and Bhishma, near death, refers him to Krishna while praising Krishna as creator, protector and the whole universe."
B13C159S01,B13C159,B13,1,25035,25188,3,1777,"Yudhishthira asks Krishna about Brahmanas, and Krishna tells the story of Durvasa's stay in his house and the lesson he drew from it."
B13C160S01,B13C160,B13,1,25198,25206,2,1292,"Krishna recites the Sata-rudriya praise of Mahadeva, recounts his deeds, and reveals that Durvasa was Mahadeva."
B13C161S01,B13C161,B13,1,25314,25314,1,884,"Krishna names Rudra and explains the meaning of his names, his two forms, and the worship owed to him."
B13C162S01,B13C162,B13,1,25392,25465,5,762,"Yudhishthira asks which source of knowledge is authoritative, and Bhishma says reasoning alone cannot settle it and that Righteousness rests on three supports, which Yudhishthira then questions."
B13C162S02,B13C162,B13,2,25476,25535,5,1647,"Bhishma says Righteousness is one, lists its basic virtues, describes the fates of those who love or hate it, and gives many rules for the good man's conduct."
B13C163S01,B13C163,B13,1,25633,25673,2,653,"Yudhishthira asks why wealth and success do not follow effort or learning, and Bhishma answers that austerity, generosity and harmlessness are the way to better fortune in later lives."
B13C164S01,B13C164,B13,1,25696,25696,1,730,"Bhishma explains that Time moves creatures, that Righteousness keeps the soul pure and is eternal, and that the unequal lots of men follow their past acts."
B13C165S01,B13C165,B13,1,25765,25785,4,1290,"Yudhishthira asks what cleanses sin, and Bhishma recites the names of gods, sacred places, Rishis and kings, with the benefits of reciting them."
B13C166S01,B13C166,B13,1,25903,25915,2,497,"Janamejaya asks what Yudhishthira did next, and Vaisampayana tells how Bhishma sends the king home with advice and a summons to return."
B13C167S01,B13C167,B13,1,25954,26051,5,1328,"Yudhishthira returns to Bhishma with the funeral materials, Bhishma speaks to him, to Dhritarashtra and to Krishna, and asks leave to die."
B13C167S02,B13C167,B13,2,26079,26088,2,198,"Krishna grants leave, and Bhishma bids farewell to his kin and advises Yudhishthira on honouring Brahmanas."
B13C168S01,B13C168,B13,1,26107,26196,5,978,"Bhishma's life-breaths leave his body through his head, his funeral is held, and Ganga, lamenting her son, is consoled by Krishna and Vyasa."
B13C168S02,B13C168,B13,2,26204,26227,5,115,"The translator's footnotes 2 to 6 gloss a simile about fire, a curse on Viswamitra, and two star names."
B13C168S03,B13C168,B13,3,26231,26254,5,185,"Footnotes 7 to 11 explain Matanga's birth, the term charu, and a sentence about destiny, exertion and the swan image."
B13C168S04,B13C168,B13,4,26263,26286,5,115,"Footnotes 12 to 16 gloss a few terms about energy, penance, and the expectation of a Brahmana."
B13C168S05,B13C168,B13,5,26291,26315,5,140,"Footnotes 17 to 21 explain a physician simile, terms for peace and asceticism, and renunciation."
B13C168S06,B13C168,B13,6,26320,26350,5,202,"Footnotes 22 to 26 cover the rule against Brahmanas serving Sudras at rites, the Atharva Veda, and the punyaha and diksha rites."
B13C168S07,B13C168,B13,7,26355,26377,5,190,"Footnotes 27 to 31 gloss barter, hypocrisy, offerings, childlessness and three mental acts."
B13C168S08,B13C168,B13,8,26388,26421,5,290,Footnotes 32 to 36 discuss Vasudeva's favour from Mahadeva and the sons Krishna won by penance.
B13C168S09,B13C168,B13,9,26431,26443,5,48,"Footnotes 37 onward give botanical identities for a set of trees, Dhava, Kakubha, Arjuna, Kadamva, Kuruveka, Ketaka, Jamvu and Patala."
B13C168S10,B13C168,B13,10,26446,26458,5,47,"A continuation of the tree-name footnotes: Varunaka, Vatasanabha, Vilwa, Sarala, Kapittha, Piyala, Sala, Vadari and Kunda."
B13C168S11,B13C168,B13,11,26461,26476,5,79,"The tree-name footnotes end with Punnaga, Asoka, Amra, Kovidara, Champaka and Panasa, followed by footnote 38 on Ganga as Jahnavi."
B13C168S12,B13C168,B13,12,26483,26505,5,141,"Footnotes 39 to 43 explain ascetics who do not use their hands, the word graha, the term yoga, Surabhi, and the sanyasin and king."
B13C168S13,B13C168,B13,13,26512,26541,5,227,"Footnotes 44 to 48 explain the sacred thread, arupa, the sheaths of the soul, and devotion to Mahadeva."
B13C168S14,B13C168,B13,14,26546,26572,5,158,Footnotes 49 and 50 explain how Mahadeva cannot be grasped without the Srutis and how he filled Space and set the egg of Brahma.
B13C168S15,B13C168,B13,15,26577,26608,5,239,"Footnotes 54 to 58 discuss a difficult verse on Mahadeva's compassion, the seed that turned into a golden mountain, and the Haragauri form."
B13C168S16,B13C168,B13,16,26614,26647,5,241,Footnotes 59 to 63 weigh variant readings of verses on Mahadeva's form and on sacrifice that goes beyond action.
B13C168S17,B13C168,B13,17,26652,26673,5,119,"Footnotes 64 to 68 comment on a disputed name, the sense of Vishnu, gifts to a visitor, a genitive form, and a cloud image."
B13C168S18,B13C168,B13,18,26680,26707,5,228,"Footnotes 69 to 73 gloss terms for action and its fruit, the powers of Yoga, and the link between acts and time."
B13C168S19,B13C168,B13,19,26716,26741,5,176,"Footnotes 74 to 78 comment on variant readings, the sixteen boons of Upamanyu, Ganga's cleansing power, and the six divisions of the self and world."
B13C168S20,B13C168,B13,20,26749,26776,5,196,"Footnotes 79 to 83 explain how the liberated behold Mahadeva in their hearts, the cave of Brahman, and his eight forms."
B13C168S21,B13C168,B13,21,26782,26810,5,203,"Footnotes 84 to 88 explain the two paths of the departed, the three ways of worship, a Sankhya reference, a difficult verse, and the protective power of the names."
B13C168S22,B13C168,B13,22,26815,26835,5,199,"Footnotes 89 to 93 explain the merit of the names, the sense of sthira and sthanu, bhava, Virat, and the many senses of certain names."
B13C168S23,B13C168,B13,23,26848,26869,5,165,"Footnotes 94 to 98 explain names for the displayed universe, the inner soul, niyama, nidhi and the many-eyed."
B13C168S24,B13C168,B13,24,26880,26915,5,330,"Footnotes 99 to 103 explain astronomical names, the golden seed, the soul's seed of acts, and Ganesa."
B13C168S25,B13C168,B13,25,26923,26946,5,176,"Footnotes 104 to 108 explain knowledge as penance, a weapon named sataghni, the name Harikesa, Krishna, and Kaparddin."
B13C168S26,B13C168,B13,26,26954,26978,5,128,"Footnotes 109 to 113 explain space as Mahadeva's abode, the deities and Asuras, unmanifest sound, four states of the soul, and Buddha."
B13C168S27,B13C168,B13,27,26983,27006,5,164,"Footnotes 114 to 118 explain Mahadeva's contest with Krishna, the vision of Markandeya, and the three names as householder, sanyasin and recluse."
B13C168S28,B13C168,B13,28,27013,27037,5,144,"Footnotes 119 to 123 gloss Brahman within the heart, Yama's covering illusion, the terms vibhaga and sarvaga, and the golden mail of illusion."
B13C168S29,B13C168,B13,29,27042,27065,5,139,"Footnotes 124 to 128 gloss Pasupati, the waves of worldly joy, the binder of Asura chiefs, the ritual of sacrifice, and the question of vestments."
B13C168S30,B13C168,B13,30,27070,27092,5,129,"Footnotes 129 to 133 gloss the supporters of the world, the celestials, the body as a pit, the wind, and the night-dweller."
B13C168S31,B13C168,B13,31,27097,27118,5,107,"Footnotes 134 to 138 explain the soul's view of itself, the Hansa titles, the term for priests, a name of joy, and the divine language of the Veda."
B13C168S32,B13C168,B13,32,27122,27142,5,97,"Footnotes 139 to 143 explain the crown of the head, emancipation, two avatars named in a name, Mahamuni, and the world as a tree."
B13C168S33,B13C168,B13,33,27147,27175,5,222,"Footnotes 144 to 148 explain Brahman's tree, misreadings of names, the stages of life, the age of Kali, and the Great Bear."
B13C168S34,B13C168,B13,34,27182,27209,5,160,"Footnotes 149 to 153 explain the sacred ashes, the story of Mankanaka, the term anukari, and Krishna as Arjuna's friend."
B13C168S35,B13C168,B13,35,27213,27238,5,141,"Footnotes 154 to 158 identify Sesha, Mahavishnu, a printing error, Kurukshetra, and a term for Siddhanta."
B13C168S36,B13C168,B13,36,27243,27265,5,123,"Footnotes 159 to 163 gloss real existence, the plate of Kala, a worshipper, the name Narah, and Suparvan."
B13C168S37,B13C168,B13,37,27270,27293,5,134,"Footnotes 164 to 168 explain the power to bear all things, the etymology of Hara, the shallow pond, Trivikrama, and Yoga knowledge."
B13C168S38,B13C168,B13,38,27297,27319,5,148,"Footnotes 169 to 173 gloss compound names, the three powers, the Brahmana's rod, Mahadeva's prowess, and Brahma's search for the lotus stalk."
B13C168S39,B13C168,B13,39,27326,27350,5,158,"Footnotes 174 to 178 tell of Surabhi's false witness, Uma as Brahmavidya, Ganga in Mahadeva's locks, Hara-Gauri, and a variant reading."
B13C168S40,B13C168,B13,40,27356,27374,5,63,"Footnotes 179 to 183 describe Mahadeva's five heads, names of time, the Srutis' image of him, and a shrine in Kalinga."
B13C168S41,B13C168,B13,41,27379,27400,5,228,"Footnotes 184 to 188 gloss kanta, devotion to Bhava, the gods' use of nymphs against ascetics, and Yudhishthira's objection that marriage cannot be a joint religious union."
B13C168S42,B13C168,B13,42,27414,27433,5,93,"Footnotes 189 to 193 explain the groom's journey as a test, Kala-ratri, the sacred north, a bathing ghat, and a Vedic phrase."
B13C168S43,B13C168,B13,43,27438,27462,5,153,"Footnotes 194 to 198 explain Mandakini and Nalini, divya music, a woman's unchastity, a reply about yearning, and a difficult word."
B13C168S44,B13C168,B13,44,27467,27495,5,188,"Footnotes 199 to 203 weigh alternative readings of verses on a bed, a choice of women, and the signs of ascetics worthy of gifts."
B13C168S45,B13C168,B13,45,27500,27526,5,258,"Footnotes 204 to 208 discuss the five persons named in a question, three cleansing acts, good conduct, varied fruits of duty, and the low castes in a verse."
B13C168S46,B13C168,B13,46,27539,27568,5,208,"Footnotes 209 to 213 discuss a reading of brahmacharya, the value of gifts to one Brahmana, the timing of gifts, and unworthy food."
B13C168S47,B13C168,B13,47,27573,27599,5,185,"Footnotes 214 to 218 explain apasmara, the agrani, Brahmanas at crematoria, the putrika-putra, and anugraham."
B13C168S48,B13C168,B13,48,27604,27630,5,182,"Footnotes 219 to 223 explain examples of the fallen, the phrases uditastamita and astamitodita, the Sraddha closing words, and punyaham."
B13C168S49,B13C168,B13,49,27637,27665,5,288,"Footnotes 224 to 228 defend sacrificial slaughter, explain impurity after births and deaths, condemn false begging, explain fear of thieves, and defend a lie in some cases."
B13C168S50,B13C168,B13,50,27678,27703,5,174,"Footnotes 229 to 233 cover selling the Vedas, a marriage custom, the costs of marriage, the word vapra, and two rivers."
B13C168S51,B13C168,B13,51,27708,27728,5,125,"Footnotes 234 to 238 explain rewards in the Apsaras' region, sovereignty, a verse on sacrifice, nyastani, and the support given to the gods by earth and kine."
B13C168S52,B13C168,B13,52,27736,27759,5,140,"Footnotes 239 to 243 explain Ganga's three courses, Devesh, aranyaih, the Sagara story, and vrihati."
B13C168S53,B13C168,B13,53,27765,27783,5,106,"Footnotes 244 to 248 gloss madhumati, avanti, bhuvana as heaven, a hard verse, and the Brahmana's power to grant wishes."
B13C168S54,B13C168,B13,54,27790,27812,5,139,"Footnotes 249 to 253 gloss a word for the self-sufficient man, a numeral, a grammatical form, the sense of yajanti, and pigeons that pick up grain."
B13C168S55,B13C168,B13,55,27819,27843,5,136,"Footnotes 254 to 258 explain the aggregate of three, a variant reading on honouring Brahmanas, the disguised Brahmanas, the deities who eat the food, and a compound."
B13C168S56,B13C168,B13,56,27848,27873,5,218,"Footnotes 259 to 263 discuss a textual crux, curses behind the moon's spots and the ocean's salt, Brahmana birth, service, and the precedence of a Brahmana at meals."
B13C168S57,B13C168,B13,57,27882,27912,5,210,"Footnotes 264 to 268 gloss the praise of Brahmanas who refuse gifts, the grammar of a verse, Sukra and Vrihaspati, a misprint, and alms-seeking."
B13C168S58,B13C168,B13,58,27918,27942,5,147,"Footnotes 269 to 273 gloss the question of worthy recipients, pure intention in rites, the unseizability of words and women, and the virtue of all creatures."
B13C168S59,B13C168,B13,59,27947,27978,5,239,"Footnotes 274 to 278 gloss a word for first, the Prakrit speech of women, the adana rite, the forms of marriage set beside Manu's, and equal status of sons."
B13C168S60,B13C168,B13,60,27984,28027,5,406,"Footnotes 279 to 283 explain nagnika, the putrikadharmini, the references for kinship, and the promise of a girl in marriage."
B13C168S61,B13C168,B13,61,28032,28058,5,199,"Footnotes 284 to 288 explain a boon on retracting promises, the danger of unsuitable marriages, the rites of circumambulation and water, Savitri's act, and women's liberty as an Asura practice."
B13C168S62,B13C168,B13,62,28064,28086,5,128,"Footnotes 289 to 293 gloss marriage led by desire, the five-part division of property, forced marriage, ornaments, and the abductions of Rukmini and Subhadra."
B13C168S63,B13C168,B13,63,28091,28123,5,273,"Footnotes 294 to 298 gloss a small cloth, the use of wealth, a Brahmana who favours other orders, the shares of sons of several wives, and the Sudra's sacrifice."
B13C168S64,B13C168,B13,64,28129,28154,5,206,"Footnotes 299 to 303 explain the sacred thread, broken pots, the limits set by low birth, and the status of a son born after a marriage to another man."
B13C168S65,B13C168,B13,65,28162,28188,5,187,"Footnotes 304 to 308 explain the question, the sanctity of cows, the seven-step friendship, a needle image, and evening clouds as Gandharva mansions."
B13C168S66,B13C168,B13,66,28194,28235,5,320,"Footnotes 309 to 313 give botanical and zoological names for trees, creepers and birds, and explain the allusion to a Kshatriya of Bhrigu's race."
B13C168S67,B13C168,B13,67,28240,28266,5,160,"Footnotes 314 to 318 gloss the seven degrees of kin, heaven and hell as places of enjoyment, the Sanskrit names for plants, and a question about gifts returning."
B13C168S68,B13C168,B13,68,28270,28300,5,237,"Footnotes 319 to 323 discuss readings about sacrifice by gifts, the water of gifts, the two sources of heaven and hell, and the treatment of beggars."
B13C168S69,B13C168,B13,69,28308,28326,5,75,"Footnotes 324 to 328 gloss the altar and the space beyond it, sacrifice as giving, weeping women who cannot pay, a corrected word, and the name Priyadatta."
B13C168S70,B13C168,B13,70,28331,28352,5,104,"Footnotes 329 to 333 gloss a crux on praise and censure, the earth's own utterance, the six tastes drawn from the soil, sprinkling, and a reading on the sun."
B13C168S71,B13C168,B13,71,28357,28375,5,74,"Footnotes 334 to 338 explain which occasions suit which gifts and name the vessels and foods: payasa, the flat dish, phanita and the bamboo basket."
B13C168S72,B13C168,B13,72,28380,28406,5,157,"Footnotes 339 to 343 identify rajamasha, explain acts done with and without desire, the gift of a house, and the landlord's fee for a Sraddha."
B13C168S73,B13C168,B13,73,28410,28436,5,237,"Footnotes 344 to 348 explain kinasa, the dedication of food, a terse verse on time, feasts of sesame, and Bengal's wayside shelters."
B13C168S74,B13C168,B13,74,28447,28465,5,108,"Footnotes 349 to 353 explain the gift of lamps, the single name shared by cow, earth and speech, the word for innumerable, and a grammatical note."
B13C168S75,B13C168,B13,75,28471,28498,5,212,"Footnotes 354 to 358 explain which kine should be given, the value of kine to food and sacrifice, the power of heat, the need for a preceptor, and the state of samadhi."
B13C168S76,B13C168,B13,76,28505,28532,5,213,"Footnotes 359 to 363 gloss the cow's way of not storing grain, the gift of a cow, children born of a Homa, the unweaned calf, and a corrected reading."
B13C168S77,B13C168,B13,77,28540,28570,5,273,"Footnotes 364 to 368 discuss killing for sale, vows and observances, the eternity of rituals, the red cow with its mantras, and the merit of gifts of cows."
B13C168S78,B13C168,B13,78,28580,28603,5,171,"Footnotes 369 to 373 explain the eighth lunar day, the bull named sikhi, the Kapila cow, ghee in sacrifice, and the idea of the remnant."
B13C168S79,B13C168,B13,79,28611,28637,5,190,"Footnotes 374 to 378 explain the swastayana rite, the wet cowhide, the link between two verses, the lute and anklet, and a king named for giving land."
B13C168S80,B13C168,B13,80,28643,28668,5,164,"Footnotes 379 to 383 give names for the cow, explain why ghee is sacred, identify Sri, correct a word, and note that a gift of gold stands for the universe."
B13C168S81,B13C168,B13,81,28673,28693,5,117,"Footnotes 384 to 388 explain water as Agni, fire-making with Sami wood, Agni's golden seed, the earth Vasumati, and the names of Skanda."
B13C168S82,B13C168,B13,82,28699,28719,5,81,"Footnotes 389 to 393 explain jatarupa, the moving world, sattwa and intellect, a term for bewilderment, and the names of Brahman."
B13C168S83,B13C168,B13,83,28723,28752,5,176,"Footnotes 394 to 398 explain the sense of 'hence', righteous acts, the order of Sraddha and sacrifice to the gods, the afternoon Sraddha, and masha."
B13C168S84,B13C168,B13,84,28756,28782,5,170,"Footnotes 399 to 403 explain a bull-like word, the day of the dead, the sanctity of Gaya, obligatory and optional acts, and the making of an overlord."
B13C168S85,B13C168,B13,85,28787,28808,5,171,"Footnotes 404 to 408 explain exclusion from the feeding line, circumcision, soothsayers, libations on ashes, and the simile of a falling bird."
B13C168S86,B13C168,B13,86,28817,28845,5,201,"Footnotes 409 to 413 criticise earlier translations, explain a phrase on sin and sons, the purificatory rites after mourning, and a wrong reading."
B13C168S87,B13C168,B13,87,28850,28875,5,171,"Footnotes 414 to 418 explain Brahma-Rakshasas, true penance against mortifying fasts, upavasa, meat from sacrifice, and two kinds of cow."
B13C168S88,B13C168,B13,88,28880,28904,5,175,"Footnotes 419 to 423 explain the Rakshasi test, Vasishtha's leanness, lotus stalks, the dog-friend Sunahsakha, and the Brahmana's curse."
B13C168S89,B13C168,B13,89,28913,28941,5,226,"Footnotes 424 to 428 explain libations on straw fires, the sons-in-law custom, a genitive form, the decline of righteousness through the ages, and class distinctions."
B13C168S90,B13C168,B13,90,28948,28973,5,171,"Footnotes 429 to 433 set out the Brahmana's duties of forgiveness, wandering, avoiding tillage, sharing food, and the common well."
B13C168S91,B13C168,B13,91,28979,29008,5,214,"Footnotes 434 to 438 explain penance in the woods, cruel milking, the eternity of duties, the sense of sastra, and a term for dog-keepers."
B13C168S92,B13C168,B13,92,29013,29039,5,155,"Footnotes 439 to 443 explain tapah and dharma, incense for the deities, tejas, lamps for the southward sun, and oils."
B13C168S93,B13C168,B13,93,29044,29065,5,143,"Footnotes 444 to 448 gloss fried paddy, the punishment of the Krita age, a variant on rites for children, a variant for guests, and the years won by a giver of light."
B13C168S94,B13C168,B13,94,29072,29093,5,125,"Footnotes 449 to 453 gloss a term for a low Kshatriya, a rebuke about bathing, the merit of study, friendship in seven words, and a variant for soma-drinkers."
B13C168S95,B13C168,B13,95,29099,29132,5,316,"Footnotes 454 to 458 explain fasting sacrifices, golden moon ornaments, altars placed by a thrown log, the mending of conduct, and idle habits."
B13C168S96,B13C168,B13,96,29142,29163,5,148,"Footnotes 459 to 463 explain the Brahma Muhurta, the twilight prayers, the vow of Brahmacharya, the wounds of harsh words, and a list of cakes and foods."
B13C168S97,B13C168,B13,97,29171,29194,5,153,"Footnotes 464 to 468 explain examining a bed by lamplight, the openings of the body, the power of a Brahmana, a single flower in the hair, and perfumes."
B13C168S98,B13C168,B13,98,29199,29221,5,122,"Footnotes 469 to 473 explain the fringes of a Hindu cloth, Hindu personal hygiene, a set of plants, a word for man, and a variant on rites."
B13C168S99,B13C168,B13,99,29226,29251,5,167,"Footnotes 474 to 478 explain noisy eating, doubt about food, a rite with the right hand, the ritual washing, and the Brahmana's part in building."
B13C168S100,B13C168,B13,100,29257,29284,5,184,"Footnotes 479 to 483 explain a verse on birds, hair and nails, the pravaras, unknown and mean birth, Brahmanih, and washing after a shave."
B13C168S101,B13C168,B13,101,29289,29315,5,287,"Footnotes 484 to 488 explain uddesa, acharah, a rule about cane flowers, the ranks of teachers and parents, and the verses set beside Manu."
B13C168S102,B13C168,B13,102,29330,29357,5,162,"Footnotes 489 to 493 explain the waist and ankle ornaments, the names avaguna and ekatma, a padma as a large number, and the counting of years."
B13C168S103,B13C168,B13,103,29361,29381,5,101,"Footnotes 494 to 498 note an unstated number of years, dark-complexioned beauties such as Draupadi, a very large figure, a human sacrifice, and a fabulous count."
B13C168S104,B13C168,B13,104,29385,29417,5,259,"Footnotes 499 to 503 explain a clear-as-ether attribute, the equal merit of fasts and sacrifices, the word tirtha, the figurative lake Manasa, and freedom from 'mine'."
B13C168S105,B13C168,B13,105,29423,29444,5,107,"Footnotes 504 to 508 explain how one man's merit frees his ancestors, the Naramedha human sacrifice, the not-self, the word nichayam, and departure with righteousness."
B13C168S106,B13C168,B13,106,29449,29469,5,111,"Footnotes 509 to 513 explain intermediate beings, the Brahma-Rakshasas, a list of pulses and grains, the kanka bird, and the torments of hell."
B13C168S107,B13C168,B13,107,29476,29496,5,85,"Footnotes 514 to 518 identify small creatures and birds, a name for the cockroach, two correct readings, and the day lost without food gifts."
B13C168S108,B13C168,B13,108,29500,29533,5,189,"Footnotes 519 to 522 gloss kama and krodha with cupidity, a mistranslation, a heading, the man who leaves no trace, the rule of reciprocity, and the guilt of killing."
B13C168S109,B13C168,B13,109,29539,29566,5,223,"Footnotes 523 to 527 explain the pull of eating meat, abstinence as a sacrifice's gift, the word for flesh, the consequences of injury, and a worm's recollection."
B13C168S110,B13C168,B13,110,29573,29598,5,145,"Footnotes 528 to 532 explain human acts for happiness, the forsaken worm, a paraphrase, the family of Munis, and the sense of prithagatman."
B13C168S111,B13C168,B13,111,29603,29632,5,203,"Footnotes 533 to 537 discuss the hyperbolic reward of a palmful of water, the fate of pleasure and austerity, sight of the Lord, the equal worth of ascetics and the omniscient, and an unreachable object."
B13C168S112,B13C168,B13,112,29637,29664,5,239,"Footnotes 538 to 542 explain a curse on an innocent man, the phrase for death by Yama, the graded sin of accepting gifts from butchers, oilmen and kings, and the Sraddha duty of an officiating Brahmana."
B13C168S113,B13C168,B13,113,29672,29697,5,149,"Footnotes 543 to 547 identify plants and seeds, explain the libations of those who neglect their fire, the sense of kshirapah, the gifts made for the benefit of the dead, and the lamps hung in the sky."
B13C168S114,B13C168,B13,114,29703,29731,5,229,"Footnotes 548 to 552 describe an evening custom, offer a reading for the second line, explain the formal resolve needed for vows, the vrishalipati, and the noon Sraddha."
B13C168S115,B13C168,B13,115,29739,29768,5,204,"Footnotes 553 to 557 describe the Indian toothbrush, two uncertain plants, household objects thought to bring misfortune, the bar on Sudras kindling a Brahmana's fire, and the Pramathas."
B13C168S116,B13C168,B13,116,29773,29797,5,141,"Footnotes 558 to 562 explain the word anujnatah and the bull on Siva's banner, joy and alacrity, upavasa as subduing the senses, the meaning of fasting and chastity, and the sin of selling knowledge."
B13C168S117,B13C168,B13,117,29801,29826,5,167,"Footnotes 563 to 567 correct a line, describe three kinds of sages by their habits of eating, give the sense of self-sufficiency, the Virasthana forests, and abstaining from air and water."
B13C168S118,B13C168,B13,118,29831,29864,5,282,"Footnotes 568 to 572 explain the word vira as used for heroes of righteousness, birth into a caste, the word ugra, the rebirth that follows eating lower-caste food, and kundasin."
B13C168S119,B13C168,B13,119,29870,29893,5,130,"Footnotes 573 to 577 explain how a Vaisya rises, the sixth share of merit, the duty to give way to superiors, the pair soul and not-soul, and Gauri as the earth."
B13C168S120,B13C168,B13,120,29897,29924,5,189,"Footnotes 578 to 582 explain the gender of rivers and sacred waters, the meaning of Purusha, the word sindhu, the view of marriage, and Trivikrama."
B13C168S121,B13C168,B13,121,29930,29957,5,184,"Footnotes 583 to 587 explain a verse about the secret knowledge, the wish for a greater son, the sense of pushti, a corrected word for pledge, and the oaths of Bhima."
B13C168S122,B13C168,B13,122,29962,29996,5,312,"Footnotes 588 to 592 explain the rod of chastisement, Nara and Narayana at Vadari, the creation without beginning, and epithets of the Supreme Soul."
B13C168S123,B13C168,B13,123,30005,30059,5,576,"Footnotes 593 to 597 gloss a long series of names of the Supreme, including Sambhava, Sambhu, Aprameya, Hrishikesa, Krishna, Pranada and Bhugarbha."
B13C168S124,B13C168,B13,124,30071,30100,5,219,"Footnotes 598 to 602 gloss further names of the Supreme, including Atmavan, Aha, Vrishakapi and Vishnu in the Northern Bear, and the rule against worship on a full stomach."
B13C168S125,B13C168,B13,125,30106,30132,5,172,"Footnotes 603 to 607 tell the story of Rama of Bhrigu's race and his battle-axe, link names to the Gita, identify the apes of Rama, and explain the error of taking the body for the self."
B13C168S126,B13C168,B13,126,30137,30157,5,123,"Footnotes 608 to 612 correct two readings, identify the word kavi as Agni, and explain Kesava's role in upholding righteousness."
B13C168S127,B13C168,B13,127,30164,30183,5,86,"Footnotes 613 to 617 explain the sense of Brahma's existence, the fivefold seed, the bael tree, Durvasa as a portion of Mahadeva, and the knots of reeds."
B13C168S128,B13C168,B13,128,30188,30230,5,364,"Footnotes 618 to 622 explain the fiery mare's head, the difficult verses four to nine with the commentator's readings, the fallibility of the three sources of knowledge, seekers after the right, and the five to be fed first."
B13C168S129,B13C168,B13,129,30236,30260,5,242,"Footnotes 623 to 627 correct a reading about an old man, trace the blessing for a sneeze, explain how confession lightens sin, define 'covered by righteousness', and set out fate, nature and acts."
B13C168S130,B13C168,B13,130,30272,30299,5,156,"Footnotes 628 to 631 explain how righteousness is made by oneself or by others, why its rewards are not eternal, the two kinds of righteousness, and the word calah."
B13C168S131,B13C168,B13,131,30303,30307,2,3,The closing colophon names the work as the Mahabharata and gives its author as Krishna-Dwaipayana Vyasa.
B14C001S01,B14C001,B14,1,41,50,3,471,"Yudhishthira collapses by the Ganga, the Pandavas gather around him, and Dhritarashtra consoles him while confessing his own failure to heed Vidura."
B14C002S01,B14C002,B14,1,94,94,1,539,Krishna advises Yudhishthira to act as a king and perform rites; Yudhishthira asks to retire to the forest; Vyasa rebukes him.
B14C003S01,B14C003,B14,1,145,145,1,502,Vyasa argues for sacrifice as a cure for sin; Yudhishthira says he cannot pay for it; Vyasa names Marutta's buried gold as the remedy and Yudhishthira asks for its history.
B14C004S01,B14C004,B14,1,196,202,2,640,"Yudhishthira requests the story of Marutta, and Vyasa begins a genealogy of the royal line, ending with Marutta's golden sacrifice on Mount Meru."
B14C005S01,B14C005,B14,1,262,317,3,594,Yudhishthira asks about Marutta's wealth; Vyasa describes Indra's jealousy and Vrihaspati's refusal to abandon Indra's side for Marutta; Indra is calmed and goes home.
B14C006S01,B14C006,B14,1,327,364,5,421,"Vyasa introduces the legend; Marutta asks Vrihaspati to be his priest, and Vrihaspati refuses on the grounds that he serves only the Immortals; Narada then finds the troubled king."
B14C006S02,B14C006,B14,2,377,404,5,237,"Marutta tells Narada of his rebuff and despair; Narada points him to Samvarta, who would perform the sacrifice if pleased."
B14C006S03,B14C006,B14,3,412,427,2,340,"Narada gives Marutta the method for finding Samvarta; Marutta leaves a corpse at the gate, follows the sage, is smeared with filth, persists, and Samvarta finally rests under a fig tree."
B14C007S01,B14C007,B14,1,449,475,5,358,"Samvarta asks how Marutta found him and whether Narada sent him; Samvarta, pretending to be mad, refuses and says Marutta must go back to Vrihaspati first."
B14C007S02,B14C007,B14,2,495,531,4,446,Marutta explains Vrihaspati's refusal and swears loyalty; Samvarta demands his steadfastness and agrees to officiate.
B14C008S01,B14C008,B14,1,547,547,1,597,"Samvarta describes Shiva's mountain and tells Marutta to worship Shiva for the gold; Marutta prepares the sacrifice, and Vrihaspati falls ill with envy."
B14C009S01,B14C009,B14,1,613,640,5,207,"Indra asks Vrihaspati why he is in pain; Vrihaspati says his rival's sacrifice and Samvarta's role trouble him, and Indra dismisses the worry."
B14C009S02,B14C009,B14,2,647,675,5,207,"Vrihaspati asks Indra to restrain his rival; Indra sends Agni, who sets out and reaches Marutta, who greets him as the fire-god."
B14C009S03,B14C009,B14,3,681,710,5,273,"Agni delivers Indra's offer to present Vrihaspati; Marutta asks about the gods and refuses, insisting that Samvarta be his priest."
B14C009S04,B14C009,B14,4,720,748,5,206,"Samvarta threatens to burn Agni with his evil eyes if he returns; Agni reports the failure to Indra, who orders him back with a threat."
B14C009S05,B14C009,B14,5,754,788,5,528,"Agni refuses to go again, and Indra boasts of his power; Agni recalls how the sage Chyavana overcame Indra and the demon Mada, and says he will not oppose Samvarta."
B14C010S01,B14C010,B14,1,817,854,5,314,"Indra sends Dhritarashtra, a Gandharva, with a threat; Marutta refuses and the Gandharva warns him that the thunderbolt is coming."
B14C010S02,B14C010,B14,2,861,899,5,357,Marutta asks Samvarta for protection; Samvarta promises to calm the storm and offers Marutta a boon.
B14C010S03,B14C010,B14,3,907,936,5,246,"Marutta asks that Indra come to the sacrifice in person; Samvarta summons him by incantation, and Indra arrives and drinks the Soma."
B14C010S04,B14C010,B14,4,943,994,4,530,"Indra praises Samvarta and orders the sacrifice's preparations; Marutta distributes gold to the Brahmanas, and Vyasa tells Yudhishthira to gather the same gold and sacrifice; Yudhishthira consults his ministers."
B14C011S01,B14C011,B14,1,1005,1015,2,509,"Krishna, seeing Yudhishthira grieving, begins a speech and recounts Indra's war with Vritra as a lesson about hidden enemies."
B14C012S01,B14C012,B14,1,1059,1059,1,541,"Krishna explains the causes of illness, lists the troubles Yudhishthira has faced, and tells him to face his own mind and then rule the kingdom."
B14C013S01,B14C013,B14,1,1110,1110,1,835,"Krishna teaches that death and eternal Brahman are the two forces within every creature; he recites the Kamagita, in which Desire boasts of its disguises, and then urges Yudhishthira to turn his desires to virtue and sacrifice."
B14C014S01,B14C014,B14,1,1183,1183,1,454,"The sages comfort Yudhishthira; he performs funeral rites, gives gifts, returns to Hastinapura with Dhritarashtra, and goes on ruling with his brothers."
B14C015S01,B14C015,B14,1,1230,1260,3,952,"Janamejaya asks what Krishna and Arjuna did; Vaisampayana describes their travels and Krishna's consolation of Arjuna; Krishna asks Arjuna to tell Yudhishthira he will leave for Dwaravati, and Arjuna agrees."
B14C016S01,B14C016,B14,1,1322,1356,5,483,"Janamejaya asks about Krishna and Arjuna's talk; Arjuna says he forgot Krishna's teaching and asks for it again, and Krishna offers to tell an older story instead."
B14C016S02,B14C016,B14,2,1380,1421,2,999,"Kasyapa serves an emancipated Brahmana, who tells him of the many sorrows he endured across lives and of how he gave up the world for the Formless."
B14C017S01,B14C017,B14,1,1474,1498,4,1259,"Kasyapa asks how the body dies and how the soul is freed; the sage explains how harmful habits lead to death, how the soul leaves the body, and what afterlife follows."
B14C018S01,B14C018,B14,1,1596,1596,1,988,"The sage explains how deeds carry over into new bodies, lists the virtues of the good, describes creation, and closes with a teaching on crossing the ocean of rebirth."
B14C019S01,B14C019,B14,1,1688,1826,3,1993,"The sage lists the marks of the liberated, teaches Yoga and its meditative method, answers the disciple's questions about the body, and Vasudeva closes by praising the teaching as a rare mystery."
B14C020S01,B14C020,B14,1,1867,1867,1,822,"Vasudeva introduces a Brahmana couple; the wife asks what will become of her, and the husband describes the soul's seat, the breaths, and the seven-flamed inner fire."
B14C021S01,B14C021,B14,1,1943,2018,5,757,"The Brahmana describes the inner sacrifice of ten priests and libations, his wife asks about the origin of Word and Mind, and he recounts the old dispute between them."
B14C021S02,B14C021,B14,2,2024,2024,1,70,The Brahmana explains how Word moves through the breaths and why Mind is fixed while Word is moving.
B14C022S01,B14C022,B14,1,2037,2088,5,799,"The Brahmana names seven inner priests that cannot perceive one another's qualities; his wife asks why, and he recounts the argument between the senses and the mind."
B14C023S01,B14C023,B14,1,2125,2154,5,226,"The Brahmana introduces the five breaths as inner priests, and their first claim to supremacy is made by Prana."
B14C023S02,B14C023,B14,2,2160,2203,5,471,"Each breath in turn claims to be foremost, until Brahma says that none is superior and each has its own role."
B14C024S01,B14C024,B14,1,2219,2242,5,441,"Devamata asks Narada which breath arises first in a new creature; Narada explains the breaths' pairing and their link to fire, desire and calm."
B14C025S01,B14C025,B14,1,2276,2276,1,515,"The Brahmana presents the four-part inner sacrifice, with the breaths as its chants and renunciation as its fee, and closes by naming Narayana as the soul of all."
B14C026S01,B14C026,B14,1,2328,2328,1,558,"The Brahmana teaches that one inner ruler, preceptor and enemy each dwell in the heart; the Lord of creatures answers the beings with the word Om, and each group takes a different disposition."
B14C027S01,B14C027,B14,1,2381,2396,3,645,"The Brahmana describes crossing the dangerous worldly forest and entering the forest of Brahman; his wife asks about it, and he describes its trees, fruits, rivers and the sages who dwell there."
B14C028S01,B14C028,B14,1,2452,2530,5,838,"The Brahmana describes his detachment and tells of the Yati's protest against the goat sacrifice, the priest's defence, and the Yati's view that the soul is beyond destruction."
B14C028S02,B14C028,B14,2,2538,2538,1,52,The Brahmana concludes that the Yati fell silent and the priest completed the sacrifice free of delusion.
B14C029S01,B14C029,B14,1,2551,2571,3,552,"The Brahmana tells of Kartaviryarjuna shooting at the ocean; the ocean sends him to Rama, Rama kills the king, destroys the Kshatriyas, and is told by heaven and his ancestors to stop."
B14C030S01,B14C030,B14,1,2610,2643,5,286,"The Pitris introduce Alarka, who first aims arrows at the mind and then at the nose, which each reply that the arrows cannot harm them."
B14C030S02,B14C030,B14,2,2651,2679,5,175,"Alarka aims at the tongue, the skin, and the ear; each sense answers that his arrows will only pierce his own vital parts."
B14C030S03,B14C030,B14,3,2684,2708,5,149,Alarka aims at the eye and then at the understanding; each again warns him that his arrows are useless.
B14C030S04,B14C030,B14,4,2714,2721,2,260,"Alarka turns to Yoga and slays the senses through concentration; the Pitris tell Rama to stop killing Kshatriyas and take up penance, which he does."
B14C031S01,B14C031,B14,1,2748,2748,1,370,"The Brahmana names the inner foes and the qualities linked to each; he then quotes King Amvarisha, who names craving as the greatest foe and says the soul is the true king."
B14C032S01,B14C032,B14,1,2789,2831,4,717,"Janaka threatens to banish a Brahmana, who asks where he may go; the king is struck silent, then explains his detachment, and the Brahmana reveals he is Dharma."
B14C033S01,B14C033,B14,1,2864,2864,1,264,"The Brahmana presents himself as a liberated man of many roles, says knowledge is his wealth, describes the one path, and reassures his wife."
B14C034S01,B14C034,B14,1,2893,2934,5,336,"The Brahmana's wife asks how knowledge is gained; the Brahmana describes the fire-sticks of knowledge and the way to perceive the Kshetrajna, and she reaches beyond it."
B14C034S02,B14C034,B14,2,2940,2957,3,72,"Arjuna asks where the Brahmana and his wife are; Krishna says that the mind is the Brahmana, the understanding is the wife, and that he is the Kshetrajna."
B14C035S01,B14C035,B14,1,2967,3018,5,990,"Arjuna asks to hear about Brahma; Krishna introduces a preceptor-disciple dialogue, in which the disciple asks questions and the preceptor answers that knowledge and renunciation are the highest, and tells how sages approached Brahma with the same questions."
B14C035S02,B14C035,B14,2,3067,3067,1,554,"Brahma answers the sages' questions, teaching that all things come from Truth, that the stages of life form the path, and that understanding the elements frees a person from sin."
B14C036S01,B14C036,B14,1,3120,3120,1,1023,"Brahma describes the body as a city governed by the three qualities, lists the faults of Darkness and their consequences, and shows how those ruled by it can rise again."
B14C037S01,B14C037,B14,1,3219,3219,1,450,"Brahma lists the many forms of the quality of Passion, describes the people it drives, and says that understanding it frees a person from it."
B14C038S01,B14C038,B14,1,3269,3269,1,434,"Brahma describes the qualities of Goodness, the virtues of those who practise it, and their rise to heaven and freedom from attachment."
B14C039S01,B14C039,B14,1,3318,3318,1,697,"Brahma explains that the three qualities are always combined, shows how each dominates in different creatures and castes, and says that the wise who understand them gain freedom."
B14C040S01,B14C040,B14,1,3386,3386,1,284,"Brahma names the Great Soul as the first creation from the unmanifest, describes its nature, and says that knowing it frees one from delusion."
B14C041S01,B14C041,B14,1,3418,3418,1,170,"Brahma says that the Great Soul gives rise to Egoism, the second creation, which is the source of beings and feels that it is all this, and that consciousness of the self leads to enjoyment of the qualities."
B14C042S01,B14C042,B14,1,3439,3439,1,1880,"Brahma covers the elements, the breaths and organs with their deities, the four kinds of birth, and the inward path of renunciation by which the self is seen in all beings."
B14C043S01,B14C043,B14,1,3601,3601,1,1126,"Brahma names the foremost of each class of things, teaches that kings must protect good men, gives the marks of the elements and senses, and describes the Kshetrajna as pure knowledge."
B14C044S01,B14C044,B14,1,3704,3704,1,652,"Brahma names the first of many things and their order, teaches that all things end in destruction, and says that knowledge alone has no end."
B14C045S01,B14C045,B14,1,3762,3762,1,804,"Brahma describes the wheel of life and says it is freed by understanding its motion; he then sets out the householder's duties, the six acts, and the reward of heaven."
B14C046S01,B14C046,B14,1,3838,3838,1,1791,"Brahma describes the duties of the student, the forest dweller and the wandering renunciant, the eight vows, and the inner self that brings release at death."
B14C047S01,B14C047,B14,1,3996,3996,1,550,"Brahma calls renunciation the best penance and knowledge the highest, uses the image of the eternal tree and the two birds, and says that understanding the field frees one from sin."
B14C048S01,B14C048,B14,1,4052,4087,2,405,"Brahma describes the many views of Brahman, links the self to Goodness, and says the self and Nature differ; the sages still have doubts and question the Grandsire again."
B14C049S01,B14C049,B14,1,4097,4097,1,460,The Rishis list the contradictory views on duty and ask Brahma which duty is most worthy and how the knower of the field is linked to Nature; Brahma answers them.
B14C050S01,B14C050,B14,1,4143,4143,1,1586,"Brahma teaches harmlessness and knowledge, explains the knower and Nature as enjoyer and enjoyed, lists the qualities of the five elements, and places Purusha above them all."
B14C051S01,B14C051,B14,1,4281,4402,5,1380,"Brahma describes the mind's rule over the elements, the chariot image, the power of penance, and the immortal self; the sages act on his words, and Vasudeva reveals he was the preceptor and asks leave to visit his father."
B14C051S02,B14C051,B14,2,4417,4417,1,46,"Arjuna agrees to go to the elephant-named city, meet Yudhishthira and inform him of Krishna's plan to depart."
B14C052S01,B14C052,B14,1,4428,4552,5,1330,"Krishna and Arjuna arrive at Hastinapura, visit the family, and the next morning Arjuna asks Yudhishthira's leave for Krishna to go to Dvaraka, which is granted with gifts."
B14C052S02,B14C052,B14,2,4557,4557,1,252,Yudhishthira gives Krishna leave to depart; Krishna takes leave of Kunti and sets out with his company toward the city of the Anarttas.
B14C053S01,B14C053,B14,1,4587,4646,4,693,"Krishna meets Utanka in the desert; Utanka asks about peace with the Kurus, Krishna explains the war's outcome, and Utanka threatens a curse, which Krishna answers with a plea."
B14C054S01,B14C054,B14,1,4663,4669,2,720,"Utanka asks for the teaching; Krishna says he is the source of all beings and qualities, takes many forms to protect righteousness, and explains that the Kauravas fell through their own wrong."
B14C055S01,B14C055,B14,1,4731,4773,5,1048,"Utanka praises Krishna and asks for a vision of his form; Krishna shows his cosmic form, grants a boon, and in the desert Utanka refuses water from a hunter; Krishna explains that the hunter was Indra with nectar, and promises the Utanka-clouds."
B14C056S01,B14C056,B14,1,4839,4902,5,626,"Utanka's devotion to Gautama, his old age and tears, Gautama's kindness and offer of his daughter, and Utanka's gratitude."
B14C056S02,B14C056,B14,2,4908,4952,5,411,"Utanka restored to youth marries Gautama's daughter, Ahalya asks him to fetch the ear-rings of Saudasa's queen, Gautama warns of danger, and Utanka meets Saudasa in the forest."
B14C057S01,B14C057,B14,1,4963,5003,5,370,"Saudasa, a man-eater under a curse, prepares to eat Utanka, who pleads that he is on his teacher's errand and promises to return; Saudasa asks what he seeks."
B14C057S02,B14C057,B14,2,5009,5036,5,192,"Utanka asks for the ear-rings; Saudasa sends him to his queen, and Utanka insists on the request."
B14C057S03,B14C057,B14,3,5041,5046,2,338,"Saudasa sends Utanka to Madayanti, who asks for a sign from her husband and describes the ear-rings' powers."
B14C058S01,B14C058,B14,1,5078,5117,5,361,"Saudasa gives a sign, Madayanti gives the ear-rings, and Saudasa explains his reasons and reminds Utanka of his promise."
B14C058S02,B14C058,B14,2,5123,5184,5,618,"Utanka asks whether to return to the cannibal king, Saudasa advises him not to, and the ear-rings are lost to a Naga in the forest."
B14C058S03,B14C058,B14,3,5190,5220,3,722,"Indra opens the way to the Naga world, a fire-steed fills it with smoke, the Nagas return the ear-rings, and Utanka brings them to Ahalya."
B14C059S01,B14C059,B14,1,5263,5269,2,580,"Janamejaya asks what Krishna did next; Vaisampayana describes Krishna's return to Dvaraka during the festival, his welcome by the Vrishnis and his parents, and his account of the battle."
B14C060S01,B14C060,B14,1,5323,5414,4,949,"Vasudeva asks Krishna to describe the battle; Krishna lists the commanders and their falls from Bhishma to Duryodhana, and the night slaughter, and the Vrishnis grieve."
B14C061S01,B14C061,B14,1,5423,5423,1,1113,"Krishna's account of the battle omits Abhimanyu's death; Subhadra asks for it and faints, Vasudeva falls too, Krishna describes Abhimanyu's death, and Kunti comforts the mourners and arranges rites."
B14C062S01,B14C062,B14,1,5520,5520,1,503,"Vasudeva holds Abhimanyu's rites and gives generously; Vyasa comforts the mourners and promises a grandson for Arjuna, then urges Yudhishthira to fetch wealth for the horse sacrifice."
B14C063S01,B14C063,B14,1,5570,5578,2,624,"Janamejaya asks how the buried wealth was obtained; Yudhishthira consults his brothers, Bhima proposes worshipping Shiva, and the Pandavas set out after offerings."
B14C064S01,B14C064,B14,1,5635,5635,1,537,"The army marches cheerfully to the buried treasure; Yudhishthira makes camp under the guidance of Brahmanas, and the brothers fast and listen to learned talk through the night."
B14C065S01,B14C065,B14,1,5688,5688,1,647,"Offerings are made to Shiva, his attendants and the Yakshas; the treasure is excavated and loaded onto animals and vehicles; the Pandavas return to the city with it."
B14C066S01,B14C066,B14,1,5750,5750,1,801,"Vasudeva returns to Hastinapura, where the child is found stillborn after Ashvatthama's weapon; Kunti begs Krishna to revive him, and collapses until Krishna comforts her."
B14C067S01,B14C067,B14,1,5823,5823,1,521,"Subhadra grieves over the dead child, pleads with Krishna to fulfil his earlier promise to revive him, and says that she will die if he does not."
B14C068S01,B14C068,B14,1,5872,5872,1,649,"Krishna agrees to act, enters the prepared lying-in room, and Uttara, with Draupadi, begs him to revive her child, blaming Ashvatthama's cruelty and her own wish to die."
B14C069S01,B14C069,B14,1,5934,5934,1,629,"Uttara faints, revives, begs Krishna to save her son, and Krishna withdraws the weapon with a vow on his truthfulness; the child begins to move."
B14C070S01,B14C070,B14,1,5993,5993,1,548,"Krishna withdraws the weapon, the child revives and is named Parikshit, and the Pandavas return with wealth to a city decked for celebration."
B14C071S01,B14C071,B14,1,6046,6109,5,694,"Vasudeva greets the Pandavas, who enter the city with the treasure and honour the elders; Vyasa grants leave for the horse sacrifice; Yudhishthira asks Krishna to take part, and Krishna agrees to help."
B14C072S01,B14C072,B14,1,6127,6171,5,583,"Vyasa agrees to perform the initiation and prepares the horse; Krishna names Arjuna to guard it, with Bhima, Nakula and Sahadeva given other duties."
B14C072S02,B14C072,B14,2,6194,6204,2,118,"Yudhishthira charges Arjuna to guard the horse and seek friendship rather than battle; Bhima and Nakula guard the city, and Sahadeva looks after the guests."
B14C073S01,B14C073,B14,1,6216,6216,1,752,"The initiation is completed; the horse is released; Arjuna follows it with Gandiva, and the horse roams through many lands where Arjuna fights many kings."
B14C074S01,B14C074,B14,1,6286,6286,1,837,"The Trigartas attack Arjuna, who asks them to desist; they refuse, Arjuna defeats their leaders, Gandiva falls after a wound, and the Trigartas submit."
B14C075S01,B14C075,B14,1,6366,6366,1,544,"Vajradatta seizes the horse and is driven off by Arjuna; he returns on an elephant, and Arjuna cuts through his arrows and wounds him and his beast."
B14C076S01,B14C076,B14,1,6420,6485,2,683,"On the fourth day Vajradatta taunts Arjuna and charges, Arjuna fells the elephant, spares the defeated king on Yudhishthira's instruction, and sends him to the sacrifice."
B14C077S01,B14C077,B14,1,6495,6495,1,820,"The Saindhavas surround and wound Arjuna, omens appear, Arjuna falls senseless, the gods pray, and Arjuna recovers and routs his enemies with Gandiva."
B14C078S01,B14C078,B14,1,6572,6572,1,1295,"Arjuna fights the Saindhavas but spares those who yield; Dussala brings her grandson, Arjuna makes peace, and the horse moves on to Manipura."
B14C079S01,B14C079,B14,1,6685,6685,1,1036,"Vabhruvahana comes out with gifts, Arjuna rebukes him, Ulupi urges him to fight, and father and son battle until both fall; Chitrangada arrives and finds her husband slain."
B14C080S01,B14C080,B14,1,6778,6873,3,1676,"Chitrangada reproaches Ulupi and asks for Arjuna's life; Vabhruvahana grieves and vows to die; Ulupi brings a gem, reveals the illusion, and Arjuna is revived."
B14C081S01,B14C081,B14,1,6923,6923,1,875,"Ulupi explains that she arranged Arjuna's defeat by his son to lift the Vasus' curse; Arjuna thanks her, invites his son to the sacrifice, and declines to enter the city while his vow lasts."
B14C082S01,B14C082,B14,1,7000,7000,1,850,"The horse travels to Rajagriha, where Arjuna defeats Meghasandhi, spares him and sends him to the sacrifice, and then the horse goes on to the eastern lands, where Arjuna defeats more armies."
B14C083S01,B14C083,B14,1,7077,7077,1,497,"The horse travels through many realms, Arjuna subdues or is welcomed by their rulers, and at Dwaravati he is honoured by Ugrasena and Vasudeva before the horse moves on to Gandhara, where Sakuni's son awaits."
B14C084S01,B14C084,B14,1,7127,7127,1,724,"Sakuni's son leads the Gandharas against Arjuna, who defeats them and spares their king at his mother's request, and urges peace and attendance at the sacrifice."
B14C085S01,B14C085,B14,1,7195,7260,2,1139,"Yudhishthira hears that Arjuna is returning and sets the sacrifice's date; Bhima builds the grounds, invitations go out, guests arrive, and the sacrifice is ready; the sacrifice begins amid debates, and the kings marvel at the golden grounds, animals and feasts."
B14C086S01,B14C086,B14,1,7304,7304,1,500,"Yudhishthira asks Bhima to honour the kings; Krishna arrives and reports Arjuna's message about honouring the kings, avoiding bloodshed, and welcoming Vabhruvahana, and Yudhishthira agrees."
B14C087S01,B14C087,B14,1,7353,7353,1,740,"Yudhishthira asks why Arjuna suffers; Krishna names a minor flaw; Draupadi objects; Arjuna's envoy announces his return, and Arjuna is welcomed; Vabhruvahana arrives with his mothers and goes to Kunti."
B14C088S01,B14C088,B14,1,7422,7422,1,1102,"Vabhruvahana is welcomed and honoured; Vyasa tells Yudhishthira to begin the sacrifice and pay threefold; the rites are performed, the altar and stakes are set up, and animals are bound, with heavenly beings attending."
B14C089S01,B14C089,B14,1,7525,7525,1,1160,"The horse is sacrificed; Yudhishthira gives the earth to Vyasa, who returns it, and Krishna returns it to Yudhishthira, who pays for it with millions of coins; the wealth is divided, the guests depart, and Yudhishthira returns to his capital."
B14C090S01,B14C090,B14,1,7633,7810,5,2060,"Janamejaya asks about a wonder at the sacrifice; a golden-half mongoose says the sacrifice is worth less than a small gift of barley, and the Brahmanas ask him to explain."
B14C090S02,B14C090,B14,2,7817,7970,5,1783,"The mongoose recounts how the poor Brahmana and his family each gave their share of barley to a guest, who was the god of righteousness; the mongoose's body was made gold by the barley dust, and Vaisampayana closes by praising gifts and penance over sacrifice."
B14C091S01,B14C091,B14,1,7984,8002,2,1016,"Janamejaya asks why the mongoose belittled the sacrifice; Vaisampayana tells of the dispute at Indra's sacrifice, King Vasu's false judgment, and the lesson that lawful and sincere giving is what brings merit."
B14C092S01,B14C092,B14,1,8085,8195,5,1398,"Janamejaya asks how the reward of lawful wealth compares with sacrifice; Vaisampayana tells of Agastya's long sacrifice, Indra's withheld rain, and the sages' call for harmless, lawful offerings, then explains who the golden mongoose was."
B14C092S02,B14C092,B14,2,8216,8249,5,242,"Jamadagni sends Anger away, the Pitris tell it how to end its curse by disparaging Dharma, and the mongoose ends its curse at Yudhishthira's sacrifice; the Parva closes and the translator's notes begin."
B14C092S03,B14C092,B14,3,8254,8273,5,76,"Translator's Notes 3 to 7, on Marutta's gold, the naked ascetics, and some commentary readings."
B14C092S04,B14C092,B14,4,8278,8316,5,371,"Translator's Notes 8 to 12, on the yogic absorption, the great dissolution, the seven questions and the rules of health."
B14C092S05,B14C092,B14,5,8326,8350,5,188,"Translator's Notes 13 to 17, on the body's dissolution at death, rebirth in the womb, and the readings of the commentators."
B14C092S06,B14C092,B14,6,8359,8382,5,241,"Translator's Notes 18 to 22, on how the soul enters the body, the causes of its changes, and the three elements of the universe."
B14C092S07,B14C092,B14,7,8396,8424,5,161,"Translator's Notes 23 to 27, on the stages of Yoga, the one receptacle of all things, and the nature of the self."
B14C092S08,B14C092,B14,8,8430,8451,5,102,"Translator's Notes 28 to 32, on nirvana, the destruction of impressions, and the concentration that frees."
B14C092S09,B14C092,B14,9,8457,8483,5,197,"Translator's Notes 33 to 37, on seeing the Supreme Soul in trance and resisting the temptations of Indra."
B14C092S10,B14C092,B14,10,8490,8526,5,332,"Translator's Notes 38 to 42, on the centres of the body in Yoga, the vision of Brahman, and the form of the Soul."
B14C092S11,B14C092,B14,11,8536,8563,5,203,"Translator's Notes 43 to 47, on who is speaking, the path of action and the path of knowledge, and the wife's question to her husband."
B14C092S12,B14C092,B14,12,8570,8593,5,175,"Translator's Notes 48 to 52, on the seat of Brahman in the body and the life-breaths."
B14C092S13,B14C092,B14,13,8602,8641,5,348,"Translator's Notes 53 to 57, on the inner sacrifice with its priests and fires, and the dispute between Word and Mind."
B14C092S14,B14C092,B14,14,8646,8675,5,249,"Translator's Notes 58 to 62, on words, the mind, and the verses about Word."
B14C092S15,B14C092,B14,15,8684,8707,5,168,"Translator's Notes 63 to 67, on the senses' argument with the mind and the three qualities as smoke, ash and flame."
B14C092S16,B14C092,B14,16,8715,8739,5,177,"Translator's Notes 68 to 72, on action, agent and instrument, and on the sacrifice of the senses."
B14C092S17,B14C092,B14,17,8745,8772,5,170,"Translator's Notes 73 to 77, on the teacher, the inner forest, and its seven trees and fruits."
B14C092S18,B14C092,B14,18,8776,8807,5,245,"Translator's Notes 78 to 82, on the states of non-being, the senses, and the story of Rama's campaigns."
B14C092S19,B14C092,B14,19,8814,8843,5,246,"Translator's Notes 83 to 87, on Alarka's Yoga, the joy of attaining, and the inner foes."
B14C092S20,B14C092,B14,20,8852,8878,5,215,"Translator's Notes 88 to 92, on Janaka's detachment and the reading of his verses."
B14C092S21,B14C092,B14,21,8887,8910,5,177,"Translator's Notes 93 to 97, on Janaka's choice of knowledge, the stages of life, and action and understanding."
B14C092S22,B14C092,B14,22,8920,8952,5,258,"Translator's Notes 98 to 102, on how release comes through seeing and hearing, and on souls merging into Brahman."
B14C092S23,B14C092,B14,23,8959,8985,5,153,"Translator's Notes 103 to 107, on the qualities of the elements, the eleven, and rebirth as animals."
B14C092S24,B14C092,B14,24,8990,9019,5,192,"Translator's Notes 108 to 112, on the three qualities in creation and the seasons."
B14C092S25,B14C092,B14,25,9024,9046,5,109,"Translator's Notes 113 to 117, on the mind's reach, rebirth as a Brahmana, and a passage repeated by error."
B14C092S26,B14C092,B14,26,9051,9078,5,214,"Translator's Notes 118 to 122, on the readings of the verses, the two deities, and the body as the wheel of Time."
B14C092S27,B14C092,B14,27,9087,9110,5,133,"Translator's Notes 123 to 127, on readings, the names of trees, and the Apsaras."
B14C092S28,B14C092,B14,28,9116,9141,5,229,"Translator's Notes 128 to 132, on the humility of good men, the role of Nature in knowledge, and the wheel of life."
B14C092S29,B14C092,B14,29,9150,9177,5,169,"Translator's Notes 133 to 137, on the wheel of life, the student's duties, and sacred foods and woods."
B14C092S30,B14C092,B14,30,9182,9205,5,183,"Translator's Notes 138 to 142, on the stages of a renunciant's life, how he begs and bathes, and the self."
B14C092S31,B14C092,B14,31,9212,9246,5,289,"Translator's Notes 143 to 147, on the Vedas, the limbs of Yoga, and the relation of Purusha and Nature."
B14C092S32,B14C092,B14,32,9252,9277,5,212,"Translator's Notes 148 to 152, on knowledge as the means of life's journey and the image of the car."
B14C092S33,B14C092,B14,33,9285,9306,5,130,"Translator's Notes 153 to 157, on the stages of action, the musical scale, and the understanding."
B14C092S34,B14C092,B14,34,9313,9343,5,193,"Translator's Notes 158 to 162, on the true Veda, mineness and death, and the sixteen."
B14C092S35,B14C092,B14,35,9347,9374,5,205,"Translator's Notes 163 to 167, on the unreality of the world in trance, and on Hastinapura and Vasudeva."
B14C092S36,B14C092,B14,36,9380,9412,5,268,"Translator's Notes 168 to 172, on forgiveness, the teacher's fee, and Saudasa's curse."
B14C092S37,B14C092,B14,37,9420,9445,5,156,"Translator's Notes 173 to 177, on the king's refuge, Utanka's truthfulness, and some names."
B14C092S38,B14C092,B14,38,9449,9471,5,114,"Translator's Notes 178 to 182, on names, the constellation, Dhaumya, and the layout of the camp."
B14C092S39,B14C092,B14,39,9476,9499,5,115,"Translator's Notes 183 to 187, on the treasure carts, the water rite, and some names."
B14C092S40,B14C092,B14,40,9503,9528,5,144,"Translator's Notes 188 to 192, on Yudhishthira's place in the sacrifice, the ritual tools, and the Samsaptakas."
B14C092S41,B14C092,B14,41,9532,9553,5,109,"Translator's Notes 193 to 197, on the Shiva story, the purpose of the treasure, Ulupi, and the fast to death."
B14C092S42,B14C092,B14,42,9558,9578,5,139,"Translator's Notes 198 to 202, on the nature of grief, the city's name, and spies."
B14C092S43,B14C092,B14,43,9587,9613,5,210,"Translator's Notes 203 to 207, on dialecticians, Draupadi's standing, the sacrificial fee, initiation, and procedure."
B14C092S44,B14C092,B14,44,9622,9648,5,156,"Translator's Notes 208 to 212, on the Soma rite, the sacrificial woods, the altar and the animals."
B14C092S45,B14C092,B14,45,9654,9676,5,187,"Translator's Notes 213 to 217, on the sweets, the gleaning vow, the divisions of the day, measures, and the son's argument."
B14C092S46,B14C092,B14,46,9686,9715,5,271,"Translator's Notes 218 to 222, on the family's barley story, Diksha, Agastya's penance, and the mongoose story."
B14C092S47,B14C092,B14,47,9726,9734,3,5,"The title block of the Mahabharata, attributed to Krishna-Dwaipayana Vyasa, closes the file."
B15C001S01,B15C001,B15,1,33,52,4,697,"Janamejaya's question and Vaisampayana's account of how the Pandavas honoured Dhritarashtra as their ruling elder, with Bhima's lingering resentment."
B15C002S01,B15C002,B15,1,111,146,2,764,"The Pandavas serve Dhritarashtra and Gandhari with care, and Yudhishthira's gentle conduct wins the old king's trust while Bhima stays reluctant."
B15C003S01,B15C003,B15,1,188,324,5,1624,"Bhima's outburst, Dhritarashtra's confession and request to retire to the forest, and Yudhishthira's distressed reply."
B15C003S02,B15C003,B15,2,332,380,5,725,"Dhritarashtra collapses, Yudhishthira's grief and touch revive him, and he asks again to eat and to leave, just as Vyasa arrives."
B15C004S01,B15C004,B15,1,413,478,5,592,"Vyasa urges Yudhishthira to let Dhritarashtra retire to the forest, and Yudhishthira agrees and asks him to eat first."
B15C005S01,B15C005,B15,1,488,488,1,1270,"Dhritarashtra goes home, takes his meal, and then gives Yudhishthira detailed advice on governing."
B15C006S01,B15C006,B15,1,603,603,1,722,"Dhritarashtra explains the circles of allies and foes, the six policies, and how a king should act when stronger or weaker than his rival."
B15C007S01,B15C007,B15,1,669,669,1,755,"Dhritarashtra advises when to make war or peace, the kinds of power a king should keep, and how to prepare an army."
B15C008S01,B15C008,B15,1,739,772,4,615,"Yudhishthira agrees to the advice, Dhritarashtra plans his gifts and departure with Gandhari, and he tells the assembled people that he will retire to the forest."
B15C009S01,B15C009,B15,1,809,809,1,497,"Dhritarashtra asks the people's forgiveness, commends Yudhishthira to them, and they respond only in silent tears."
B15C010S01,B15C010,B15,1,856,975,4,1408,"Dhritarashtra asks the citizens' leave, Samba speaks for them and blames fate for the war, and the old king dismisses the assembly."
B15C011S01,B15C011,B15,1,991,991,1,686,"Vidura brings Dhritarashtra's request for funeral wealth, Yudhishthira and Arjuna accept, and Bhima's angry objection is silenced."
B15C012S01,B15C012,B15,1,1055,1071,2,369,"Arjuna urges Bhima to honour the old king, and Yudhishthira offers Dhritarashtra wealth from the treasury and from the brothers' houses."
B15C013S01,B15C013,B15,1,1096,1096,1,415,"Vidura reports Yudhishthira's and Arjuna's consent, Bhima's reluctant acceptance and the charities proposed, and Dhritarashtra resolves to proceed."
B15C014S01,B15C014,B15,1,1138,1138,1,526,"Dhritarashtra makes lavish gifts and feeds the guests for ten days, in memory of the dead, with Yudhishthira's approval."
B15C015S01,B15C015,B15,1,1189,1189,1,434,"Dhritarashtra leaves the palace for the forest, Yudhishthira collapses in grief, and the whole city follows in lamentation."
B15C016S01,B15C016,B15,1,1234,1277,3,871,"Dhritarashtra leaves the city, Yudhishthira is left behind, and Kunti refuses all pleas to turn back and follows Gandhari into the forest."
B15C017S01,B15C017,B15,1,1322,1322,1,652,"Kunti explains why she roused her sons, declines any share of the kingdom, and tells them to go back."
B15C018S01,B15C018,B15,1,1380,1380,1,643,"The Pandavas turn back, Kunti stays, and the old king's party camps by the Bhagirathi for the night, with the city left in mourning."
B15C019S01,B15C019,B15,1,1442,1442,1,485,"Dhritarashtra settles by the Bhagirathi, moves to Kurukshetra under Satayupa, is initiated by Vyasa, and his household takes up severe penance."
B15C020S01,B15C020,B15,1,1490,1584,5,1004,"The sages visit Dhritarashtra, Narada tells of the forest-penance heroes and foretells the old king's end, and the assembly leaves in good spirits."
B15C021S01,B15C021,B15,1,1596,1596,1,386,"The Brahmins and citizens fret over the elders in the forest, the Pandavas grieve for their losses, and Parikshit gives them some comfort."
B15C022S01,B15C022,B15,1,1636,1636,1,714,"The Pandavas, grieving, resolve to visit the forest, and Yudhishthira orders the army and supplies prepared for the journey."
B15C023S01,B15C023,B15,1,1701,1701,1,437,"The great procession sets out, with each Pandava described in his conveyance, and Yudhishthira catches sight of the old king's hermitage across the Yamuna."
B15C024S01,B15C024,B15,1,1746,1746,1,476,"The Pandavas reach the hermitage on foot, reunite with Dhritarashtra, Gandhari and Kunti, and present the court to the old king."
B15C025S01,B15C025,B15,1,1794,1855,3,783,"The ascetics ask who is who, Sanjaya points out and describes each Pandava and wife, and the old king greets the company."
B15C026S01,B15C026,B15,1,1870,1915,4,1064,"Dhritarashtra and Yudhishthira exchange questions, then Vidura appears and passes into Yudhishthira's body, and his own body is not to be cremated."
B15C027S01,B15C027,B15,1,1977,1977,1,671,"The Pandavas spend the night in the hermitage, tour the sacred retreats, and gather round the old king for the arrival of Vyasa."
B15C028S01,B15C028,B15,1,2043,2043,1,663,"Vyasa asks after the family's welfare, explains the divine parentage of Vidura and Yudhishthira, and offers to grant a wish."
B15C029S01,B15C029,B15,1,2106,2190,4,1382,"Janamejaya asks his questions, Vyasa offers a boon, Dhritarashtra laments his sons, Gandhari asks for a sight of the dead, and Kunti prepares to speak."
B15C030S01,B15C030,B15,1,2238,2238,1,712,"Kunti tells Vyasa how she came to bear Karna, and Vyasa absolves her and promises to grant her wish."
B15C031S01,B15C031,B15,1,2300,2344,2,646,"Vyasa tells the women they will see their dead and explains the divine origins of the heroes, and the company goes to the Bhagirathi to wait for night."
B15C032S01,B15C032,B15,1,2363,2363,1,514,"Vyasa calls the dead from the Bhagirathi, the warriors of both sides rise, and Dhritarashtra and Gandhari see them with the sight Vyasa gives."
B15C033S01,B15C033,B15,1,2415,2415,1,845,"The living and the dead are reconciled and then dismissed, the widows join their husbands, and the chapter closes with praise for hearing the story."
B15C034S01,B15C034,B15,1,2495,2506,2,654,"Janamejaya asks how the dead can reappear, and Vaisampayana answers with a discourse on deeds, the soul and the body."
B15C035S01,B15C035,B15,1,2561,2616,5,560,"Dhritarashtra gains sight, Janamejaya sees his father Parikshit brought back, Astika speaks in praise, and Janamejaya asks for the sequel."
B15C036S01,B15C036,B15,1,2628,2737,5,1430,"The old king dismisses Yudhishthira and his household to return to the capital, after Yudhishthira's and Gandhari's protests and Kunti's farewell."
B15C037S01,B15C037,B15,1,2767,2799,5,993,"Narada visits Yudhishthira, who asks about his father, and Narada describes the old king's penance and death in a forest fire."
B15C037S02,B15C037,B15,2,2863,2863,1,150,"The Pandavas, the palace and the citizens hear of the death and weep, and Yudhishthira speaks after his cries."
B15C038S01,B15C038,B15,1,2883,2883,1,600,"Yudhishthira mourns his father, Gandhari and especially Kunti, blames the fire and his own brothers, and the household wails in grief."
B15C039S01,B15C039,B15,1,2939,3019,5,801,"Narada explains the cause of Dhritarashtra's death, Yudhishthira performs the funeral rites and gifts, and the parva closes with a benediction."
B15C039S02,B15C039,B15,2,3023,3049,5,184,"Translator's notes 1 to 5, on the Aralikas, the Krishna incarnation, mahadana gifts, a variant reading, and the king's share of merit and demerit."
B15C039S03,B15C039,B15,3,3056,3078,5,157,"Translator's notes 6 to 10, on royal armlets, the limbs of a kingdom, the open ground for soldiers, spies in grass, and corrupt officials."
B15C039S04,B15C039,B15,4,3087,3115,5,204,"Translator's notes 11 to 15, on the wages of workers, the mandala circles, the four kinds of foes, the sixty items of policy, and good land and men."
B15C039S05,B15C039,B15,5,3120,3142,5,131,"Translator's notes 16 to 20, on the reading of a compound, the image of the cane, the two kinds of war and peace, and the three kinds of strength."
B15C039S06,B15C039,B15,6,3146,3179,5,249,"Translator's notes 21 to 25, on the forms of strength, the army types, the array formations, and the attack on the enemy's home ground."
B15C039S07,B15C039,B15,7,3183,3212,5,293,"Translator's notes 26 to 30, on the state of the dead, textual corrections, Jayadratha's role, and modern gift customs."
B15C039S08,B15C039,B15,8,3223,3245,5,164,"Translator's notes 31 to 35, on the multiplied gifts, Gandhari's bandage, the family ties of Kunti, dependence, and the demerit of receiving gifts."
B15C039S09,B15C039,B15,9,3253,3272,5,64,"Translator's notes 36 to 40, on Kunti's words, the Brahmi night, the iron tiger-claws, a comparison of names, and Ulupi."
B15C039S10,B15C039,B15,10,3276,3304,5,230,"Translator's notes 41 to 45, on the unfairness of a car attacking one on foot, Vidura's union with Yudhishthira, the peacock, ritual vessels, and the curse of Mandavya."
B15C039S11,B15C039,B15,11,3313,3335,5,200,"Translator's notes 46 to 50, on the stages of Yoga, Valhika's family, the powers of the yogin, the incarnated gods, and the religion of withdrawal."
B15C039S12,B15C039,B15,12,3347,3375,5,219,"Translator's notes 51 to 55, on the soul as a mirror, the wise man's self, the dissolution of the body, the sacrifice of animals, and avoidance of sorrow."
B15C039S13,B15C039,B15,13,3381,3416,5,277,"Translator's notes 56 to 59, on knowledge of body and self, the unmanifest, the fate of deeds, a disclaimer on the translation, and a corrected reading."
B15C039S14,B15C039,B15,14,3420,3438,5,47,"Translator's notes 60 to 62, on a grammar point, the meaning of emaciation, and a verb construction, then the book title lines."
B15C039S15,B15C039,B15,15,3442,3442,1,2,The author attribution line for the Mahabharata.
B16C001S01,B16C001,B16,1,34,78,5,407,"Yudhishthira sees omens in the thirty-sixth year and learns of the Vrishni destruction, and Janamejaya asks how and by whose curse it happened."
B16C001S02,B16C001,B16,2,84,105,3,456,"Samva is disguised as a woman and tricks the sages, who curse him to bear an iron bolt, and the king has the bolt ground to powder and bans liquor."
B16C002S01,B16C002,B16,1,136,136,1,657,"A long catalogue of omens and Time's visits to Vrishni houses, followed by Krishna's reading of the signs and his order for a pilgrimage to the sea."
B16C003S01,B16C003,B16,1,198,277,5,1302,"The Vrishnis go to Prabhasa, drink and quarrel, and kill one another in a frenzy, and Krishna and Daruka then set out to find Rama."
B16C004S01,B16C004,B16,1,327,389,5,805,"Krishna sends Daruka for Arjuna, has Vabhru guard the women and sees Vabhru killed, visits his father, finds Rama's soul departing as a serpent, and lies down in yoga."
B16C004S02,B16C004,B16,2,409,409,1,233,"The hunter Jara wounds Krishna by mistake, and Krishna rises to heaven and is honoured by the gods."
B16C005S01,B16C005,B16,1,436,436,1,451,"Daruka brings the news to the Pandavas, Arjuna goes to Dwaraka and finds the city in mourning, and he comforts the women before seeing his uncle."
B16C006S01,B16C006,B16,1,480,492,2,730,"Arjuna comes to his uncle, who weeps over the dead and passes on Krishna's last instructions, then announces he will give up his life."
B16C007S01,B16C007,B16,1,548,644,4,1911,"Arjuna prepares the people to leave, Krishna and the dead are cremated, Dwaraka is flooded, the widows are robbed on the road, and Arjuna settles the survivors before visiting Vyasa."
B16C008S01,B16C008,B16,1,726,793,4,1077,"Arjuna pours out his grief to Vyasa, who explains that the Vrishni fall and Krishna's death were fated and that the Pandavas' task is complete."
B17C001S01,B17C001,B17,1,64,99,5,406,"Janamejaya asks what the Pandavas did after the Vrishni disaster, and Yudhishthira resolves to renounce the world. He settles the kingdom and makes offerings and gifts before leaving."
B17C001S02,B17C001,B17,2,114,181,4,808,"The citizens object, the Pandavas strip off their finery and fire rites, and the party sets out with a dog. At the sea, the fire god asks Arjuna to surrender Gandiva, and the travellers then turn north after circling the western coast."
B17C002S01,B17C002,B17,1,198,230,5,321,"On the northward journey Draupadi falls, followed by Sahadeva and Nakula. Yudhishthira explains each fall by a fault, and Bhima keeps asking why."
B17C002S02,B17C002,B17,2,242,274,5,245,"Arjuna then falls, and Yudhishthira blames his boasting. Bhima falls next and begins to ask why, and the king walks on."
B17C002S03,B17C002,B17,3,277,292,4,98,"Bhima, still lying on the ground, asks the king why he has fallen. Yudhishthira says it is his greed and boasting, and he walks on with only the dog."
B17C003S01,B17C003,B17,1,302,335,5,297,"Shakra invites Yudhishthira to his chariot, and Yudhishthira refuses to go without his brothers and asks that the dog be allowed to come."
B17C003S02,B17C003,B17,2,343,386,5,531,"Shakra argues that dogs bar a man from heaven, and Yudhishthira refuses to abandon a devoted follower. The dog is revealed as Dharma, who praises Yudhishthira and recalls his earlier test at Dwaita."
B17C003S03,B17C003,B17,3,401,444,5,358,"The gods carry Yudhishthira up to heaven, where Narada praises him. He declines to stay and says he will go wherever his brothers and Draupadi are."
B17C003S04,B17C003,B17,4,448,456,3,5,"The title and author line of the Mahabharata, attributed to Krishna-Dwaipayana Vyasa."
B18C001S01,B18C001,B18,1,34,70,5,394,"Yudhishthira sees Duryodhana seated in glory in heaven, rejects sharing that place, and Narada reminds him that enmities end there."
B18C001S02,B18C001,B18,2,84,94,2,282,"Narada urges Yudhishthira to forget old wrongs and greet Duryodhana properly, and Yudhishthira asks where his fallen kin and allies are."
B18C002S01,B18C002,B18,1,118,188,5,734,"Yudhishthira says heaven is empty without his brothers and allies, and the gods agree to show him where they are."
B18C002S02,B18C002,B18,2,196,231,5,300,"The messenger leads Yudhishthira along a hellish path until he stops, and Yudhishthira, disgusted, starts to turn back."
B18C002S03,B18C002,B18,3,237,252,5,238,Pleading voices surround Yudhishthira and each names a dead hero or Draupadi.
B18C002S04,B18C002,B18,4,272,272,1,147,"Yudhishthira wonders what sin could have brought these righteous people to hell, then curses the gods and resolves to stay with them."
B18C003S01,B18C003,B18,1,292,380,5,1056,"The gods arrive and the hellish scene disappears. Indra and Dharma explain the hell vision was a test and an illusion, and Dharma praises his son."
B18C003S02,B18C003,B18,2,393,393,1,113,"Yudhishthira bathes in the Ganga, takes a celestial form, and goes on with the gods to the place where the heroes are."
B18C004S01,B18C004,B18,1,410,451,4,612,"Yudhishthira finds his kin and allies in heaven, and Indra explains the identity and place of each one he sees."
B18C005S01,B18C005,B18,1,478,550,5,763,"Janamejaya asks about the fate of the heroes, and Vaishampayana explains where each one went after death, then the snake sacrifice ends and Janamejaya returns home."
B18C005S02,B18C005,B18,2,561,617,5,617,"Sauti describes the work's composer, its purpose, and the merits of reciting or hearing it, including the reason for its name."
B18C005S03,B18C005,B18,3,630,646,2,301,"The narrator recalls Vyasa's verses on the transience of life and the eternity of righteousness, and closes with praise of the work."
B18C006S01,B18C006,B18,1,665,720,5,634,"Janamejaya asks about rites, rewards and gifts, and Vaishampayana introduces the work's scope, the merit of listening, and the gifts owed to honored persons and Brahmanas."
B18C006S02,B18C006,B18,2,735,773,5,285,"The manner of reciting is described, and the first four parvas of recitation each bring rewards equal to great sacrifices."
B18C006S03,B18C006,B18,3,777,818,5,446,"The fifth through tenth parvas bring richer heavenly rewards, with cars, Apsaras and time spent with the gods."
B18C006S04,B18C006,B18,4,832,873,5,350,"The listener's heavenly life and the gifts due to the reciter are described, followed by the first feasts to give at the early parvas."
B18C006S05,B18C006,B18,5,878,904,5,167,"The gifts for the parvas from Arani through Karna are listed, mostly food, robes, water pots and weapons."
B18C006S06,B18C006,B18,6,910,934,5,135,"The gifts for the parvas from Shalya through Asramvasika are listed, mostly food and gems."
B18C006S07,B18C006,B18,7,940,961,5,428,"The gifts for the last parvas are listed, followed by worship of the complete book and the final gifts and feasts."
B18C006S08,B18C006,B18,8,994,1058,5,642,"The closing praise says the work is sacred and leads to liberation and Vishnu, and the Svargarohanika parva and the whole work are declared complete."
B18C006S09,B18C006,B18,9,1067,1067,1,5,Project Gutenberg license notice appended to the file.
